comment_id,video_id,video_title,channel_title,author,comment_text,published_at,like_count,reply_count,service_category,ground_truth_sentiment
Ugx_CLARO_FI_00332,CLARO_FIBRA_2025,Claro Dominicana - Nueva Fibra Óptica Simétrica hasta 1000 Mbps,Claro República Dominicana,ramon_santos_sd_683,Aumentaron la tarifa del plan pospago sin avisar previamente por correo o SMS. Un abuso.,2025-06-15T12:11:51Z,1,0,Fibra Óptica e Internet Hogar,NEGATIVO
Ugx_CLARO_FI_00045,CLARO_FIBRA_2025,Claro Dominicana - Nueva Fibra Óptica Simétrica hasta 1000 Mbps,Claro República Dominicana,alex_dev_rd_957,"Los técnicos vinieron, no revisaron la caja exterior y dijeron que todo estaba bien. Sigo sin internet.",2025-06-15T15:52:34Z,0,1,Fibra Óptica e Internet Hogar,NEGATIVO
Ugx_CLARO_FI_00484,CLARO_FIBRA_2025,Claro Dominicana - Nueva Fibra Óptica Simétrica hasta 1000 Mbps,Claro República Dominicana,elena_gomez_rd_771,"La velocidad contratada de 100 megas nunca llega completa, apenas marca 30 en Speedtest.",2025-06-16T06:52:55Z,1,1,Fibra Óptica e Internet Hogar,NEGATIVO
Ugx_CLARO_FI_00956,CLARO_FIBRA_2025,Claro Dominicana - Nueva Fibra Óptica Simétrica hasta 1000 Mbps,Claro República Dominicana,carlos_m_rd_892,Me están facturando un paquete de canales que cancelé hace dos meses. Qué desastre.,2025-06-16T06:54:14Z,1,0,Fibra Óptica e Internet Hogar,NEGATIVO
Ugx_CLARO_FI_00567,CLARO_FIBRA_2025,Claro Dominicana - Nueva Fibra Óptica Simétrica hasta 1000 Mbps,Claro República Dominicana,pedro_perez_do_720,"Pésimo servicio al cliente, llevo 3 días esperando que me reparen una avería de internet en Herrera.",2025-06-18T10:28:27Z,0,1,Fibra Óptica e Internet Hogar,NEGATIVO
Ugx_CLARO_FI_00270,CLARO_FIBRA_2025,Claro Dominicana - Nueva Fibra Óptica Simétrica hasta 1000 Mbps,Claro República Dominicana,tecnico_rd23_433,El internet se cae todos los fines de semana por la noche. Muy inestable.,2025-06-18T14:01:33Z,1,0,Fibra Óptica e Internet Hogar,NEGATIVO
Ugx_CLARO_FI_00674,CLARO_FIBRA_2025,Claro Dominicana - Nueva Fibra Óptica Simétrica hasta 1000 Mbps,Claro República Dominicana,claudia_mella_508,"El router que instalan es malísimo, a 5 metros ya no llega la señal de Wi-Fi.",2025-06-19T05:44:37Z,5,0,Fibra Óptica e Internet Hogar,NEGATIVO
Ugx_CLARO_FI_01234,CLARO_FIBRA_2025,Claro Dominicana - Nueva Fibra Óptica Simétrica hasta 1000 Mbps,Claro República Dominicana,luis_almonte_sti_875,"El 5G en el Distrito Nacional vuela, me dio más de 450 Mbps de bajada en el test.",2025-06-19T09:22:23Z,0,1,Fibra Óptica e Internet Hogar,POSITIVO
Ugx_CLARO_FI_00424,CLARO_FIBRA_2025,Claro Dominicana - Nueva Fibra Óptica Simétrica hasta 1000 Mbps,Claro República Dominicana,laura_santiago_423,Esperando que extiendan la fibra óptica a la provincia de La Vega.,2025-06-19T23:47:18Z,0,0,Fibra Óptica e Internet Hogar,NEUTRO
Ugx_CLARO_FI_00392,CLARO_FIBRA_2025,Claro Dominicana - Nueva Fibra Óptica Simétrica hasta 1000 Mbps,Claro República Dominicana,luis_almonte_sti_519,Información sobre los requisitos para portabilidad numérica desde otra compañía por favor.,2025-06-21T05:05:40Z,0,7,Fibra Óptica e Internet Hogar,NEUTRO
Ugx_CLARO_FI_00265,CLARO_FIBRA_2025,Claro Dominicana - Nueva Fibra Óptica Simétrica hasta 1000 Mbps,Claro República Dominicana,luis_almonte_sti_289,"El router que instalan es malísimo, a 5 metros ya no llega la señal de Wi-Fi.",2025-06-22T11:52:58Z,1,1,Fibra Óptica e Internet Hogar,NEGATIVO
Ugx_CLARO_FI_00085,CLARO_FIBRA_2025,Claro Dominicana - Nueva Fibra Óptica Simétrica hasta 1000 Mbps,Claro República Dominicana,ana_valdez_sd_305,La app Mi Claro vive con errores y se cierra sola cuando voy a pagar la factura.,2025-06-23T10:36:15Z,1,0,Fibra Óptica e Internet Hogar,NEGATIVO
Ugx_CLARO_FI_00327,CLARO_FIBRA_2025,Claro Dominicana - Nueva Fibra Óptica Simétrica hasta 1000 Mbps,Claro República Dominicana,alex_dev_rd_832,"En la zona de Bávaro la señal 5G casi no entra, se queda en 3G o sin servicio a cada rato.",2025-06-24T06:30:56Z,0,2,Fibra Óptica e Internet Hogar,NEGATIVO
Ugx_CLARO_FI_00749,CLARO_FIBRA_2025,Claro Dominicana - Nueva Fibra Óptica Simétrica hasta 1000 Mbps,Claro República Dominicana,carlos_m_rd_191,Aumentaron la tarifa del plan pospago sin avisar previamente por correo o SMS. Un abuso.,2025-06-24T16:44:08Z,5,0,Fibra Óptica e Internet Hogar,NEGATIVO
Ugx_CLARO_FI_00247,CLARO_FIBRA_2025,Claro Dominicana - Nueva Fibra Óptica Simétrica hasta 1000 Mbps,Claro República Dominicana,gabriel_tech_84,"Muy satisfecho con la atención en la sucursal de Blue Mall, me atendieron con mucha amabilidad.",2025-06-25T13:43:56Z,0,0,Fibra Óptica e Internet Hogar,POSITIVO
Ugx_CLARO_FI_00768,CLARO_FIBRA_2025,Claro Dominicana - Nueva Fibra Óptica Simétrica hasta 1000 Mbps,Claro República Dominicana,elena_gomez_rd_507,"El router que instalan es malísimo, a 5 metros ya no llega la señal de Wi-Fi.",2025-06-25T23:27:28Z,0,1,Fibra Óptica e Internet Hogar,NEGATIVO
Ugx_CLARO_FI_00604,CLARO_FIBRA_2025,Claro Dominicana - Nueva Fibra Óptica Simétrica hasta 1000 Mbps,Claro República Dominicana,pedro_perez_do_368,"El 5G en el Distrito Nacional vuela, me dio más de 450 Mbps de bajada en el test.",2025-06-26T15:04:29Z,3,0,Fibra Óptica e Internet Hogar,POSITIVO
Ugx_CLARO_FI_00615,CLARO_FIBRA_2025,Claro Dominicana - Nueva Fibra Óptica Simétrica hasta 1000 Mbps,Claro República Dominicana,laura_santiago_543,Para mí es la empresa de telecomunicaciones más seria de República Dominicana. Servicio de calidad.,2025-06-26T16:59:54Z,8,1,Fibra Óptica e Internet Hogar,POSITIVO
Ugx_CLARO_FI_00802,CLARO_FIBRA_2025,Claro Dominicana - Nueva Fibra Óptica Simétrica hasta 1000 Mbps,Claro República Dominicana,ramon_santos_sd_669,"Felicidades a Claro, el soporte telefónico me resolvió un cambio de clave de router súper rápido.",2025-06-27T07:41:44Z,0,0,Fibra Óptica e Internet Hogar,POSITIVO
Ugx_CLARO_FI_00856,CLARO_FIBRA_2025,Claro Dominicana - Nueva Fibra Óptica Simétrica hasta 1000 Mbps,Claro República Dominicana,patricia_reyes_544,"La cobertura de Claro en carretera y pueblos es la mejor del país por mucho, ninguna otra compañía llega allá.",2025-06-28T21:00:09Z,0,0,Fibra Óptica e Internet Hogar,POSITIVO
Ugx_CLARO_FI_00835,CLARO_FIBRA_2025,Claro Dominicana - Nueva Fibra Óptica Simétrica hasta 1000 Mbps,Claro República Dominicana,maria_jimenez_c_787,Aumentaron la tarifa del plan pospago sin avisar previamente por correo o SMS. Un abuso.,2025-06-30T15:48:14Z,1,0,Fibra Óptica e Internet Hogar,NEGATIVO
Ugx_CLARO_FI_00742,CLARO_FIBRA_2025,Claro Dominicana - Nueva Fibra Óptica Simétrica hasta 1000 Mbps,Claro República Dominicana,pedro_perez_do_213,La app Mi Claro vive con errores y se cierra sola cuando voy a pagar la factura.,2025-07-01T06:08:34Z,1,0,Fibra Óptica e Internet Hogar,NEGATIVO
Ugx_CLARO_FI_00583,CLARO_FIBRA_2025,Claro Dominicana - Nueva Fibra Óptica Simétrica hasta 1000 Mbps,Claro República Dominicana,jose_gaming_rd_959,¿A qué número se puede consultar el balance disponible de paqueticos por mensaje?,2025-07-01T07:26:52Z,0,3,Fibra Óptica e Internet Hogar,NEUTRO
Ugx_CLARO_FI_00118,CLARO_FIBRA_2025,Claro Dominicana - Nueva Fibra Óptica Simétrica hasta 1000 Mbps,Claro República Dominicana,luis_almonte_sti_853,"Excelente promoción de paqueticos libres, rinden bastante bien en la semana.",2025-07-01T23:34:49Z,0,0,Fibra Óptica e Internet Hogar,POSITIVO
Ugx_CLARO_FI_01091,CLARO_FIBRA_2025,Claro Dominicana - Nueva Fibra Óptica Simétrica hasta 1000 Mbps,Claro República Dominicana,tecnico_rd23_600,"Felicidades a Claro, el soporte telefónico me resolvió un cambio de clave de router súper rápido.",2025-07-02T05:52:44Z,0,0,Fibra Óptica e Internet Hogar,POSITIVO
Ugx_CLARO_FI_00329,CLARO_FIBRA_2025,Claro Dominicana - Nueva Fibra Óptica Simétrica hasta 1000 Mbps,Claro República Dominicana,claudia_mella_486,"El router que instalan es malísimo, a 5 metros ya no llega la señal de Wi-Fi.",2025-07-02T14:35:50Z,1,1,Fibra Óptica e Internet Hogar,NEGATIVO
Ugx_CLARO_FI_01210,CLARO_FIBRA_2025,Claro Dominicana - Nueva Fibra Óptica Simétrica hasta 1000 Mbps,Claro República Dominicana,maria_jimenez_c_622,El internet se cae todos los fines de semana por la noche. Muy inestable.,2025-07-03T12:35:30Z,5,0,Fibra Óptica e Internet Hogar,NEGATIVO
Ugx_CLARO_FI_00663,CLARO_FIBRA_2025,Claro Dominicana - Nueva Fibra Óptica Simétrica hasta 1000 Mbps,Claro República Dominicana,gabriel_tech_480,Tenía problemas de cobertura con otra telefónica y me cambié a Claro. Santo remedio.,2025-07-05T12:22:52Z,0,1,Fibra Óptica e Internet Hogar,POSITIVO
Ugx_CLARO_FI_01058,CLARO_FIBRA_2025,Claro Dominicana - Nueva Fibra Óptica Simétrica hasta 1000 Mbps,Claro República Dominicana,tecnico_rd23_156,Tenía problemas de cobertura con otra telefónica y me cambié a Claro. Santo remedio.,2025-07-06T09:02:30Z,8,2,Fibra Óptica e Internet Hogar,POSITIVO
Ugx_CLARO_FI_00562,CLARO_FIBRA_2025,Claro Dominicana - Nueva Fibra Óptica Simétrica hasta 1000 Mbps,Claro República Dominicana,maria_jimenez_c_523,"El roaming en Estados Unidos me funcionó perfecto, sin cobros raros ni sorpresas en la factura.",2025-07-06T09:33:33Z,0,0,Fibra Óptica e Internet Hogar,POSITIVO
Ugx_CLARO_FI_01050,CLARO_FIBRA_2025,Claro Dominicana - Nueva Fibra Óptica Simétrica hasta 1000 Mbps,Claro República Dominicana,elena_gomez_rd_915,Tenía problemas de cobertura con otra telefónica y me cambié a Claro. Santo remedio.,2025-07-06T11:49:00Z,1,0,Fibra Óptica e Internet Hogar,POSITIVO
Ugx_CLARO_FI_00597,CLARO_FIBRA_2025,Claro Dominicana - Nueva Fibra Óptica Simétrica hasta 1000 Mbps,Claro República Dominicana,carlos_m_rd_121,"Pésimo servicio al cliente, llevo 3 días esperando que me reparen una avería de internet en Herrera.",2025-07-07T12:03:19Z,2,0,Fibra Óptica e Internet Hogar,NEGATIVO
Ugx_CLARO_FI_00146,CLARO_FIBRA_2025,Claro Dominicana - Nueva Fibra Óptica Simétrica hasta 1000 Mbps,Claro República Dominicana,maria_jimenez_c_874,Aumentaron la tarifa del plan pospago sin avisar previamente por correo o SMS. Un abuso.,2025-07-07T13:10:28Z,0,0,Fibra Óptica e Internet Hogar,NEGATIVO
Ugx_CLARO_FI_00343,CLARO_FIBRA_2025,Claro Dominicana - Nueva Fibra Óptica Simétrica hasta 1000 Mbps,Claro República Dominicana,claudia_mella_877,¿El servicio de 5G requiere cambiar la tarjeta SIM o sirve la misma USIM 4G?,2025-07-08T04:41:20Z,1,1,Fibra Óptica e Internet Hogar,NEUTRO
Ugx_CLARO_FI_01024,CLARO_FIBRA_2025,Claro Dominicana - Nueva Fibra Óptica Simétrica hasta 1000 Mbps,Claro República Dominicana,maria_jimenez_c_513,Me están facturando un paquete de canales que cancelé hace dos meses. Qué desastre.,2025-07-10T00:19:21Z,0,0,Fibra Óptica e Internet Hogar,NEGATIVO
Ugx_CLARO_FI_00023,CLARO_FIBRA_2025,Claro Dominicana - Nueva Fibra Óptica Simétrica hasta 1000 Mbps,Claro República Dominicana,carlos_m_rd_422,"Muy buena actualización de la app Mi Claro, ahora puedo pagar con tarjeta y se refleja de una vez.",2025-07-10T01:58:20Z,0,0,Fibra Óptica e Internet Hogar,POSITIVO
Ugx_CLARO_FI_01211,CLARO_FIBRA_2025,Claro Dominicana - Nueva Fibra Óptica Simétrica hasta 1000 Mbps,Claro República Dominicana,carlos_m_rd_518,Esperando que extiendan la fibra óptica a la provincia de La Vega.,2025-07-11T01:31:11Z,1,0,Fibra Óptica e Internet Hogar,NEUTRO
Ugx_CLARO_FI_00828,CLARO_FIBRA_2025,Claro Dominicana - Nueva Fibra Óptica Simétrica hasta 1000 Mbps,Claro República Dominicana,elena_gomez_rd_61,¿El roaming sin fronteras incluye llamadas locales dentro del país de destino?,2025-07-11T18:45:52Z,0,2,Fibra Óptica e Internet Hogar,NEUTRO
Ugx_CLARO_FI_00732,CLARO_FIBRA_2025,Claro Dominicana - Nueva Fibra Óptica Simétrica hasta 1000 Mbps,Claro República Dominicana,carlos_m_rd_822,"En la zona de Bávaro la señal 5G casi no entra, se queda en 3G o sin servicio a cada rato.",2025-07-12T07:08:56Z,2,0,Fibra Óptica e Internet Hogar,NEGATIVO
Ugx_CLARO_FI_00545,CLARO_FIBRA_2025,Claro Dominicana - Nueva Fibra Óptica Simétrica hasta 1000 Mbps,Claro República Dominicana,juan_bavaro_206,"Buenas tardes, quisiera saber el precio actual del plan de 500 megas de fibra.",2025-07-12T07:21:26Z,0,0,Fibra Óptica e Internet Hogar,NEUTRO
Ugx_CLARO_FI_00770,CLARO_FIBRA_2025,Claro Dominicana - Nueva Fibra Óptica Simétrica hasta 1000 Mbps,Claro República Dominicana,patricia_reyes_762,"Es una pesadilla cancelar una línea fija, te ponen mil trabas y trámites innecesarios.",2025-07-13T08:35:38Z,2,0,Fibra Óptica e Internet Hogar,NEGATIVO
Ugx_CLARO_FI_01139,CLARO_FIBRA_2025,Claro Dominicana - Nueva Fibra Óptica Simétrica hasta 1000 Mbps,Claro República Dominicana,laura_santiago_473,Esperando que extiendan la fibra óptica a la provincia de La Vega.,2025-07-15T15:20:12Z,0,0,Fibra Óptica e Internet Hogar,NEUTRO
Ugx_CLARO_FI_00096,CLARO_FIBRA_2025,Claro Dominicana - Nueva Fibra Óptica Simétrica hasta 1000 Mbps,Claro República Dominicana,luis_almonte_sti_862,"La cobertura de Claro en carretera y pueblos es la mejor del país por mucho, ninguna otra compañía llega allá.",2025-07-15T16:48:02Z,0,0,Fibra Óptica e Internet Hogar,POSITIVO
Ugx_CLARO_FI_01187,CLARO_FIBRA_2025,Claro Dominicana - Nueva Fibra Óptica Simétrica hasta 1000 Mbps,Claro República Dominicana,tecnico_rd23_424,"Muy satisfecho con la atención en la sucursal de Blue Mall, me atendieron con mucha amabilidad.",2025-07-16T02:01:34Z,1,0,Fibra Óptica e Internet Hogar,POSITIVO
Ugx_CLARO_FI_00968,CLARO_FIBRA_2025,Claro Dominicana - Nueva Fibra Óptica Simétrica hasta 1000 Mbps,Claro República Dominicana,tecnico_rd23_75,"Buenas tardes, quisiera saber el precio actual del plan de 500 megas de fibra.",2025-07-16T13:45:09Z,0,0,Fibra Óptica e Internet Hogar,NEUTRO
Ugx_CLARO_FI_00460,CLARO_FIBRA_2025,Claro Dominicana - Nueva Fibra Óptica Simétrica hasta 1000 Mbps,Claro República Dominicana,luis_almonte_sti_681,"Los técnicos vinieron, no revisaron la caja exterior y dijeron que todo estaba bien. Sigo sin internet.",2025-07-17T13:00:10Z,1,0,Fibra Óptica e Internet Hogar,NEGATIVO
Ugx_CLARO_FI_00990,CLARO_FIBRA_2025,Claro Dominicana - Nueva Fibra Óptica Simétrica hasta 1000 Mbps,Claro República Dominicana,juan_bavaro_722,¿En qué horario labora la sucursal de la 27 de Febrero los sábados?,2025-07-20T21:00:49Z,0,0,Fibra Óptica e Internet Hogar,NEUTRO
Ugx_CLARO_FI_00816,CLARO_FIBRA_2025,Claro Dominicana - Nueva Fibra Óptica Simétrica hasta 1000 Mbps,Claro República Dominicana,luis_almonte_sti_257,¿El servicio de 5G requiere cambiar la tarjeta SIM o sirve la misma USIM 4G?,2025-07-22T17:31:00Z,1,0,Fibra Óptica e Internet Hogar,NEUTRO
Ugx_CLARO_FI_01104,CLARO_FIBRA_2025,Claro Dominicana - Nueva Fibra Óptica Simétrica hasta 1000 Mbps,Claro República Dominicana,pedro_perez_do_690,La señal no se corta ni cuando hay tormenta en Santo Domingo Este. Sigan así.,2025-07-22T21:03:43Z,1,7,Fibra Óptica e Internet Hogar,POSITIVO
Ugx_CLARO_FI_00609,CLARO_FIBRA_2025,Claro Dominicana - Nueva Fibra Óptica Simétrica hasta 1000 Mbps,Claro República Dominicana,tecnico_rd23_870,"Muy mal soporte técnico por WhatsApp, un bot que repite lo mismo y no transfiere a un humano.",2025-07-23T02:24:38Z,0,0,Fibra Óptica e Internet Hogar,NEGATIVO
Ugx_CLARO_FI_00629,CLARO_FIBRA_2025,Claro Dominicana - Nueva Fibra Óptica Simétrica hasta 1000 Mbps,Claro República Dominicana,juan_bavaro_554,"Es una pesadilla cancelar una línea fija, te ponen mil trabas y trámites innecesarios.",2025-07-23T05:20:31Z,0,0,Fibra Óptica e Internet Hogar,NEGATIVO
Ugx_CLARO_FI_00101,CLARO_FIBRA_2025,Claro Dominicana - Nueva Fibra Óptica Simétrica hasta 1000 Mbps,Claro República Dominicana,juan_bavaro_997,"En la zona de Bávaro la señal 5G casi no entra, se queda en 3G o sin servicio a cada rato.",2025-07-23T14:03:24Z,2,0,Fibra Óptica e Internet Hogar,NEGATIVO
Ugx_CLARO_FI_00480,CLARO_FIBRA_2025,Claro Dominicana - Nueva Fibra Óptica Simétrica hasta 1000 Mbps,Claro República Dominicana,patricia_reyes_108,Cobran carísimo por megas adicionales y los paqueticos se consumen demasiado rápido.,2025-07-23T15:17:03Z,5,0,Fibra Óptica e Internet Hogar,NEGATIVO
Ugx_CLARO_FI_00700,CLARO_FIBRA_2025,Claro Dominicana - Nueva Fibra Óptica Simétrica hasta 1000 Mbps,Claro República Dominicana,gabriel_tech_219,Dicen que es fibra simétrica pero el ping sube a 200ms en las noches en San Cristóbal. Muy lento.,2025-07-23T18:04:14Z,0,0,Fibra Óptica e Internet Hogar,NEGATIVO
Ugx_CLARO_FI_00860,CLARO_FIBRA_2025,Claro Dominicana - Nueva Fibra Óptica Simétrica hasta 1000 Mbps,Claro República Dominicana,tecnico_rd23_985,Llevo 8 años con Claro y la estabilidad del internet para trabajar remoto es incomparable.,2025-07-24T03:15:47Z,0,0,Fibra Óptica e Internet Hogar,POSITIVO
Ugx_CLARO_FI_00935,CLARO_FIBRA_2025,Claro Dominicana - Nueva Fibra Óptica Simétrica hasta 1000 Mbps,Claro República Dominicana,juan_bavaro_376,El ping en juegos online como Valorant y Warzone me bajó a 35ms con la fibra. Nítido todo.,2025-07-24T09:56:55Z,0,0,Fibra Óptica e Internet Hogar,POSITIVO
Ugx_CLARO_FI_00400,CLARO_FIBRA_2025,Claro Dominicana - Nueva Fibra Óptica Simétrica hasta 1000 Mbps,Claro República Dominicana,juan_bavaro_814,Dicen que es fibra simétrica pero el ping sube a 200ms en las noches en San Cristóbal. Muy lento.,2025-07-25T20:58:54Z,0,1,Fibra Óptica e Internet Hogar,NEGATIVO
Ugx_CLARO_FI_00673,CLARO_FIBRA_2025,Claro Dominicana - Nueva Fibra Óptica Simétrica hasta 1000 Mbps,Claro República Dominicana,juan_bavaro_259,"El router que instalan es malísimo, a 5 metros ya no llega la señal de Wi-Fi.",2025-07-27T20:08:56Z,1,2,Fibra Óptica e Internet Hogar,NEGATIVO
Ugx_CLARO_FI_00468,CLARO_FIBRA_2025,Claro Dominicana - Nueva Fibra Óptica Simétrica hasta 1000 Mbps,Claro República Dominicana,ramon_santos_sd_536,Cobran carísimo por megas adicionales y los paqueticos se consumen demasiado rápido.,2025-07-27T22:21:22Z,0,0,Fibra Óptica e Internet Hogar,NEGATIVO
Ugx_CLARO_FI_00657,CLARO_FIBRA_2025,Claro Dominicana - Nueva Fibra Óptica Simétrica hasta 1000 Mbps,Claro República Dominicana,juan_bavaro_81,Aumentaron la tarifa del plan pospago sin avisar previamente por correo o SMS. Un abuso.,2025-07-30T09:38:10Z,45,0,Fibra Óptica e Internet Hogar,NEGATIVO
Ugx_CLARO_FI_01075,CLARO_FIBRA_2025,Claro Dominicana - Nueva Fibra Óptica Simétrica hasta 1000 Mbps,Claro República Dominicana,juan_bavaro_771,"Pésimo servicio al cliente, llevo 3 días esperando que me reparen una avería de internet en Herrera.",2025-07-31T05:27:03Z,1,0,Fibra Óptica e Internet Hogar,NEGATIVO
Ugx_CLARO_FI_00024,CLARO_FIBRA_2025,Claro Dominicana - Nueva Fibra Óptica Simétrica hasta 1000 Mbps,Claro República Dominicana,tecnico_rd23_483,Llamar al 107 es perder una hora de la vida escuchando una música y nadie resuelve.,2025-07-31T15:21:36Z,1,0,Fibra Óptica e Internet Hogar,NEGATIVO
Ugx_CLARO_FI_01157,CLARO_FIBRA_2025,Claro Dominicana - Nueva Fibra Óptica Simétrica hasta 1000 Mbps,Claro República Dominicana,maria_jimenez_c_190,"El roaming en Estados Unidos me funcionó perfecto, sin cobros raros ni sorpresas en la factura.",2025-08-02T10:42:15Z,8,0,Fibra Óptica e Internet Hogar,POSITIVO
Ugx_CLARO_FI_00397,CLARO_FIBRA_2025,Claro Dominicana - Nueva Fibra Óptica Simétrica hasta 1000 Mbps,Claro República Dominicana,alex_dev_rd_132,Información sobre los requisitos para portabilidad numérica desde otra compañía por favor.,2025-08-03T17:11:34Z,0,1,Fibra Óptica e Internet Hogar,NEUTRO
Ugx_CLARO_FI_00682,CLARO_FIBRA_2025,Claro Dominicana - Nueva Fibra Óptica Simétrica hasta 1000 Mbps,Claro República Dominicana,elena_gomez_rd_703,Llamar al 107 es perder una hora de la vida escuchando una música y nadie resuelve.,2025-08-04T15:15:27Z,2,2,Fibra Óptica e Internet Hogar,NEGATIVO
Ugx_CLARO_FI_00273,CLARO_FIBRA_2025,Claro Dominicana - Nueva Fibra Óptica Simétrica hasta 1000 Mbps,Claro República Dominicana,juan_bavaro_119,Llamar al 107 es perder una hora de la vida escuchando una música y nadie resuelve.,2025-08-04T21:37:11Z,2,0,Fibra Óptica e Internet Hogar,NEGATIVO
Ugx_CLARO_FI_00437,CLARO_FIBRA_2025,Claro Dominicana - Nueva Fibra Óptica Simétrica hasta 1000 Mbps,Claro República Dominicana,tecnico_rd23_778,"Excelente servicio con la fibra óptica simétrica, tengo 300 megas en Santiago y nunca se cae.",2025-08-05T02:03:39Z,0,1,Fibra Óptica e Internet Hogar,POSITIVO
Ugx_CLARO_FI_01097,CLARO_FIBRA_2025,Claro Dominicana - Nueva Fibra Óptica Simétrica hasta 1000 Mbps,Claro República Dominicana,maria_jimenez_c_346,Me están facturando un paquete de canales que cancelé hace dos meses. Qué desastre.,2025-08-05T15:46:09Z,0,0,Fibra Óptica e Internet Hogar,NEGATIVO
Ugx_CLARO_FI_00747,CLARO_FIBRA_2025,Claro Dominicana - Nueva Fibra Óptica Simétrica hasta 1000 Mbps,Claro República Dominicana,tecnico_rd23_687,Tenía problemas de cobertura con otra telefónica y me cambié a Claro. Santo remedio.,2025-08-05T16:58:02Z,3,0,Fibra Óptica e Internet Hogar,POSITIVO
Ugx_CLARO_FI_00600,CLARO_FIBRA_2025,Claro Dominicana - Nueva Fibra Óptica Simétrica hasta 1000 Mbps,Claro República Dominicana,elena_gomez_rd_224,Llevo 8 años con Claro y la estabilidad del internet para trabajar remoto es incomparable.,2025-08-07T19:06:06Z,0,0,Fibra Óptica e Internet Hogar,POSITIVO
Ugx_CLARO_FI_00032,CLARO_FIBRA_2025,Claro Dominicana - Nueva Fibra Óptica Simétrica hasta 1000 Mbps,Claro República Dominicana,alex_dev_rd_281,Para mí es la empresa de telecomunicaciones más seria de República Dominicana. Servicio de calidad.,2025-08-08T19:34:28Z,32,0,Fibra Óptica e Internet Hogar,POSITIVO
Ugx_CLARO_FI_00535,CLARO_FIBRA_2025,Claro Dominicana - Nueva Fibra Óptica Simétrica hasta 1000 Mbps,Claro República Dominicana,laura_santiago_251,"Muy mal soporte técnico por WhatsApp, un bot que repite lo mismo y no transfiere a un humano.",2025-08-09T01:53:47Z,0,0,Fibra Óptica e Internet Hogar,NEGATIVO
Ugx_CLARO_FI_00678,CLARO_FIBRA_2025,Claro Dominicana - Nueva Fibra Óptica Simétrica hasta 1000 Mbps,Claro República Dominicana,juan_bavaro_798,"Muy satisfecho con la atención en la sucursal de Blue Mall, me atendieron con mucha amabilidad.",2025-08-10T18:28:44Z,3,0,Fibra Óptica e Internet Hogar,POSITIVO
Ugx_CLARO_FI_00020,CLARO_FIBRA_2025,Claro Dominicana - Nueva Fibra Óptica Simétrica hasta 1000 Mbps,Claro República Dominicana,carlos_m_rd_82,El internet se cae todos los fines de semana por la noche. Muy inestable.,2025-08-10T21:25:28Z,0,0,Fibra Óptica e Internet Hogar,NEGATIVO
Ugx_CLARO_FI_01159,CLARO_FIBRA_2025,Claro Dominicana - Nueva Fibra Óptica Simétrica hasta 1000 Mbps,Claro República Dominicana,claudia_mella_645,"El 5G en el Distrito Nacional vuela, me dio más de 450 Mbps de bajada en el test.",2025-08-11T10:01:45Z,0,0,Fibra Óptica e Internet Hogar,POSITIVO
Ugx_CLARO_FI_00948,CLARO_FIBRA_2025,Claro Dominicana - Nueva Fibra Óptica Simétrica hasta 1000 Mbps,Claro República Dominicana,gabriel_tech_760,El ping en juegos online como Valorant y Warzone me bajó a 35ms con la fibra. Nítido todo.,2025-08-12T00:51:45Z,1,0,Fibra Óptica e Internet Hogar,POSITIVO
Ugx_CLARO_FI_00089,CLARO_FIBRA_2025,Claro Dominicana - Nueva Fibra Óptica Simétrica hasta 1000 Mbps,Claro República Dominicana,luis_almonte_sti_866,Tengo una duda con respecto al contrato de permanencia mínima de 18 meses.,2025-08-12T03:19:30Z,0,1,Fibra Óptica e Internet Hogar,NEUTRO
Ugx_CLARO_FI_00255,CLARO_FIBRA_2025,Claro Dominicana - Nueva Fibra Óptica Simétrica hasta 1000 Mbps,Claro República Dominicana,laura_santiago_734,¿Cuándo estará disponible la cobertura de fibra óptica en la Urbanización Real?,2025-08-13T05:00:21Z,1,0,Fibra Óptica e Internet Hogar,NEUTRO
Ugx_CLARO_FI_01035,CLARO_FIBRA_2025,Claro Dominicana - Nueva Fibra Óptica Simétrica hasta 1000 Mbps,Claro República Dominicana,ana_valdez_sd_354,¿A qué número se puede consultar el balance disponible de paqueticos por mensaje?,2025-08-13T23:03:29Z,0,0,Fibra Óptica e Internet Hogar,NEUTRO
Ugx_CLARO_FI_00884,CLARO_FIBRA_2025,Claro Dominicana - Nueva Fibra Óptica Simétrica hasta 1000 Mbps,Claro República Dominicana,laura_santiago_494,Buen ancho de banda y la subida simétrica me ayuda un mundo para subir videos a YouTube.,2025-08-17T09:07:01Z,0,0,Fibra Óptica e Internet Hogar,POSITIVO
Ugx_CLARO_FI_01092,CLARO_FIBRA_2025,Claro Dominicana - Nueva Fibra Óptica Simétrica hasta 1000 Mbps,Claro República Dominicana,ramon_santos_sd_907,Me están facturando un paquete de canales que cancelé hace dos meses. Qué desastre.,2025-08-19T17:13:51Z,2,0,Fibra Óptica e Internet Hogar,NEGATIVO
Ugx_CLARO_FI_01123,CLARO_FIBRA_2025,Claro Dominicana - Nueva Fibra Óptica Simétrica hasta 1000 Mbps,Claro República Dominicana,claudia_mella_194,Para mí es la empresa de telecomunicaciones más seria de República Dominicana. Servicio de calidad.,2025-08-21T10:17:02Z,0,0,Fibra Óptica e Internet Hogar,POSITIVO
Ugx_CLARO_FI_00338,CLARO_FIBRA_2025,Claro Dominicana - Nueva Fibra Óptica Simétrica hasta 1000 Mbps,Claro República Dominicana,gabriel_tech_132,Buen ancho de banda y la subida simétrica me ayuda un mundo para subir videos a YouTube.,2025-08-21T16:52:11Z,0,0,Fibra Óptica e Internet Hogar,POSITIVO
Ugx_CLARO_5G_01145,CLARO_5G_RD,La Red 5G Más Rápida y de Mayor Cobertura del País | Claro RD,Claro República Dominicana,claudia_mella_714,Llamar al 107 es perder una hora de la vida escuchando una música y nadie resuelve.,2025-08-21T19:34:18Z,2,1,Red Móvil y Cobertura 5G,NEGATIVO
Ugx_CLARO_FI_00267,CLARO_FIBRA_2025,Claro Dominicana - Nueva Fibra Óptica Simétrica hasta 1000 Mbps,Claro República Dominicana,jose_gaming_rd_399,¿En qué horario labora la sucursal de la 27 de Febrero los sábados?,2025-08-22T02:59:12Z,1,0,Fibra Óptica e Internet Hogar,NEUTRO
Ugx_CLARO_FI_00801,CLARO_FIBRA_2025,Claro Dominicana - Nueva Fibra Óptica Simétrica hasta 1000 Mbps,Claro República Dominicana,patricia_reyes_683,"El roaming en Estados Unidos me funcionó perfecto, sin cobros raros ni sorpresas en la factura.",2025-08-22T22:52:39Z,1,0,Fibra Óptica e Internet Hogar,POSITIVO
Ugx_CLARO_5G_00570,CLARO_5G_RD,La Red 5G Más Rápida y de Mayor Cobertura del País | Claro RD,Claro República Dominicana,laura_santiago_407,Información sobre los requisitos para portabilidad numérica desde otra compañía por favor.,2025-08-22T23:50:20Z,0,0,Red Móvil y Cobertura 5G,NEUTRO
Ugx_CLARO_FI_00141,CLARO_FIBRA_2025,Claro Dominicana - Nueva Fibra Óptica Simétrica hasta 1000 Mbps,Claro República Dominicana,ana_valdez_sd_783,"Muy mal soporte técnico por WhatsApp, un bot que repite lo mismo y no transfiere a un humano.",2025-08-23T15:04:47Z,1,0,Fibra Óptica e Internet Hogar,NEGATIVO
Ugx_CLARO_5G_00465,CLARO_5G_RD,La Red 5G Más Rápida y de Mayor Cobertura del País | Claro RD,Claro República Dominicana,gabriel_tech_529,¿El servicio de 5G requiere cambiar la tarjeta SIM o sirve la misma USIM 4G?,2025-08-24T02:44:42Z,0,0,Red Móvil y Cobertura 5G,NEUTRO
Ugx_CLARO_5G_00402,CLARO_5G_RD,La Red 5G Más Rápida y de Mayor Cobertura del País | Claro RD,Claro República Dominicana,luis_almonte_sti_14,"Excelente servicio con la fibra óptica simétrica, tengo 300 megas en Santiago y nunca se cae.",2025-08-24T06:56:19Z,8,0,Red Móvil y Cobertura 5G,POSITIVO
Ugx_CLARO_FI_01009,CLARO_FIBRA_2025,Claro Dominicana - Nueva Fibra Óptica Simétrica hasta 1000 Mbps,Claro República Dominicana,carlos_m_rd_110,Aumentaron la tarifa del plan pospago sin avisar previamente por correo o SMS. Un abuso.,2025-08-24T08:13:11Z,2,0,Fibra Óptica e Internet Hogar,NEGATIVO
Ugx_CLARO_5G_00256,CLARO_5G_RD,La Red 5G Más Rápida y de Mayor Cobertura del País | Claro RD,Claro República Dominicana,carlos_m_rd_554,"Muy buena actualización de la app Mi Claro, ahora puedo pagar con tarjeta y se refleja de una vez.",2025-08-24T17:45:44Z,0,0,Red Móvil y Cobertura 5G,POSITIVO
Ugx_CLARO_FI_00471,CLARO_FIBRA_2025,Claro Dominicana - Nueva Fibra Óptica Simétrica hasta 1000 Mbps,Claro República Dominicana,gabriel_tech_769,"Muy mal soporte técnico por WhatsApp, un bot que repite lo mismo y no transfiere a un humano.",2025-08-24T23:04:02Z,0,0,Fibra Óptica e Internet Hogar,NEGATIVO
Ugx_CLARO_5G_00324,CLARO_5G_RD,La Red 5G Más Rápida y de Mayor Cobertura del País | Claro RD,Claro República Dominicana,pedro_perez_do_836,Me están facturando un paquete de canales que cancelé hace dos meses. Qué desastre.,2025-08-27T04:17:53Z,2,0,Red Móvil y Cobertura 5G,NEGATIVO
Ugx_CLARO_FI_00524,CLARO_FIBRA_2025,Claro Dominicana - Nueva Fibra Óptica Simétrica hasta 1000 Mbps,Claro República Dominicana,juan_bavaro_557,"Es una pesadilla cancelar una línea fija, te ponen mil trabas y trámites innecesarios.",2025-08-27T12:31:13Z,2,0,Fibra Óptica e Internet Hogar,NEGATIVO
Ugx_CLARO_FI_00601,CLARO_FIBRA_2025,Claro Dominicana - Nueva Fibra Óptica Simétrica hasta 1000 Mbps,Claro República Dominicana,maria_jimenez_c_633,Tenía problemas de cobertura con otra telefónica y me cambié a Claro. Santo remedio.,2025-08-27T17:36:34Z,1,1,Fibra Óptica e Internet Hogar,POSITIVO
Ugx_CLARO_FI_00436,CLARO_FIBRA_2025,Claro Dominicana - Nueva Fibra Óptica Simétrica hasta 1000 Mbps,Claro República Dominicana,claudia_mella_877,"Excelente promoción de paqueticos libres, rinden bastante bien en la semana.",2025-08-27T19:26:19Z,0,0,Fibra Óptica e Internet Hogar,POSITIVO
Ugx_CLARO_FI_00691,CLARO_FIBRA_2025,Claro Dominicana - Nueva Fibra Óptica Simétrica hasta 1000 Mbps,Claro República Dominicana,ana_valdez_sd_673,El ping en juegos online como Valorant y Warzone me bajó a 35ms con la fibra. Nítido todo.,2025-08-29T13:02:56Z,8,7,Fibra Óptica e Internet Hogar,POSITIVO
Ugx_CLARO_5G_00092,CLARO_5G_RD,La Red 5G Más Rápida y de Mayor Cobertura del País | Claro RD,Claro República Dominicana,juan_bavaro_100,Me están facturando un paquete de canales que cancelé hace dos meses. Qué desastre.,2025-08-29T20:01:42Z,1,0,Red Móvil y Cobertura 5G,NEGATIVO
Ugx_CLARO_FI_00759,CLARO_FIBRA_2025,Claro Dominicana - Nueva Fibra Óptica Simétrica hasta 1000 Mbps,Claro República Dominicana,patricia_reyes_421,¿El roaming sin fronteras incluye llamadas locales dentro del país de destino?,2025-08-30T01:43:50Z,0,1,Fibra Óptica e Internet Hogar,NEUTRO
Ugx_CLARO_FI_00263,CLARO_FIBRA_2025,Claro Dominicana - Nueva Fibra Óptica Simétrica hasta 1000 Mbps,Claro República Dominicana,jose_gaming_rd_587,Información sobre los requisitos para portabilidad numérica desde otra compañía por favor.,2025-08-30T02:48:04Z,0,0,Fibra Óptica e Internet Hogar,NEUTRO
Ugx_CLARO_5G_00051,CLARO_5G_RD,La Red 5G Más Rápida y de Mayor Cobertura del País | Claro RD,Claro República Dominicana,ana_valdez_sd_496,"El 5G en el Distrito Nacional vuela, me dio más de 450 Mbps de bajada en el test.",2025-08-31T00:53:21Z,3,0,Red Móvil y Cobertura 5G,POSITIVO
Ugx_CLARO_5G_01205,CLARO_5G_RD,La Red 5G Más Rápida y de Mayor Cobertura del País | Claro RD,Claro República Dominicana,patricia_reyes_563,¿En qué horario labora la sucursal de la 27 de Febrero los sábados?,2025-09-02T08:23:41Z,0,0,Red Móvil y Cobertura 5G,NEUTRO
Ugx_CLARO_FI_01084,CLARO_FIBRA_2025,Claro Dominicana - Nueva Fibra Óptica Simétrica hasta 1000 Mbps,Claro República Dominicana,ramon_santos_sd_410,¿En qué horario labora la sucursal de la 27 de Febrero los sábados?,2025-09-03T07:05:43Z,2,0,Fibra Óptica e Internet Hogar,NEUTRO
Ugx_CLARO_FI_00414,CLARO_FIBRA_2025,Claro Dominicana - Nueva Fibra Óptica Simétrica hasta 1000 Mbps,Claro República Dominicana,maria_jimenez_c_766,Me cobraron un cargo por reconexión que nunca solicité. Facturación no me da respuesta.,2025-09-03T13:06:54Z,5,0,Fibra Óptica e Internet Hogar,NEGATIVO
Ugx_CLARO_5G_00322,CLARO_5G_RD,La Red 5G Más Rápida y de Mayor Cobertura del País | Claro RD,Claro República Dominicana,tecnico_rd23_692,El internet se cae todos los fines de semana por la noche. Muy inestable.,2025-09-03T16:30:24Z,12,0,Red Móvil y Cobertura 5G,NEGATIVO
Ugx_CLARO_5G_00087,CLARO_5G_RD,La Red 5G Más Rápida y de Mayor Cobertura del País | Claro RD,Claro República Dominicana,jose_gaming_rd_821,La señal no se corta ni cuando hay tormenta en Santo Domingo Este. Sigan así.,2025-09-04T02:35:59Z,0,0,Red Móvil y Cobertura 5G,POSITIVO
Ugx_CLARO_5G_00234,CLARO_5G_RD,La Red 5G Más Rápida y de Mayor Cobertura del País | Claro RD,Claro República Dominicana,claudia_mella_925,"Excelente servicio con la fibra óptica simétrica, tengo 300 megas en Santiago y nunca se cae.",2025-09-04T19:42:11Z,0,0,Red Móvil y Cobertura 5G,POSITIVO
Ugx_CLARO_FI_01116,CLARO_FIBRA_2025,Claro Dominicana - Nueva Fibra Óptica Simétrica hasta 1000 Mbps,Claro República Dominicana,pedro_perez_do_184,"El router que instalan es malísimo, a 5 metros ya no llega la señal de Wi-Fi.",2025-09-04T21:50:36Z,0,3,Fibra Óptica e Internet Hogar,NEGATIVO
Ugx_CLARO_FI_01144,CLARO_FIBRA_2025,Claro Dominicana - Nueva Fibra Óptica Simétrica hasta 1000 Mbps,Claro República Dominicana,gabriel_tech_714,"Pésimo servicio al cliente, llevo 3 días esperando que me reparen una avería de internet en Herrera.",2025-09-05T03:49:40Z,5,0,Fibra Óptica e Internet Hogar,NEGATIVO
Ugx_CLARO_5G_00081,CLARO_5G_RD,La Red 5G Más Rápida y de Mayor Cobertura del País | Claro RD,Claro República Dominicana,maria_jimenez_c_513,¿En qué horario labora la sucursal de la 27 de Febrero los sábados?,2025-09-05T04:09:13Z,1,0,Red Móvil y Cobertura 5G,NEUTRO
Ugx_CLARO_FI_01199,CLARO_FIBRA_2025,Claro Dominicana - Nueva Fibra Óptica Simétrica hasta 1000 Mbps,Claro República Dominicana,laura_santiago_725,"Muy buena actualización de la app Mi Claro, ahora puedo pagar con tarjeta y se refleja de una vez.",2025-09-05T06:20:15Z,1,0,Fibra Óptica e Internet Hogar,POSITIVO
Ugx_CLARO_FI_00697,CLARO_FIBRA_2025,Claro Dominicana - Nueva Fibra Óptica Simétrica hasta 1000 Mbps,Claro República Dominicana,pedro_perez_do_929,"El roaming en Estados Unidos me funcionó perfecto, sin cobros raros ni sorpresas en la factura.",2025-09-05T08:12:28Z,8,0,Fibra Óptica e Internet Hogar,POSITIVO
Ugx_CLARO_5G_00716,CLARO_5G_RD,La Red 5G Más Rápida y de Mayor Cobertura del País | Claro RD,Claro República Dominicana,claudia_mella_993,"En la zona de Bávaro la señal 5G casi no entra, se queda en 3G o sin servicio a cada rato.",2025-09-05T12:12:43Z,45,0,Red Móvil y Cobertura 5G,NEGATIVO
Ugx_CLARO_FI_00126,CLARO_FIBRA_2025,Claro Dominicana - Nueva Fibra Óptica Simétrica hasta 1000 Mbps,Claro República Dominicana,carlos_m_rd_188,Aumentaron la tarifa del plan pospago sin avisar previamente por correo o SMS. Un abuso.,2025-09-05T21:26:22Z,2,0,Fibra Óptica e Internet Hogar,NEGATIVO
Ugx_CLARO_5G_00479,CLARO_5G_RD,La Red 5G Más Rápida y de Mayor Cobertura del País | Claro RD,Claro República Dominicana,ana_valdez_sd_397,"Excelente promoción de paqueticos libres, rinden bastante bien en la semana.",2025-09-06T16:30:37Z,0,0,Red Móvil y Cobertura 5G,POSITIVO
Ugx_CLARO_FI_00755,CLARO_FIBRA_2025,Claro Dominicana - Nueva Fibra Óptica Simétrica hasta 1000 Mbps,Claro República Dominicana,carlos_m_rd_481,Alguien sabe si para solicitar el cambio de router cobran algún costo adicional?,2025-09-06T19:36:11Z,0,0,Fibra Óptica e Internet Hogar,NEUTRO
Ugx_CLARO_FI_00746,CLARO_FIBRA_2025,Claro Dominicana - Nueva Fibra Óptica Simétrica hasta 1000 Mbps,Claro República Dominicana,jose_gaming_rd_320,"Excelente servicio con la fibra óptica simétrica, tengo 300 megas en Santiago y nunca se cae.",2025-09-06T22:00:44Z,15,0,Fibra Óptica e Internet Hogar,POSITIVO
Ugx_CLARO_FI_00036,CLARO_FIBRA_2025,Claro Dominicana - Nueva Fibra Óptica Simétrica hasta 1000 Mbps,Claro República Dominicana,ramon_santos_sd_143,La app Mi Claro vive con errores y se cierra sola cuando voy a pagar la factura.,2025-09-08T00:07:44Z,5,0,Fibra Óptica e Internet Hogar,NEGATIVO
Ugx_CLARO_FI_00680,CLARO_FIBRA_2025,Claro Dominicana - Nueva Fibra Óptica Simétrica hasta 1000 Mbps,Claro República Dominicana,patricia_reyes_834,Aumentaron la tarifa del plan pospago sin avisar previamente por correo o SMS. Un abuso.,2025-09-08T09:09:09Z,0,2,Fibra Óptica e Internet Hogar,NEGATIVO
Ugx_CLARO_FI_00160,CLARO_FIBRA_2025,Claro Dominicana - Nueva Fibra Óptica Simétrica hasta 1000 Mbps,Claro República Dominicana,claudia_mella_794,"Excelente promoción de paqueticos libres, rinden bastante bien en la semana.",2025-09-09T01:22:27Z,3,0,Fibra Óptica e Internet Hogar,POSITIVO
Ugx_CLARO_5G_00515,CLARO_5G_RD,La Red 5G Más Rápida y de Mayor Cobertura del País | Claro RD,Claro República Dominicana,jose_gaming_rd_361,Tengo una duda con respecto al contrato de permanencia mínima de 18 meses.,2025-09-09T02:35:51Z,0,0,Red Móvil y Cobertura 5G,NEUTRO
Ugx_CLARO_FI_00899,CLARO_FIBRA_2025,Claro Dominicana - Nueva Fibra Óptica Simétrica hasta 1000 Mbps,Claro República Dominicana,gabriel_tech_577,Dicen que es fibra simétrica pero el ping sube a 200ms en las noches en San Cristóbal. Muy lento.,2025-09-09T06:20:43Z,0,0,Fibra Óptica e Internet Hogar,NEGATIVO
Ugx_CLARO_FI_00894,CLARO_FIBRA_2025,Claro Dominicana - Nueva Fibra Óptica Simétrica hasta 1000 Mbps,Claro República Dominicana,ana_valdez_sd_693,"El 5G en el Distrito Nacional vuela, me dio más de 450 Mbps de bajada en el test.",2025-09-10T02:29:25Z,15,0,Fibra Óptica e Internet Hogar,POSITIVO
Ugx_CLARO_5G_00832,CLARO_5G_RD,La Red 5G Más Rápida y de Mayor Cobertura del País | Claro RD,Claro República Dominicana,tecnico_rd23_391,Esperando que extiendan la fibra óptica a la provincia de La Vega.,2025-09-10T06:14:07Z,0,0,Red Móvil y Cobertura 5G,NEUTRO
Ugx_CLARO_5G_00477,CLARO_5G_RD,La Red 5G Más Rápida y de Mayor Cobertura del País | Claro RD,Claro República Dominicana,ana_valdez_sd_469,El ping en juegos online como Valorant y Warzone me bajó a 35ms con la fibra. Nítido todo.,2025-09-10T10:19:12Z,1,0,Red Móvil y Cobertura 5G,POSITIVO
Ugx_CLARO_FI_00139,CLARO_FIBRA_2025,Claro Dominicana - Nueva Fibra Óptica Simétrica hasta 1000 Mbps,Claro República Dominicana,jose_gaming_rd_388,Cobran carísimo por megas adicionales y los paqueticos se consumen demasiado rápido.,2025-09-10T16:31:00Z,0,0,Fibra Óptica e Internet Hogar,NEGATIVO
Ugx_CLARO_5G_00334,CLARO_5G_RD,La Red 5G Más Rápida y de Mayor Cobertura del País | Claro RD,Claro República Dominicana,patricia_reyes_107,¿El roaming sin fronteras incluye llamadas locales dentro del país de destino?,2025-09-10T16:41:31Z,0,0,Red Móvil y Cobertura 5G,NEUTRO
Ugx_CLARO_5G_00346,CLARO_5G_RD,La Red 5G Más Rápida y de Mayor Cobertura del País | Claro RD,Claro República Dominicana,tecnico_rd23_402,"Felicidades a Claro, el soporte telefónico me resolvió un cambio de clave de router súper rápido.",2025-09-11T02:13:12Z,0,0,Red Móvil y Cobertura 5G,POSITIVO
Ugx_CLARO_5G_00590,CLARO_5G_RD,La Red 5G Más Rápida y de Mayor Cobertura del País | Claro RD,Claro República Dominicana,laura_santiago_733,Alguien sabe si para solicitar el cambio de router cobran algún costo adicional?,2025-09-12T04:29:53Z,0,0,Red Móvil y Cobertura 5G,NEUTRO
Ugx_CLARO_FI_00734,CLARO_FIBRA_2025,Claro Dominicana - Nueva Fibra Óptica Simétrica hasta 1000 Mbps,Claro República Dominicana,carlos_m_rd_102,¿El servicio de 5G requiere cambiar la tarjeta SIM o sirve la misma USIM 4G?,2025-09-12T06:43:39Z,0,0,Fibra Óptica e Internet Hogar,NEUTRO
Ugx_CLARO_FI_01165,CLARO_FIBRA_2025,Claro Dominicana - Nueva Fibra Óptica Simétrica hasta 1000 Mbps,Claro República Dominicana,alex_dev_rd_273,"El router que instalan es malísimo, a 5 metros ya no llega la señal de Wi-Fi.",2025-09-12T17:51:52Z,2,0,Fibra Óptica e Internet Hogar,NEGATIVO
Ugx_CLARO_FI_01163,CLARO_FIBRA_2025,Claro Dominicana - Nueva Fibra Óptica Simétrica hasta 1000 Mbps,Claro República Dominicana,juan_bavaro_607,Dicen que es fibra simétrica pero el ping sube a 200ms en las noches en San Cristóbal. Muy lento.,2025-09-13T00:21:15Z,5,0,Fibra Óptica e Internet Hogar,NEGATIVO
Ugx_CLARO_5G_00992,CLARO_5G_RD,La Red 5G Más Rápida y de Mayor Cobertura del País | Claro RD,Claro República Dominicana,pedro_perez_do_495,La app Mi Claro vive con errores y se cierra sola cuando voy a pagar la factura.,2025-09-13T02:03:03Z,2,0,Red Móvil y Cobertura 5G,NEGATIVO
Ugx_CLARO_FI_00641,CLARO_FIBRA_2025,Claro Dominicana - Nueva Fibra Óptica Simétrica hasta 1000 Mbps,Claro República Dominicana,ramon_santos_sd_311,"Excelente promoción de paqueticos libres, rinden bastante bien en la semana.",2025-09-13T15:19:43Z,8,0,Fibra Óptica e Internet Hogar,POSITIVO
Ugx_CLARO_FI_00415,CLARO_FIBRA_2025,Claro Dominicana - Nueva Fibra Óptica Simétrica hasta 1000 Mbps,Claro República Dominicana,claudia_mella_458,Me cobraron un cargo por reconexión que nunca solicité. Facturación no me da respuesta.,2025-09-14T11:57:58Z,2,3,Fibra Óptica e Internet Hogar,NEGATIVO
Ugx_CLARO_FI_00188,CLARO_FIBRA_2025,Claro Dominicana - Nueva Fibra Óptica Simétrica hasta 1000 Mbps,Claro República Dominicana,alex_dev_rd_596,"Buenas tardes, quisiera saber el precio actual del plan de 500 megas de fibra.",2025-09-15T00:57:25Z,0,0,Fibra Óptica e Internet Hogar,NEUTRO
Ugx_CLARO_FI_01039,CLARO_FIBRA_2025,Claro Dominicana - Nueva Fibra Óptica Simétrica hasta 1000 Mbps,Claro República Dominicana,elena_gomez_rd_839,"Pésimo servicio al cliente, llevo 3 días esperando que me reparen una avería de internet en Herrera.",2025-09-15T12:03:32Z,2,0,Fibra Óptica e Internet Hogar,NEGATIVO
Ugx_CLARO_FI_01036,CLARO_FIBRA_2025,Claro Dominicana - Nueva Fibra Óptica Simétrica hasta 1000 Mbps,Claro República Dominicana,tecnico_rd23_975,Tenía problemas de cobertura con otra telefónica y me cambié a Claro. Santo remedio.,2025-09-16T09:48:10Z,0,0,Fibra Óptica e Internet Hogar,POSITIVO
Ugx_CLARO_5G_00737,CLARO_5G_RD,La Red 5G Más Rápida y de Mayor Cobertura del País | Claro RD,Claro República Dominicana,jose_gaming_rd_864,Esperando que extiendan la fibra óptica a la provincia de La Vega.,2025-09-16T16:00:27Z,0,0,Red Móvil y Cobertura 5G,NEUTRO
Ugx_CLARO_FI_00205,CLARO_FIBRA_2025,Claro Dominicana - Nueva Fibra Óptica Simétrica hasta 1000 Mbps,Claro República Dominicana,ramon_santos_sd_157,El internet se cae todos los fines de semana por la noche. Muy inestable.,2025-09-16T20:18:36Z,0,0,Fibra Óptica e Internet Hogar,NEGATIVO
Ugx_CLARO_FI_00426,CLARO_FIBRA_2025,Claro Dominicana - Nueva Fibra Óptica Simétrica hasta 1000 Mbps,Claro República Dominicana,elena_gomez_rd_473,Esperando que extiendan la fibra óptica a la provincia de La Vega.,2025-09-16T23:55:36Z,0,0,Fibra Óptica e Internet Hogar,NEUTRO
Ugx_CLARO_5G_00170,CLARO_5G_RD,La Red 5G Más Rápida y de Mayor Cobertura del País | Claro RD,Claro República Dominicana,gabriel_tech_936,"Pésimo servicio al cliente, llevo 3 días esperando que me reparen una avería de internet en Herrera.",2025-09-17T02:17:12Z,0,0,Red Móvil y Cobertura 5G,NEGATIVO
Ugx_CLARO_5G_01067,CLARO_5G_RD,La Red 5G Más Rápida y de Mayor Cobertura del País | Claro RD,Claro República Dominicana,patricia_reyes_447,Me están facturando un paquete de canales que cancelé hace dos meses. Qué desastre.,2025-09-17T02:27:02Z,2,3,Red Móvil y Cobertura 5G,NEGATIVO
Ugx_CLARO_FI_00788,CLARO_FIBRA_2025,Claro Dominicana - Nueva Fibra Óptica Simétrica hasta 1000 Mbps,Claro República Dominicana,patricia_reyes_710,Dicen que es fibra simétrica pero el ping sube a 200ms en las noches en San Cristóbal. Muy lento.,2025-09-17T09:02:27Z,0,0,Fibra Óptica e Internet Hogar,NEGATIVO
Ugx_CLARO_5G_00410,CLARO_5G_RD,La Red 5G Más Rápida y de Mayor Cobertura del País | Claro RD,Claro República Dominicana,ramon_santos_sd_118,"La velocidad contratada de 100 megas nunca llega completa, apenas marca 30 en Speedtest.",2025-09-18T10:17:34Z,0,0,Red Móvil y Cobertura 5G,NEGATIVO
Ugx_CLARO_FI_00901,CLARO_FIBRA_2025,Claro Dominicana - Nueva Fibra Óptica Simétrica hasta 1000 Mbps,Claro República Dominicana,luis_almonte_sti_185,Llamar al 107 es perder una hora de la vida escuchando una música y nadie resuelve.,2025-09-18T13:27:29Z,0,3,Fibra Óptica e Internet Hogar,NEGATIVO
Ugx_CLARO_FI_00449,CLARO_FIBRA_2025,Claro Dominicana - Nueva Fibra Óptica Simétrica hasta 1000 Mbps,Claro República Dominicana,alex_dev_rd_832,Cobran carísimo por megas adicionales y los paqueticos se consumen demasiado rápido.,2025-09-18T18:49:06Z,2,0,Fibra Óptica e Internet Hogar,NEGATIVO
Ugx_CLARO_5G_00603,CLARO_5G_RD,La Red 5G Más Rápida y de Mayor Cobertura del País | Claro RD,Claro República Dominicana,carlos_m_rd_486,¿El servicio de 5G requiere cambiar la tarjeta SIM o sirve la misma USIM 4G?,2025-09-19T00:03:27Z,1,0,Red Móvil y Cobertura 5G,NEUTRO
Ugx_CLARO_5G_00428,CLARO_5G_RD,La Red 5G Más Rápida y de Mayor Cobertura del País | Claro RD,Claro República Dominicana,claudia_mella_882,¿A qué número se puede consultar el balance disponible de paqueticos por mensaje?,2025-09-19T06:49:41Z,0,0,Red Móvil y Cobertura 5G,NEUTRO
Ugx_CLARO_5G_01021,CLARO_5G_RD,La Red 5G Más Rápida y de Mayor Cobertura del País | Claro RD,Claro República Dominicana,tecnico_rd23_316,El internet se cae todos los fines de semana por la noche. Muy inestable.,2025-09-19T19:37:43Z,0,0,Red Móvil y Cobertura 5G,NEGATIVO
Ugx_CLARO_5G_01188,CLARO_5G_RD,La Red 5G Más Rápida y de Mayor Cobertura del País | Claro RD,Claro República Dominicana,maria_jimenez_c_159,¿El roaming sin fronteras incluye llamadas locales dentro del país de destino?,2025-09-20T23:57:46Z,0,0,Red Móvil y Cobertura 5G,NEUTRO
Ugx_CLARO_5G_01000,CLARO_5G_RD,La Red 5G Más Rápida y de Mayor Cobertura del País | Claro RD,Claro República Dominicana,patricia_reyes_221,"En la zona de Bávaro la señal 5G casi no entra, se queda en 3G o sin servicio a cada rato.",2025-09-21T01:25:30Z,5,0,Red Móvil y Cobertura 5G,NEGATIVO
Ugx_CLARO_FI_00360,CLARO_FIBRA_2025,Claro Dominicana - Nueva Fibra Óptica Simétrica hasta 1000 Mbps,Claro República Dominicana,juan_bavaro_760,"El router que instalan es malísimo, a 5 metros ya no llega la señal de Wi-Fi.",2025-09-21T01:45:10Z,0,0,Fibra Óptica e Internet Hogar,NEGATIVO
Ugx_CLARO_FI_00789,CLARO_FIBRA_2025,Claro Dominicana - Nueva Fibra Óptica Simétrica hasta 1000 Mbps,Claro República Dominicana,elena_gomez_rd_443,Me cobraron un cargo por reconexión que nunca solicité. Facturación no me da respuesta.,2025-09-21T07:43:35Z,5,0,Fibra Óptica e Internet Hogar,NEGATIVO
Ugx_CLARO_5G_00190,CLARO_5G_RD,La Red 5G Más Rápida y de Mayor Cobertura del País | Claro RD,Claro República Dominicana,claudia_mella_858,Alguien sabe si para solicitar el cambio de router cobran algún costo adicional?,2025-09-21T12:32:36Z,0,1,Red Móvil y Cobertura 5G,NEUTRO
Ugx_CLARO_FI_00549,CLARO_FIBRA_2025,Claro Dominicana - Nueva Fibra Óptica Simétrica hasta 1000 Mbps,Claro República Dominicana,ana_valdez_sd_207,¿El roaming sin fronteras incluye llamadas locales dentro del país de destino?,2025-09-21T19:21:25Z,0,0,Fibra Óptica e Internet Hogar,NEUTRO
Ugx_CLARO_5G_00301,CLARO_5G_RD,La Red 5G Más Rápida y de Mayor Cobertura del País | Claro RD,Claro República Dominicana,elena_gomez_rd_896,¿A qué número se puede consultar el balance disponible de paqueticos por mensaje?,2025-09-21T23:52:49Z,1,0,Red Móvil y Cobertura 5G,NEUTRO
Ugx_CLARO_5G_00924,CLARO_5G_RD,La Red 5G Más Rápida y de Mayor Cobertura del País | Claro RD,Claro República Dominicana,gabriel_tech_220,"Felicidades a Claro, el soporte telefónico me resolvió un cambio de clave de router súper rápido.",2025-09-22T07:31:03Z,1,0,Red Móvil y Cobertura 5G,POSITIVO
Ugx_CLARO_5G_00805,CLARO_5G_RD,La Red 5G Más Rápida y de Mayor Cobertura del País | Claro RD,Claro República Dominicana,pedro_perez_do_691,"En la zona de Bávaro la señal 5G casi no entra, se queda en 3G o sin servicio a cada rato.",2025-09-22T21:58:23Z,5,0,Red Móvil y Cobertura 5G,NEGATIVO
Ugx_CLARO_5G_00947,CLARO_5G_RD,La Red 5G Más Rápida y de Mayor Cobertura del País | Claro RD,Claro República Dominicana,tecnico_rd23_335,Información sobre los requisitos para portabilidad numérica desde otra compañía por favor.,2025-09-23T11:58:02Z,2,0,Red Móvil y Cobertura 5G,NEUTRO
Ugx_CLARO_FI_00712,CLARO_FIBRA_2025,Claro Dominicana - Nueva Fibra Óptica Simétrica hasta 1000 Mbps,Claro República Dominicana,ana_valdez_sd_512,"Felicidades a Claro, el soporte telefónico me resolvió un cambio de clave de router súper rápido.",2025-09-23T18:38:01Z,1,0,Fibra Óptica e Internet Hogar,POSITIVO
Ugx_CLARO_5G_00900,CLARO_5G_RD,La Red 5G Más Rápida y de Mayor Cobertura del País | Claro RD,Claro República Dominicana,maria_jimenez_c_680,"Es una pesadilla cancelar una línea fija, te ponen mil trabas y trámites innecesarios.",2025-09-24T00:45:51Z,0,1,Red Móvil y Cobertura 5G,NEGATIVO
Ugx_CLARO_FI_00869,CLARO_FIBRA_2025,Claro Dominicana - Nueva Fibra Óptica Simétrica hasta 1000 Mbps,Claro República Dominicana,elena_gomez_rd_135,Cobran carísimo por megas adicionales y los paqueticos se consumen demasiado rápido.,2025-09-24T03:15:59Z,1,1,Fibra Óptica e Internet Hogar,NEGATIVO
Ugx_CLARO_5G_01244,CLARO_5G_RD,La Red 5G Más Rápida y de Mayor Cobertura del País | Claro RD,Claro República Dominicana,patricia_reyes_276,¿El servicio de 5G requiere cambiar la tarjeta SIM o sirve la misma USIM 4G?,2025-09-24T21:17:25Z,1,1,Red Móvil y Cobertura 5G,NEUTRO
Ugx_CLARO_FI_00803,CLARO_FIBRA_2025,Claro Dominicana - Nueva Fibra Óptica Simétrica hasta 1000 Mbps,Claro República Dominicana,tecnico_rd23_192,"Excelente promoción de paqueticos libres, rinden bastante bien en la semana.",2025-09-25T03:22:10Z,15,0,Fibra Óptica e Internet Hogar,POSITIVO
Ugx_CLARO_FI_00490,CLARO_FIBRA_2025,Claro Dominicana - Nueva Fibra Óptica Simétrica hasta 1000 Mbps,Claro República Dominicana,patricia_reyes_681,Llamar al 107 es perder una hora de la vida escuchando una música y nadie resuelve.,2025-09-25T13:59:34Z,0,0,Fibra Óptica e Internet Hogar,NEGATIVO
Ugx_CLARO_5G_00302,CLARO_5G_RD,La Red 5G Más Rápida y de Mayor Cobertura del País | Claro RD,Claro República Dominicana,patricia_reyes_657,"Muy satisfecho con la atención en la sucursal de Blue Mall, me atendieron con mucha amabilidad.",2025-09-25T17:49:14Z,0,0,Red Móvil y Cobertura 5G,POSITIVO
Ugx_CLARO_FI_00340,CLARO_FIBRA_2025,Claro Dominicana - Nueva Fibra Óptica Simétrica hasta 1000 Mbps,Claro República Dominicana,gabriel_tech_473,Llevo 8 años con Claro y la estabilidad del internet para trabajar remoto es incomparable.,2025-09-26T01:07:53Z,3,0,Fibra Óptica e Internet Hogar,POSITIVO
Ugx_CLARO_5G_00704,CLARO_5G_RD,La Red 5G Más Rápida y de Mayor Cobertura del País | Claro RD,Claro República Dominicana,pedro_perez_do_301,¿El servicio de 5G requiere cambiar la tarjeta SIM o sirve la misma USIM 4G?,2025-09-26T01:43:22Z,0,0,Red Móvil y Cobertura 5G,NEUTRO
Ugx_CLARO_FI_00993,CLARO_FIBRA_2025,Claro Dominicana - Nueva Fibra Óptica Simétrica hasta 1000 Mbps,Claro República Dominicana,ana_valdez_sd_44,Cobran carísimo por megas adicionales y los paqueticos se consumen demasiado rápido.,2025-09-26T05:24:33Z,2,0,Fibra Óptica e Internet Hogar,NEGATIVO
Ugx_CLARO_5G_00592,CLARO_5G_RD,La Red 5G Más Rápida y de Mayor Cobertura del País | Claro RD,Claro República Dominicana,jose_gaming_rd_797,Información sobre los requisitos para portabilidad numérica desde otra compañía por favor.,2025-09-26T05:54:09Z,1,0,Red Móvil y Cobertura 5G,NEUTRO
Ugx_CLARO_5G_01034,CLARO_5G_RD,La Red 5G Más Rápida y de Mayor Cobertura del País | Claro RD,Claro República Dominicana,maria_jimenez_c_28,Me cobraron un cargo por reconexión que nunca solicité. Facturación no me da respuesta.,2025-09-26T06:59:49Z,1,0,Red Móvil y Cobertura 5G,NEGATIVO
Ugx_CLARO_FI_00047,CLARO_FIBRA_2025,Claro Dominicana - Nueva Fibra Óptica Simétrica hasta 1000 Mbps,Claro República Dominicana,elena_gomez_rd_312,Llevo 8 años con Claro y la estabilidad del internet para trabajar remoto es incomparable.,2025-09-26T11:52:33Z,1,0,Fibra Óptica e Internet Hogar,POSITIVO
Ugx_CLARO_5G_01062,CLARO_5G_RD,La Red 5G Más Rápida y de Mayor Cobertura del País | Claro RD,Claro República Dominicana,pedro_perez_do_681,Llamar al 107 es perder una hora de la vida escuchando una música y nadie resuelve.,2025-09-26T14:01:52Z,0,0,Red Móvil y Cobertura 5G,NEGATIVO
Ugx_CLARO_FI_00769,CLARO_FIBRA_2025,Claro Dominicana - Nueva Fibra Óptica Simétrica hasta 1000 Mbps,Claro República Dominicana,claudia_mella_382,Alguien sabe si para solicitar el cambio de router cobran algún costo adicional?,2025-09-27T02:18:53Z,0,0,Fibra Óptica e Internet Hogar,NEUTRO
Ugx_CLARO_5G_00474,CLARO_5G_RD,La Red 5G Más Rápida y de Mayor Cobertura del País | Claro RD,Claro República Dominicana,jose_gaming_rd_171,"El 5G en el Distrito Nacional vuela, me dio más de 450 Mbps de bajada en el test.",2025-09-27T07:42:03Z,0,0,Red Móvil y Cobertura 5G,POSITIVO
Ugx_CLARO_FI_01202,CLARO_FIBRA_2025,Claro Dominicana - Nueva Fibra Óptica Simétrica hasta 1000 Mbps,Claro República Dominicana,patricia_reyes_569,"El router que instalan es malísimo, a 5 metros ya no llega la señal de Wi-Fi.",2025-09-27T13:05:28Z,0,1,Fibra Óptica e Internet Hogar,NEGATIVO
Ugx_CLARO_5G_00345,CLARO_5G_RD,La Red 5G Más Rápida y de Mayor Cobertura del País | Claro RD,Claro República Dominicana,carlos_m_rd_638,"La velocidad contratada de 100 megas nunca llega completa, apenas marca 30 en Speedtest.",2025-09-27T16:14:19Z,0,0,Red Móvil y Cobertura 5G,NEGATIVO
Ugx_CLARO_5G_00252,CLARO_5G_RD,La Red 5G Más Rápida y de Mayor Cobertura del País | Claro RD,Claro República Dominicana,ana_valdez_sd_347,"Excelente servicio con la fibra óptica simétrica, tengo 300 megas en Santiago y nunca se cae.",2025-09-28T10:44:51Z,0,0,Red Móvil y Cobertura 5G,POSITIVO
Ugx_CLARO_FI_00923,CLARO_FIBRA_2025,Claro Dominicana - Nueva Fibra Óptica Simétrica hasta 1000 Mbps,Claro República Dominicana,maria_jimenez_c_170,"Muy buena actualización de la app Mi Claro, ahora puedo pagar con tarjeta y se refleja de una vez.",2025-09-28T11:53:50Z,1,7,Fibra Óptica e Internet Hogar,POSITIVO
Ugx_CLARO_FI_00646,CLARO_FIBRA_2025,Claro Dominicana - Nueva Fibra Óptica Simétrica hasta 1000 Mbps,Claro República Dominicana,ramon_santos_sd_402,Información sobre los requisitos para portabilidad numérica desde otra compañía por favor.,2025-09-28T18:03:24Z,1,0,Fibra Óptica e Internet Hogar,NEUTRO
Ugx_CLARO_5G_00012,CLARO_5G_RD,La Red 5G Más Rápida y de Mayor Cobertura del País | Claro RD,Claro República Dominicana,ramon_santos_sd_706,"La cobertura de Claro en carretera y pueblos es la mejor del país por mucho, ninguna otra compañía llega allá.",2025-09-29T05:33:53Z,3,0,Red Móvil y Cobertura 5G,POSITIVO
Ugx_CLARO_FI_00195,CLARO_FIBRA_2025,Claro Dominicana - Nueva Fibra Óptica Simétrica hasta 1000 Mbps,Claro República Dominicana,patricia_reyes_664,Información sobre los requisitos para portabilidad numérica desde otra compañía por favor.,2025-09-29T20:49:51Z,0,0,Fibra Óptica e Internet Hogar,NEUTRO
Ugx_CLARO_5G_00026,CLARO_5G_RD,La Red 5G Más Rápida y de Mayor Cobertura del País | Claro RD,Claro República Dominicana,maria_jimenez_c_12,"En la zona de Bávaro la señal 5G casi no entra, se queda en 3G o sin servicio a cada rato.",2025-10-01T02:08:05Z,1,7,Red Móvil y Cobertura 5G,NEGATIVO
Ugx_CLARO_5G_00337,CLARO_5G_RD,La Red 5G Más Rápida y de Mayor Cobertura del País | Claro RD,Claro República Dominicana,juan_bavaro_487,"El router que instalan es malísimo, a 5 metros ya no llega la señal de Wi-Fi.",2025-10-01T03:50:48Z,1,0,Red Móvil y Cobertura 5G,NEGATIVO
Ugx_CLARO_FI_00772,CLARO_FIBRA_2025,Claro Dominicana - Nueva Fibra Óptica Simétrica hasta 1000 Mbps,Claro República Dominicana,ana_valdez_sd_157,Tengo una duda con respecto al contrato de permanencia mínima de 18 meses.,2025-10-01T08:35:24Z,0,0,Fibra Óptica e Internet Hogar,NEUTRO
Ugx_CLARO_FI_01247,CLARO_FIBRA_2025,Claro Dominicana - Nueva Fibra Óptica Simétrica hasta 1000 Mbps,Claro República Dominicana,pedro_perez_do_140,"La cobertura de Claro en carretera y pueblos es la mejor del país por mucho, ninguna otra compañía llega allá.",2025-10-01T14:07:50Z,0,0,Fibra Óptica e Internet Hogar,POSITIVO
Ugx_CLARO_FI_01236,CLARO_FIBRA_2025,Claro Dominicana - Nueva Fibra Óptica Simétrica hasta 1000 Mbps,Claro República Dominicana,claudia_mella_299,Aumentaron la tarifa del plan pospago sin avisar previamente por correo o SMS. Un abuso.,2025-10-02T02:35:57Z,1,0,Fibra Óptica e Internet Hogar,NEGATIVO
Ugx_CLARO_5G_00792,CLARO_5G_RD,La Red 5G Más Rápida y de Mayor Cobertura del País | Claro RD,Claro República Dominicana,alex_dev_rd_514,¿El roaming sin fronteras incluye llamadas locales dentro del país de destino?,2025-10-02T09:28:36Z,0,2,Red Móvil y Cobertura 5G,NEUTRO
Ugx_CLARO_5G_00705,CLARO_5G_RD,La Red 5G Más Rápida y de Mayor Cobertura del País | Claro RD,Claro República Dominicana,gabriel_tech_735,Instalaron la fibra en menos de 48 horas en Bella Vista. Muy puntuales los técnicos.,2025-10-03T06:38:11Z,1,0,Red Móvil y Cobertura 5G,POSITIVO
Ugx_CLARO_FI_00106,CLARO_FIBRA_2025,Claro Dominicana - Nueva Fibra Óptica Simétrica hasta 1000 Mbps,Claro República Dominicana,jose_gaming_rd_260,"El router que instalan es malísimo, a 5 metros ya no llega la señal de Wi-Fi.",2025-10-03T13:38:51Z,0,0,Fibra Óptica e Internet Hogar,NEGATIVO
Ugx_CLARO_FI_00958,CLARO_FIBRA_2025,Claro Dominicana - Nueva Fibra Óptica Simétrica hasta 1000 Mbps,Claro República Dominicana,tecnico_rd23_799,Alguien sabe si para solicitar el cambio de router cobran algún costo adicional?,2025-10-04T07:04:17Z,0,2,Fibra Óptica e Internet Hogar,NEUTRO
Ugx_CLARO_FI_00635,CLARO_FIBRA_2025,Claro Dominicana - Nueva Fibra Óptica Simétrica hasta 1000 Mbps,Claro República Dominicana,jose_gaming_rd_96,"Pésimo servicio al cliente, llevo 3 días esperando que me reparen una avería de internet en Herrera.",2025-10-04T23:57:15Z,0,0,Fibra Óptica e Internet Hogar,NEGATIVO
Ugx_CLARO_FI_00274,CLARO_FIBRA_2025,Claro Dominicana - Nueva Fibra Óptica Simétrica hasta 1000 Mbps,Claro República Dominicana,pedro_perez_do_450,Tengo una duda con respecto al contrato de permanencia mínima de 18 meses.,2025-10-05T11:59:53Z,1,1,Fibra Óptica e Internet Hogar,NEUTRO
Ugx_CLARO_5G_00762,CLARO_5G_RD,La Red 5G Más Rápida y de Mayor Cobertura del País | Claro RD,Claro República Dominicana,claudia_mella_29,Dicen que es fibra simétrica pero el ping sube a 200ms en las noches en San Cristóbal. Muy lento.,2025-10-05T19:56:10Z,1,0,Red Móvil y Cobertura 5G,NEGATIVO
Ugx_CLARO_5G_00529,CLARO_5G_RD,La Red 5G Más Rápida y de Mayor Cobertura del País | Claro RD,Claro República Dominicana,laura_santiago_298,Me cobraron un cargo por reconexión que nunca solicité. Facturación no me da respuesta.,2025-10-06T00:48:20Z,0,0,Red Móvil y Cobertura 5G,NEGATIVO
Ugx_CLARO_FI_00180,CLARO_FIBRA_2025,Claro Dominicana - Nueva Fibra Óptica Simétrica hasta 1000 Mbps,Claro República Dominicana,pedro_perez_do_467,Dicen que es fibra simétrica pero el ping sube a 200ms en las noches en San Cristóbal. Muy lento.,2025-10-06T06:04:02Z,0,0,Fibra Óptica e Internet Hogar,NEGATIVO
Ugx_CLARO_AP_01115,CLARO_APP_MICLARO,"Gestiona tus Servicios, Paga tu Factura y Compra Paqueticos con Mi Claro",Claro República Dominicana,claudia_mella_940,¿En qué horario labora la sucursal de la 27 de Febrero los sábados?,2025-10-06T08:47:41Z,0,0,Atención al Cliente y App,NEUTRO
Ugx_CLARO_5G_01079,CLARO_5G_RD,La Red 5G Más Rápida y de Mayor Cobertura del País | Claro RD,Claro República Dominicana,gabriel_tech_773,El ping en juegos online como Valorant y Warzone me bajó a 35ms con la fibra. Nítido todo.,2025-10-06T14:16:58Z,1,3,Red Móvil y Cobertura 5G,POSITIVO
Ugx_CLARO_FI_00049,CLARO_FIBRA_2025,Claro Dominicana - Nueva Fibra Óptica Simétrica hasta 1000 Mbps,Claro República Dominicana,juan_bavaro_701,Llamar al 107 es perder una hora de la vida escuchando una música y nadie resuelve.,2025-10-06T16:55:46Z,1,0,Fibra Óptica e Internet Hogar,NEGATIVO
Ugx_CLARO_5G_00221,CLARO_5G_RD,La Red 5G Más Rápida y de Mayor Cobertura del País | Claro RD,Claro República Dominicana,claudia_mella_776,¿Cuándo estará disponible la cobertura de fibra óptica en la Urbanización Real?,2025-10-06T18:02:10Z,2,3,Red Móvil y Cobertura 5G,NEUTRO
Ugx_CLARO_AP_00559,CLARO_APP_MICLARO,"Gestiona tus Servicios, Paga tu Factura y Compra Paqueticos con Mi Claro",Claro República Dominicana,luis_almonte_sti_806,¿A qué número se puede consultar el balance disponible de paqueticos por mensaje?,2025-10-07T08:15:16Z,0,0,Atención al Cliente y App,NEUTRO
Ugx_CLARO_AP_01230,CLARO_APP_MICLARO,"Gestiona tus Servicios, Paga tu Factura y Compra Paqueticos con Mi Claro",Claro República Dominicana,juan_bavaro_47,"Buenas tardes, quisiera saber el precio actual del plan de 500 megas de fibra.",2025-10-07T16:00:59Z,0,3,Atención al Cliente y App,NEUTRO
Ugx_CLARO_AP_00359,CLARO_APP_MICLARO,"Gestiona tus Servicios, Paga tu Factura y Compra Paqueticos con Mi Claro",Claro República Dominicana,tecnico_rd23_224,"La velocidad contratada de 100 megas nunca llega completa, apenas marca 30 en Speedtest.",2025-10-07T16:15:40Z,28,0,Atención al Cliente y App,NEGATIVO
Ugx_CLARO_AP_00037,CLARO_APP_MICLARO,"Gestiona tus Servicios, Paga tu Factura y Compra Paqueticos con Mi Claro",Claro República Dominicana,laura_santiago_87,"En la zona de Bávaro la señal 5G casi no entra, se queda en 3G o sin servicio a cada rato.",2025-10-07T20:25:19Z,1,3,Atención al Cliente y App,NEGATIVO
Ugx_CLARO_AP_00447,CLARO_APP_MICLARO,"Gestiona tus Servicios, Paga tu Factura y Compra Paqueticos con Mi Claro",Claro República Dominicana,laura_santiago_694,"El router que instalan es malísimo, a 5 metros ya no llega la señal de Wi-Fi.",2025-10-07T20:26:15Z,1,0,Atención al Cliente y App,NEGATIVO
Ugx_CLARO_AP_01215,CLARO_APP_MICLARO,"Gestiona tus Servicios, Paga tu Factura y Compra Paqueticos con Mi Claro",Claro República Dominicana,ana_valdez_sd_432,"Excelente servicio con la fibra óptica simétrica, tengo 300 megas en Santiago y nunca se cae.",2025-10-07T21:25:51Z,0,0,Atención al Cliente y App,POSITIVO
Ugx_CLARO_FI_00973,CLARO_FIBRA_2025,Claro Dominicana - Nueva Fibra Óptica Simétrica hasta 1000 Mbps,Claro República Dominicana,patricia_reyes_712,"Muy satisfecho con la atención en la sucursal de Blue Mall, me atendieron con mucha amabilidad.",2025-10-08T13:24:50Z,1,0,Fibra Óptica e Internet Hogar,POSITIVO
Ugx_CLARO_FI_00528,CLARO_FIBRA_2025,Claro Dominicana - Nueva Fibra Óptica Simétrica hasta 1000 Mbps,Claro República Dominicana,tecnico_rd23_727,Dicen que es fibra simétrica pero el ping sube a 200ms en las noches en San Cristóbal. Muy lento.,2025-10-08T22:29:27Z,0,0,Fibra Óptica e Internet Hogar,NEGATIVO
Ugx_CLARO_5G_01028,CLARO_5G_RD,La Red 5G Más Rápida y de Mayor Cobertura del País | Claro RD,Claro República Dominicana,juan_bavaro_992,Me están facturando un paquete de canales que cancelé hace dos meses. Qué desastre.,2025-10-09T05:50:12Z,0,0,Red Móvil y Cobertura 5G,NEGATIVO
Ugx_CLARO_5G_00383,CLARO_5G_RD,La Red 5G Más Rápida y de Mayor Cobertura del País | Claro RD,Claro República Dominicana,tecnico_rd23_387,¿El servicio de 5G requiere cambiar la tarjeta SIM o sirve la misma USIM 4G?,2025-10-09T13:07:15Z,0,1,Red Móvil y Cobertura 5G,NEUTRO
Ugx_CLARO_AP_00879,CLARO_APP_MICLARO,"Gestiona tus Servicios, Paga tu Factura y Compra Paqueticos con Mi Claro",Claro República Dominicana,elena_gomez_rd_704,¿El servicio de 5G requiere cambiar la tarjeta SIM o sirve la misma USIM 4G?,2025-10-10T06:59:06Z,1,0,Atención al Cliente y App,NEUTRO
Ugx_CLARO_FI_01072,CLARO_FIBRA_2025,Claro Dominicana - Nueva Fibra Óptica Simétrica hasta 1000 Mbps,Claro República Dominicana,jose_gaming_rd_865,Aumentaron la tarifa del plan pospago sin avisar previamente por correo o SMS. Un abuso.,2025-10-10T10:43:46Z,0,1,Fibra Óptica e Internet Hogar,NEGATIVO
Ugx_CLARO_5G_00683,CLARO_5G_RD,La Red 5G Más Rápida y de Mayor Cobertura del País | Claro RD,Claro República Dominicana,maria_jimenez_c_922,Tengo una duda con respecto al contrato de permanencia mínima de 18 meses.,2025-10-10T15:01:19Z,0,0,Red Móvil y Cobertura 5G,NEUTRO
Ugx_CLARO_5G_00219,CLARO_5G_RD,La Red 5G Más Rápida y de Mayor Cobertura del País | Claro RD,Claro República Dominicana,ramon_santos_sd_997,"La velocidad contratada de 100 megas nunca llega completa, apenas marca 30 en Speedtest.",2025-10-10T17:23:00Z,5,0,Red Móvil y Cobertura 5G,NEGATIVO
Ugx_CLARO_FI_00070,CLARO_FIBRA_2025,Claro Dominicana - Nueva Fibra Óptica Simétrica hasta 1000 Mbps,Claro República Dominicana,elena_gomez_rd_166,Esperando que extiendan la fibra óptica a la provincia de La Vega.,2025-10-10T23:08:27Z,0,0,Fibra Óptica e Internet Hogar,NEUTRO
Ugx_CLARO_5G_00249,CLARO_5G_RD,La Red 5G Más Rápida y de Mayor Cobertura del País | Claro RD,Claro República Dominicana,maria_jimenez_c_947,Alguien sabe si para solicitar el cambio de router cobran algún costo adicional?,2025-10-11T08:49:57Z,1,0,Red Móvil y Cobertura 5G,NEUTRO
Ugx_CLARO_FI_00587,CLARO_FIBRA_2025,Claro Dominicana - Nueva Fibra Óptica Simétrica hasta 1000 Mbps,Claro República Dominicana,jose_gaming_rd_442,"En la zona de Bávaro la señal 5G casi no entra, se queda en 3G o sin servicio a cada rato.",2025-10-11T10:24:35Z,0,0,Fibra Óptica e Internet Hogar,NEGATIVO
Ugx_CLARO_FI_01136,CLARO_FIBRA_2025,Claro Dominicana - Nueva Fibra Óptica Simétrica hasta 1000 Mbps,Claro República Dominicana,patricia_reyes_824,Me están facturando un paquete de canales que cancelé hace dos meses. Qué desastre.,2025-10-12T07:46:59Z,0,0,Fibra Óptica e Internet Hogar,NEGATIVO
Ugx_CLARO_FI_00896,CLARO_FIBRA_2025,Claro Dominicana - Nueva Fibra Óptica Simétrica hasta 1000 Mbps,Claro República Dominicana,patricia_reyes_228,La señal no se corta ni cuando hay tormenta en Santo Domingo Este. Sigan así.,2025-10-12T08:23:02Z,0,0,Fibra Óptica e Internet Hogar,POSITIVO
Ugx_CLARO_5G_01151,CLARO_5G_RD,La Red 5G Más Rápida y de Mayor Cobertura del País | Claro RD,Claro República Dominicana,gabriel_tech_614,El ping en juegos online como Valorant y Warzone me bajó a 35ms con la fibra. Nítido todo.,2025-10-12T12:23:43Z,0,1,Red Móvil y Cobertura 5G,POSITIVO
Ugx_CLARO_FI_00521,CLARO_FIBRA_2025,Claro Dominicana - Nueva Fibra Óptica Simétrica hasta 1000 Mbps,Claro República Dominicana,gabriel_tech_563,Aumentaron la tarifa del plan pospago sin avisar previamente por correo o SMS. Un abuso.,2025-10-12T17:20:10Z,5,2,Fibra Óptica e Internet Hogar,NEGATIVO
Ugx_CLARO_5G_00446,CLARO_5G_RD,La Red 5G Más Rápida y de Mayor Cobertura del País | Claro RD,Claro República Dominicana,luis_almonte_sti_349,Cobran carísimo por megas adicionales y los paqueticos se consumen demasiado rápido.,2025-10-13T08:03:12Z,1,0,Red Móvil y Cobertura 5G,NEGATIVO
Ugx_CLARO_FI_00642,CLARO_FIBRA_2025,Claro Dominicana - Nueva Fibra Óptica Simétrica hasta 1000 Mbps,Claro República Dominicana,patricia_reyes_183,Para mí es la empresa de telecomunicaciones más seria de República Dominicana. Servicio de calidad.,2025-10-14T02:14:10Z,1,0,Fibra Óptica e Internet Hogar,POSITIVO
Ugx_CLARO_5G_00851,CLARO_5G_RD,La Red 5G Más Rápida y de Mayor Cobertura del País | Claro RD,Claro República Dominicana,jose_gaming_rd_848,¿A qué número se puede consultar el balance disponible de paqueticos por mensaje?,2025-10-14T10:19:16Z,0,0,Red Móvil y Cobertura 5G,NEUTRO
Ugx_CLARO_FI_00675,CLARO_FIBRA_2025,Claro Dominicana - Nueva Fibra Óptica Simétrica hasta 1000 Mbps,Claro República Dominicana,elena_gomez_rd_139,El internet se cae todos los fines de semana por la noche. Muy inestable.,2025-10-14T15:09:15Z,2,0,Fibra Óptica e Internet Hogar,NEGATIVO
Ugx_CLARO_5G_01137,CLARO_5G_RD,La Red 5G Más Rápida y de Mayor Cobertura del País | Claro RD,Claro República Dominicana,laura_santiago_584,El ping en juegos online como Valorant y Warzone me bajó a 35ms con la fibra. Nítido todo.,2025-10-14T19:11:49Z,0,0,Red Móvil y Cobertura 5G,POSITIVO
Ugx_CLARO_AP_00220,CLARO_APP_MICLARO,"Gestiona tus Servicios, Paga tu Factura y Compra Paqueticos con Mi Claro",Claro República Dominicana,claudia_mella_953,La señal no se corta ni cuando hay tormenta en Santo Domingo Este. Sigan así.,2025-10-14T19:29:03Z,3,0,Atención al Cliente y App,POSITIVO
Ugx_CLARO_AP_00767,CLARO_APP_MICLARO,"Gestiona tus Servicios, Paga tu Factura y Compra Paqueticos con Mi Claro",Claro República Dominicana,ana_valdez_sd_173,"Excelente promoción de paqueticos libres, rinden bastante bien en la semana.",2025-10-14T23:33:13Z,32,0,Atención al Cliente y App,POSITIVO
Ugx_CLARO_FI_00401,CLARO_FIBRA_2025,Claro Dominicana - Nueva Fibra Óptica Simétrica hasta 1000 Mbps,Claro República Dominicana,maria_jimenez_c_14,La app Mi Claro vive con errores y se cierra sola cuando voy a pagar la factura.,2025-10-15T15:37:13Z,1,0,Fibra Óptica e Internet Hogar,NEGATIVO
Ugx_CLARO_AP_01064,CLARO_APP_MICLARO,"Gestiona tus Servicios, Paga tu Factura y Compra Paqueticos con Mi Claro",Claro República Dominicana,patricia_reyes_164,"Los técnicos vinieron, no revisaron la caja exterior y dijeron que todo estaba bien. Sigo sin internet.",2025-10-16T03:05:15Z,0,0,Atención al Cliente y App,NEGATIVO
Ugx_CLARO_AP_00079,CLARO_APP_MICLARO,"Gestiona tus Servicios, Paga tu Factura y Compra Paqueticos con Mi Claro",Claro República Dominicana,carlos_m_rd_576,"Pésimo servicio al cliente, llevo 3 días esperando que me reparen una avería de internet en Herrera.",2025-10-16T09:59:14Z,2,0,Atención al Cliente y App,NEGATIVO
Ugx_CLARO_FI_00852,CLARO_FIBRA_2025,Claro Dominicana - Nueva Fibra Óptica Simétrica hasta 1000 Mbps,Claro República Dominicana,patricia_reyes_327,Aumentaron la tarifa del plan pospago sin avisar previamente por correo o SMS. Un abuso.,2025-10-16T15:12:12Z,0,0,Fibra Óptica e Internet Hogar,NEGATIVO
Ugx_CLARO_AP_00217,CLARO_APP_MICLARO,"Gestiona tus Servicios, Paga tu Factura y Compra Paqueticos con Mi Claro",Claro República Dominicana,luis_almonte_sti_936,"Los técnicos vinieron, no revisaron la caja exterior y dijeron que todo estaba bien. Sigo sin internet.",2025-10-17T08:49:39Z,2,0,Atención al Cliente y App,NEGATIVO
Ugx_CLARO_FI_00797,CLARO_FIBRA_2025,Claro Dominicana - Nueva Fibra Óptica Simétrica hasta 1000 Mbps,Claro República Dominicana,juan_bavaro_514,Esperando que extiendan la fibra óptica a la provincia de La Vega.,2025-10-17T20:25:12Z,0,0,Fibra Óptica e Internet Hogar,NEUTRO
Ugx_CLARO_FI_00814,CLARO_FIBRA_2025,Claro Dominicana - Nueva Fibra Óptica Simétrica hasta 1000 Mbps,Claro República Dominicana,tecnico_rd23_643,"Muy mal soporte técnico por WhatsApp, un bot que repite lo mismo y no transfiere a un humano.",2025-10-17T23:56:48Z,1,1,Fibra Óptica e Internet Hogar,NEGATIVO
Ugx_CLARO_FI_00129,CLARO_FIBRA_2025,Claro Dominicana - Nueva Fibra Óptica Simétrica hasta 1000 Mbps,Claro República Dominicana,elena_gomez_rd_941,"En la zona de Bávaro la señal 5G casi no entra, se queda en 3G o sin servicio a cada rato.",2025-10-18T03:55:50Z,5,0,Fibra Óptica e Internet Hogar,NEGATIVO
Ugx_CLARO_5G_00413,CLARO_5G_RD,La Red 5G Más Rápida y de Mayor Cobertura del País | Claro RD,Claro República Dominicana,juan_bavaro_313,¿El roaming sin fronteras incluye llamadas locales dentro del país de destino?,2025-10-18T09:19:00Z,0,0,Red Móvil y Cobertura 5G,NEUTRO
Ugx_CLARO_5G_00241,CLARO_5G_RD,La Red 5G Más Rápida y de Mayor Cobertura del País | Claro RD,Claro República Dominicana,gabriel_tech_948,Buen ancho de banda y la subida simétrica me ayuda un mundo para subir videos a YouTube.,2025-10-18T10:31:54Z,0,0,Red Móvil y Cobertura 5G,POSITIVO
Ugx_CLARO_AP_00880,CLARO_APP_MICLARO,"Gestiona tus Servicios, Paga tu Factura y Compra Paqueticos con Mi Claro",Claro República Dominicana,gabriel_tech_971,La señal no se corta ni cuando hay tormenta en Santo Domingo Este. Sigan así.,2025-10-18T23:20:12Z,0,0,Atención al Cliente y App,POSITIVO
Ugx_CLARO_AP_00531,CLARO_APP_MICLARO,"Gestiona tus Servicios, Paga tu Factura y Compra Paqueticos con Mi Claro",Claro República Dominicana,tecnico_rd23_804,Buen ancho de banda y la subida simétrica me ayuda un mundo para subir videos a YouTube.,2025-10-19T05:19:08Z,0,0,Atención al Cliente y App,POSITIVO
Ugx_CLARO_FI_01218,CLARO_FIBRA_2025,Claro Dominicana - Nueva Fibra Óptica Simétrica hasta 1000 Mbps,Claro República Dominicana,elena_gomez_rd_762,"La cobertura de Claro en carretera y pueblos es la mejor del país por mucho, ninguna otra compañía llega allá.",2025-10-19T07:29:42Z,0,1,Fibra Óptica e Internet Hogar,POSITIVO
Ugx_CLARO_FI_00052,CLARO_FIBRA_2025,Claro Dominicana - Nueva Fibra Óptica Simétrica hasta 1000 Mbps,Claro República Dominicana,maria_jimenez_c_259,La señal no se corta ni cuando hay tormenta en Santo Domingo Este. Sigan así.,2025-10-19T13:58:48Z,1,0,Fibra Óptica e Internet Hogar,POSITIVO
Ugx_CLARO_FI_00690,CLARO_FIBRA_2025,Claro Dominicana - Nueva Fibra Óptica Simétrica hasta 1000 Mbps,Claro República Dominicana,ana_valdez_sd_95,El ping en juegos online como Valorant y Warzone me bajó a 35ms con la fibra. Nítido todo.,2025-10-19T16:28:22Z,0,0,Fibra Óptica e Internet Hogar,POSITIVO
Ugx_CLARO_FI_00010,CLARO_FIBRA_2025,Claro Dominicana - Nueva Fibra Óptica Simétrica hasta 1000 Mbps,Claro República Dominicana,maria_jimenez_c_915,"Los técnicos vinieron, no revisaron la caja exterior y dijeron que todo estaba bien. Sigo sin internet.",2025-10-20T07:44:29Z,5,2,Fibra Óptica e Internet Hogar,NEGATIVO
Ugx_CLARO_FI_00771,CLARO_FIBRA_2025,Claro Dominicana - Nueva Fibra Óptica Simétrica hasta 1000 Mbps,Claro República Dominicana,claudia_mella_102,"Muy satisfecho con la atención en la sucursal de Blue Mall, me atendieron con mucha amabilidad.",2025-10-20T09:10:04Z,1,0,Fibra Óptica e Internet Hogar,POSITIVO
Ugx_CLARO_FI_00757,CLARO_FIBRA_2025,Claro Dominicana - Nueva Fibra Óptica Simétrica hasta 1000 Mbps,Claro República Dominicana,alex_dev_rd_840,Alguien sabe si para solicitar el cambio de router cobran algún costo adicional?,2025-10-20T12:13:55Z,0,1,Fibra Óptica e Internet Hogar,NEUTRO
Ugx_CLARO_5G_00575,CLARO_5G_RD,La Red 5G Más Rápida y de Mayor Cobertura del País | Claro RD,Claro República Dominicana,patricia_reyes_166,La app Mi Claro vive con errores y se cierra sola cuando voy a pagar la factura.,2025-10-20T15:11:40Z,1,0,Red Móvil y Cobertura 5G,NEGATIVO
Ugx_CLARO_5G_00056,CLARO_5G_RD,La Red 5G Más Rápida y de Mayor Cobertura del País | Claro RD,Claro República Dominicana,tecnico_rd23_460,¿En qué horario labora la sucursal de la 27 de Febrero los sábados?,2025-10-20T17:38:37Z,1,0,Red Móvil y Cobertura 5G,NEUTRO
Ugx_CLARO_AP_00254,CLARO_APP_MICLARO,"Gestiona tus Servicios, Paga tu Factura y Compra Paqueticos con Mi Claro",Claro República Dominicana,alex_dev_rd_44,Me están facturando un paquete de canales que cancelé hace dos meses. Qué desastre.,2025-10-20T19:44:18Z,1,1,Atención al Cliente y App,NEGATIVO
Ugx_CLARO_FI_00257,CLARO_FIBRA_2025,Claro Dominicana - Nueva Fibra Óptica Simétrica hasta 1000 Mbps,Claro República Dominicana,gabriel_tech_724,Me están facturando un paquete de canales que cancelé hace dos meses. Qué desastre.,2025-10-21T00:37:26Z,0,0,Fibra Óptica e Internet Hogar,NEGATIVO
Ugx_CLARO_FI_00588,CLARO_FIBRA_2025,Claro Dominicana - Nueva Fibra Óptica Simétrica hasta 1000 Mbps,Claro República Dominicana,laura_santiago_194,La señal no se corta ni cuando hay tormenta en Santo Domingo Este. Sigan así.,2025-10-21T03:17:34Z,0,1,Fibra Óptica e Internet Hogar,POSITIVO
Ugx_CLARO_FI_00826,CLARO_FIBRA_2025,Claro Dominicana - Nueva Fibra Óptica Simétrica hasta 1000 Mbps,Claro República Dominicana,carlos_m_rd_836,Dicen que es fibra simétrica pero el ping sube a 200ms en las noches en San Cristóbal. Muy lento.,2025-10-21T06:21:40Z,0,0,Fibra Óptica e Internet Hogar,NEGATIVO
Ugx_CLARO_FI_00560,CLARO_FIBRA_2025,Claro Dominicana - Nueva Fibra Óptica Simétrica hasta 1000 Mbps,Claro República Dominicana,elena_gomez_rd_236,"Pésimo servicio al cliente, llevo 3 días esperando que me reparen una avería de internet en Herrera.",2025-10-21T11:53:58Z,0,0,Fibra Óptica e Internet Hogar,NEGATIVO
Ugx_CLARO_AP_00670,CLARO_APP_MICLARO,"Gestiona tus Servicios, Paga tu Factura y Compra Paqueticos con Mi Claro",Claro República Dominicana,gabriel_tech_847,Alguien sabe si para solicitar el cambio de router cobran algún costo adicional?,2025-10-21T21:31:09Z,0,0,Atención al Cliente y App,NEUTRO
Ugx_CLARO_AP_00454,CLARO_APP_MICLARO,"Gestiona tus Servicios, Paga tu Factura y Compra Paqueticos con Mi Claro",Claro República Dominicana,ramon_santos_sd_773,"Muy mal soporte técnico por WhatsApp, un bot que repite lo mismo y no transfiere a un humano.",2025-10-21T23:21:12Z,0,0,Atención al Cliente y App,NEGATIVO
Ugx_CLARO_5G_01219,CLARO_5G_RD,La Red 5G Más Rápida y de Mayor Cobertura del País | Claro RD,Claro República Dominicana,alex_dev_rd_924,Llevo 8 años con Claro y la estabilidad del internet para trabajar remoto es incomparable.,2025-10-21T23:47:54Z,8,0,Red Móvil y Cobertura 5G,POSITIVO
Ugx_CLARO_5G_01228,CLARO_5G_RD,La Red 5G Más Rápida y de Mayor Cobertura del País | Claro RD,Claro República Dominicana,ramon_santos_sd_565,"Pésimo servicio al cliente, llevo 3 días esperando que me reparen una avería de internet en Herrera.",2025-10-22T03:06:51Z,0,0,Red Móvil y Cobertura 5G,NEGATIVO
Ugx_CLARO_FI_01001,CLARO_FIBRA_2025,Claro Dominicana - Nueva Fibra Óptica Simétrica hasta 1000 Mbps,Claro República Dominicana,tecnico_rd23_382,"Muy satisfecho con la atención en la sucursal de Blue Mall, me atendieron con mucha amabilidad.",2025-10-22T04:32:26Z,3,3,Fibra Óptica e Internet Hogar,POSITIVO
Ugx_CLARO_FI_00002,CLARO_FIBRA_2025,Claro Dominicana - Nueva Fibra Óptica Simétrica hasta 1000 Mbps,Claro República Dominicana,patricia_reyes_37,"Excelente servicio con la fibra óptica simétrica, tengo 300 megas en Santiago y nunca se cae.",2025-10-22T08:28:15Z,0,0,Fibra Óptica e Internet Hogar,POSITIVO
Ugx_CLARO_FI_00830,CLARO_FIBRA_2025,Claro Dominicana - Nueva Fibra Óptica Simétrica hasta 1000 Mbps,Claro República Dominicana,juan_bavaro_760,Tengo una duda con respecto al contrato de permanencia mínima de 18 meses.,2025-10-22T16:04:30Z,0,2,Fibra Óptica e Internet Hogar,NEUTRO
Ugx_CLARO_AP_00618,CLARO_APP_MICLARO,"Gestiona tus Servicios, Paga tu Factura y Compra Paqueticos con Mi Claro",Claro República Dominicana,tecnico_rd23_637,Me están facturando un paquete de canales que cancelé hace dos meses. Qué desastre.,2025-10-23T06:14:09Z,5,2,Atención al Cliente y App,NEGATIVO
Ugx_CLARO_FI_00905,CLARO_FIBRA_2025,Claro Dominicana - Nueva Fibra Óptica Simétrica hasta 1000 Mbps,Claro República Dominicana,pedro_perez_do_520,Información sobre los requisitos para portabilidad numérica desde otra compañía por favor.,2025-10-23T14:07:51Z,0,0,Fibra Óptica e Internet Hogar,NEUTRO
Ugx_CLARO_FI_01017,CLARO_FIBRA_2025,Claro Dominicana - Nueva Fibra Óptica Simétrica hasta 1000 Mbps,Claro República Dominicana,claudia_mella_758,"Excelente promoción de paqueticos libres, rinden bastante bien en la semana.",2025-10-23T15:26:12Z,8,0,Fibra Óptica e Internet Hogar,POSITIVO
Ugx_CLARO_FI_00021,CLARO_FIBRA_2025,Claro Dominicana - Nueva Fibra Óptica Simétrica hasta 1000 Mbps,Claro República Dominicana,ana_valdez_sd_295,"La velocidad contratada de 100 megas nunca llega completa, apenas marca 30 en Speedtest.",2025-10-24T02:34:47Z,0,0,Fibra Óptica e Internet Hogar,NEGATIVO
Ugx_CLARO_AP_01235,CLARO_APP_MICLARO,"Gestiona tus Servicios, Paga tu Factura y Compra Paqueticos con Mi Claro",Claro República Dominicana,alex_dev_rd_464,"Excelente servicio con la fibra óptica simétrica, tengo 300 megas en Santiago y nunca se cae.",2025-10-24T03:58:28Z,1,0,Atención al Cliente y App,POSITIVO
Ugx_CLARO_5G_00066,CLARO_5G_RD,La Red 5G Más Rápida y de Mayor Cobertura del País | Claro RD,Claro República Dominicana,ramon_santos_sd_387,"En la zona de Bávaro la señal 5G casi no entra, se queda en 3G o sin servicio a cada rato.",2025-10-24T16:55:52Z,2,0,Red Móvil y Cobertura 5G,NEGATIVO
Ugx_CLARO_FI_01184,CLARO_FIBRA_2025,Claro Dominicana - Nueva Fibra Óptica Simétrica hasta 1000 Mbps,Claro República Dominicana,jose_gaming_rd_585,"Los técnicos vinieron, no revisaron la caja exterior y dijeron que todo estaba bien. Sigo sin internet.",2025-10-25T07:27:58Z,2,0,Fibra Óptica e Internet Hogar,NEGATIVO
Ugx_CLARO_AP_00006,CLARO_APP_MICLARO,"Gestiona tus Servicios, Paga tu Factura y Compra Paqueticos con Mi Claro",Claro República Dominicana,gabriel_tech_248,"El roaming en Estados Unidos me funcionó perfecto, sin cobros raros ni sorpresas en la factura.",2025-10-25T10:32:10Z,0,1,Atención al Cliente y App,POSITIVO
Ugx_CLARO_FI_01182,CLARO_FIBRA_2025,Claro Dominicana - Nueva Fibra Óptica Simétrica hasta 1000 Mbps,Claro República Dominicana,juan_bavaro_869,El ping en juegos online como Valorant y Warzone me bajó a 35ms con la fibra. Nítido todo.,2025-10-25T16:51:01Z,0,0,Fibra Óptica e Internet Hogar,POSITIVO
Ugx_CLARO_AP_00017,CLARO_APP_MICLARO,"Gestiona tus Servicios, Paga tu Factura y Compra Paqueticos con Mi Claro",Claro República Dominicana,laura_santiago_759,¿En qué horario labora la sucursal de la 27 de Febrero los sábados?,2025-10-25T20:39:24Z,0,0,Atención al Cliente y App,NEUTRO
Ugx_CLARO_AP_00464,CLARO_APP_MICLARO,"Gestiona tus Servicios, Paga tu Factura y Compra Paqueticos con Mi Claro",Claro República Dominicana,gabriel_tech_297,Esperando que extiendan la fibra óptica a la provincia de La Vega.,2025-10-25T23:30:13Z,0,1,Atención al Cliente y App,NEUTRO
Ugx_CLARO_5G_00369,CLARO_5G_RD,La Red 5G Más Rápida y de Mayor Cobertura del País | Claro RD,Claro República Dominicana,juan_bavaro_486,La app Mi Claro vive con errores y se cierra sola cuando voy a pagar la factura.,2025-10-26T01:37:28Z,0,0,Red Móvil y Cobertura 5G,NEGATIVO
Ugx_CLARO_AP_01128,CLARO_APP_MICLARO,"Gestiona tus Servicios, Paga tu Factura y Compra Paqueticos con Mi Claro",Claro República Dominicana,elena_gomez_rd_718,Llamar al 107 es perder una hora de la vida escuchando una música y nadie resuelve.,2025-10-26T08:00:04Z,0,2,Atención al Cliente y App,NEGATIVO
Ugx_CLARO_AP_01149,CLARO_APP_MICLARO,"Gestiona tus Servicios, Paga tu Factura y Compra Paqueticos con Mi Claro",Claro República Dominicana,pedro_perez_do_581,Esperando que extiendan la fibra óptica a la provincia de La Vega.,2025-10-26T10:47:08Z,0,1,Atención al Cliente y App,NEUTRO
Ugx_CLARO_FI_00271,CLARO_FIBRA_2025,Claro Dominicana - Nueva Fibra Óptica Simétrica hasta 1000 Mbps,Claro República Dominicana,jose_gaming_rd_711,"Excelente promoción de paqueticos libres, rinden bastante bien en la semana.",2025-10-26T20:49:27Z,8,0,Fibra Óptica e Internet Hogar,POSITIVO
Ugx_CLARO_FI_00128,CLARO_FIBRA_2025,Claro Dominicana - Nueva Fibra Óptica Simétrica hasta 1000 Mbps,Claro República Dominicana,tecnico_rd23_479,"El 5G en el Distrito Nacional vuela, me dio más de 450 Mbps de bajada en el test.",2025-10-26T23:59:23Z,8,0,Fibra Óptica e Internet Hogar,POSITIVO
Ugx_CLARO_FI_00158,CLARO_FIBRA_2025,Claro Dominicana - Nueva Fibra Óptica Simétrica hasta 1000 Mbps,Claro República Dominicana,laura_santiago_671,La app Mi Claro vive con errores y se cierra sola cuando voy a pagar la factura.,2025-10-27T04:39:10Z,1,0,Fibra Óptica e Internet Hogar,NEGATIVO
Ugx_CLARO_FI_00965,CLARO_FIBRA_2025,Claro Dominicana - Nueva Fibra Óptica Simétrica hasta 1000 Mbps,Claro República Dominicana,maria_jimenez_c_680,Esperando que extiendan la fibra óptica a la provincia de La Vega.,2025-10-27T15:12:47Z,0,0,Fibra Óptica e Internet Hogar,NEUTRO
Ugx_CLARO_FI_00212,CLARO_FIBRA_2025,Claro Dominicana - Nueva Fibra Óptica Simétrica hasta 1000 Mbps,Claro República Dominicana,maria_jimenez_c_331,"Excelente promoción de paqueticos libres, rinden bastante bien en la semana.",2025-10-27T17:25:01Z,0,3,Fibra Óptica e Internet Hogar,POSITIVO
Ugx_CLARO_5G_00637,CLARO_5G_RD,La Red 5G Más Rápida y de Mayor Cobertura del País | Claro RD,Claro República Dominicana,maria_jimenez_c_958,"Excelente servicio con la fibra óptica simétrica, tengo 300 megas en Santiago y nunca se cae.",2025-10-27T18:16:02Z,1,0,Red Móvil y Cobertura 5G,POSITIVO
Ugx_CLARO_FI_00404,CLARO_FIBRA_2025,Claro Dominicana - Nueva Fibra Óptica Simétrica hasta 1000 Mbps,Claro República Dominicana,pedro_perez_do_454,¿En qué horario labora la sucursal de la 27 de Febrero los sábados?,2025-10-27T18:56:35Z,1,2,Fibra Óptica e Internet Hogar,NEUTRO
Ugx_CLARO_AP_00133,CLARO_APP_MICLARO,"Gestiona tus Servicios, Paga tu Factura y Compra Paqueticos con Mi Claro",Claro República Dominicana,gabriel_tech_97,"Muy buena actualización de la app Mi Claro, ahora puedo pagar con tarjeta y se refleja de una vez.",2025-10-28T02:26:39Z,15,0,Atención al Cliente y App,POSITIVO
Ugx_CLARO_AP_00845,CLARO_APP_MICLARO,"Gestiona tus Servicios, Paga tu Factura y Compra Paqueticos con Mi Claro",Claro República Dominicana,carlos_m_rd_445,Instalaron la fibra en menos de 48 horas en Bella Vista. Muy puntuales los técnicos.,2025-10-28T02:59:00Z,1,2,Atención al Cliente y App,POSITIVO
Ugx_CLARO_AP_00556,CLARO_APP_MICLARO,"Gestiona tus Servicios, Paga tu Factura y Compra Paqueticos con Mi Claro",Claro República Dominicana,patricia_reyes_419,"Los técnicos vinieron, no revisaron la caja exterior y dijeron que todo estaba bien. Sigo sin internet.",2025-10-28T10:56:01Z,0,0,Atención al Cliente y App,NEGATIVO
Ugx_CLARO_FI_00527,CLARO_FIBRA_2025,Claro Dominicana - Nueva Fibra Óptica Simétrica hasta 1000 Mbps,Claro República Dominicana,ramon_santos_sd_285,"El 5G en el Distrito Nacional vuela, me dio más de 450 Mbps de bajada en el test.",2025-10-29T10:21:53Z,1,0,Fibra Óptica e Internet Hogar,POSITIVO
Ugx_CLARO_AP_00004,CLARO_APP_MICLARO,"Gestiona tus Servicios, Paga tu Factura y Compra Paqueticos con Mi Claro",Claro República Dominicana,pedro_perez_do_877,"El router que instalan es malísimo, a 5 metros ya no llega la señal de Wi-Fi.",2025-10-29T13:49:57Z,0,0,Atención al Cliente y App,NEGATIVO
Ugx_CLARO_AP_00753,CLARO_APP_MICLARO,"Gestiona tus Servicios, Paga tu Factura y Compra Paqueticos con Mi Claro",Claro República Dominicana,maria_jimenez_c_363,Me están facturando un paquete de canales que cancelé hace dos meses. Qué desastre.,2025-10-29T13:51:22Z,1,7,Atención al Cliente y App,NEGATIVO
Ugx_CLARO_AP_00112,CLARO_APP_MICLARO,"Gestiona tus Servicios, Paga tu Factura y Compra Paqueticos con Mi Claro",Claro República Dominicana,claudia_mella_652,"El roaming en Estados Unidos me funcionó perfecto, sin cobros raros ni sorpresas en la factura.",2025-10-29T22:52:25Z,3,0,Atención al Cliente y App,POSITIVO
Ugx_CLARO_AP_00349,CLARO_APP_MICLARO,"Gestiona tus Servicios, Paga tu Factura y Compra Paqueticos con Mi Claro",Claro República Dominicana,ana_valdez_sd_682,"En la zona de Bávaro la señal 5G casi no entra, se queda en 3G o sin servicio a cada rato.",2025-10-30T05:48:42Z,1,0,Atención al Cliente y App,NEGATIVO
Ugx_CLARO_FI_00736,CLARO_FIBRA_2025,Claro Dominicana - Nueva Fibra Óptica Simétrica hasta 1000 Mbps,Claro República Dominicana,carlos_m_rd_752,"El roaming en Estados Unidos me funcionó perfecto, sin cobros raros ni sorpresas en la factura.",2025-10-30T06:15:14Z,0,0,Fibra Óptica e Internet Hogar,POSITIVO
Ugx_CLARO_FI_00929,CLARO_FIBRA_2025,Claro Dominicana - Nueva Fibra Óptica Simétrica hasta 1000 Mbps,Claro República Dominicana,tecnico_rd23_692,"Pésimo servicio al cliente, llevo 3 días esperando que me reparen una avería de internet en Herrera.",2025-10-30T09:58:04Z,0,2,Fibra Óptica e Internet Hogar,NEGATIVO
Ugx_CLARO_FI_00202,CLARO_FIBRA_2025,Claro Dominicana - Nueva Fibra Óptica Simétrica hasta 1000 Mbps,Claro República Dominicana,carlos_m_rd_877,"Los técnicos vinieron, no revisaron la caja exterior y dijeron que todo estaba bien. Sigo sin internet.",2025-10-30T10:24:13Z,5,0,Fibra Óptica e Internet Hogar,NEGATIVO
Ugx_CLARO_FI_00025,CLARO_FIBRA_2025,Claro Dominicana - Nueva Fibra Óptica Simétrica hasta 1000 Mbps,Claro República Dominicana,gabriel_tech_25,"Muy satisfecho con la atención en la sucursal de Blue Mall, me atendieron con mucha amabilidad.",2025-10-31T01:50:30Z,3,3,Fibra Óptica e Internet Hogar,POSITIVO
Ugx_CLARO_5G_00794,CLARO_5G_RD,La Red 5G Más Rápida y de Mayor Cobertura del País | Claro RD,Claro República Dominicana,claudia_mella_907,"Muy satisfecho con la atención en la sucursal de Blue Mall, me atendieron con mucha amabilidad.",2025-10-31T15:39:32Z,0,0,Red Móvil y Cobertura 5G,POSITIVO
Ugx_CLARO_FI_00839,CLARO_FIBRA_2025,Claro Dominicana - Nueva Fibra Óptica Simétrica hasta 1000 Mbps,Claro República Dominicana,tecnico_rd23_228,Aumentaron la tarifa del plan pospago sin avisar previamente por correo o SMS. Un abuso.,2025-10-31T18:56:59Z,0,0,Fibra Óptica e Internet Hogar,NEGATIVO
Ugx_CLARO_5G_00080,CLARO_5G_RD,La Red 5G Más Rápida y de Mayor Cobertura del País | Claro RD,Claro República Dominicana,juan_bavaro_500,Buen ancho de banda y la subida simétrica me ayuda un mundo para subir videos a YouTube.,2025-10-31T20:54:03Z,0,0,Red Móvil y Cobertura 5G,POSITIVO
Ugx_CLARO_5G_01055,CLARO_5G_RD,La Red 5G Más Rápida y de Mayor Cobertura del País | Claro RD,Claro República Dominicana,carlos_m_rd_327,"En la zona de Bávaro la señal 5G casi no entra, se queda en 3G o sin servicio a cada rato.",2025-10-31T23:34:37Z,12,0,Red Móvil y Cobertura 5G,NEGATIVO
Ugx_CLARO_5G_00634,CLARO_5G_RD,La Red 5G Más Rápida y de Mayor Cobertura del País | Claro RD,Claro República Dominicana,gabriel_tech_696,"Muy satisfecho con la atención en la sucursal de Blue Mall, me atendieron con mucha amabilidad.",2025-11-01T05:37:00Z,8,0,Red Móvil y Cobertura 5G,POSITIVO
Ugx_CLARO_AP_00502,CLARO_APP_MICLARO,"Gestiona tus Servicios, Paga tu Factura y Compra Paqueticos con Mi Claro",Claro República Dominicana,laura_santiago_952,Llamar al 107 es perder una hora de la vida escuchando una música y nadie resuelve.,2025-11-01T05:40:46Z,5,0,Atención al Cliente y App,NEGATIVO
Ugx_CLARO_5G_00952,CLARO_5G_RD,La Red 5G Más Rápida y de Mayor Cobertura del País | Claro RD,Claro República Dominicana,patricia_reyes_469,"El 5G en el Distrito Nacional vuela, me dio más de 450 Mbps de bajada en el test.",2025-11-01T11:02:08Z,0,3,Red Móvil y Cobertura 5G,POSITIVO
Ugx_CLARO_5G_00108,CLARO_5G_RD,La Red 5G Más Rápida y de Mayor Cobertura del País | Claro RD,Claro República Dominicana,luis_almonte_sti_569,Llevo 8 años con Claro y la estabilidad del internet para trabajar remoto es incomparable.,2025-11-01T16:56:21Z,0,0,Red Móvil y Cobertura 5G,POSITIVO
Ugx_CLARO_5G_00319,CLARO_5G_RD,La Red 5G Más Rápida y de Mayor Cobertura del País | Claro RD,Claro República Dominicana,luis_almonte_sti_739,"Pésimo servicio al cliente, llevo 3 días esperando que me reparen una avería de internet en Herrera.",2025-11-01T18:26:42Z,12,0,Red Móvil y Cobertura 5G,NEGATIVO
Ugx_CLARO_FI_00911,CLARO_FIBRA_2025,Claro Dominicana - Nueva Fibra Óptica Simétrica hasta 1000 Mbps,Claro República Dominicana,luis_almonte_sti_90,El internet se cae todos los fines de semana por la noche. Muy inestable.,2025-11-01T18:40:12Z,0,1,Fibra Óptica e Internet Hogar,NEGATIVO
Ugx_CLARO_AP_00538,CLARO_APP_MICLARO,"Gestiona tus Servicios, Paga tu Factura y Compra Paqueticos con Mi Claro",Claro República Dominicana,jose_gaming_rd_509,¿Cuándo estará disponible la cobertura de fibra óptica en la Urbanización Real?,2025-11-01T19:31:40Z,0,0,Atención al Cliente y App,NEUTRO
Ugx_CLARO_AP_00644,CLARO_APP_MICLARO,"Gestiona tus Servicios, Paga tu Factura y Compra Paqueticos con Mi Claro",Claro República Dominicana,patricia_reyes_188,"Los técnicos vinieron, no revisaron la caja exterior y dijeron que todo estaba bien. Sigo sin internet.",2025-11-02T00:31:01Z,0,2,Atención al Cliente y App,NEGATIVO
Ugx_CLARO_FI_00363,CLARO_FIBRA_2025,Claro Dominicana - Nueva Fibra Óptica Simétrica hasta 1000 Mbps,Claro República Dominicana,claudia_mella_105,Me cobraron un cargo por reconexión que nunca solicité. Facturación no me da respuesta.,2025-11-02T02:43:50Z,5,0,Fibra Óptica e Internet Hogar,NEGATIVO
Ugx_CLARO_FI_00408,CLARO_FIBRA_2025,Claro Dominicana - Nueva Fibra Óptica Simétrica hasta 1000 Mbps,Claro República Dominicana,tecnico_rd23_495,El internet se cae todos los fines de semana por la noche. Muy inestable.,2025-11-02T04:29:59Z,1,0,Fibra Óptica e Internet Hogar,NEGATIVO
Ugx_CLARO_FI_00018,CLARO_FIBRA_2025,Claro Dominicana - Nueva Fibra Óptica Simétrica hasta 1000 Mbps,Claro República Dominicana,jose_gaming_rd_281,¿El roaming sin fronteras incluye llamadas locales dentro del país de destino?,2025-11-02T17:18:16Z,1,0,Fibra Óptica e Internet Hogar,NEUTRO
Ugx_CLARO_AP_00841,CLARO_APP_MICLARO,"Gestiona tus Servicios, Paga tu Factura y Compra Paqueticos con Mi Claro",Claro República Dominicana,elena_gomez_rd_71,"El router que instalan es malísimo, a 5 metros ya no llega la señal de Wi-Fi.",2025-11-02T18:23:47Z,0,1,Atención al Cliente y App,NEGATIVO
Ugx_CLARO_AP_00283,CLARO_APP_MICLARO,"Gestiona tus Servicios, Paga tu Factura y Compra Paqueticos con Mi Claro",Claro República Dominicana,gabriel_tech_973,Esperando que extiendan la fibra óptica a la provincia de La Vega.,2025-11-03T03:07:33Z,0,0,Atención al Cliente y App,NEUTRO
Ugx_CLARO_5G_00823,CLARO_5G_RD,La Red 5G Más Rápida y de Mayor Cobertura del País | Claro RD,Claro República Dominicana,elena_gomez_rd_738,Tenía problemas de cobertura con otra telefónica y me cambié a Claro. Santo remedio.,2025-11-03T04:46:31Z,0,0,Red Móvil y Cobertura 5G,POSITIVO
Ugx_CLARO_FI_01004,CLARO_FIBRA_2025,Claro Dominicana - Nueva Fibra Óptica Simétrica hasta 1000 Mbps,Claro República Dominicana,ana_valdez_sd_615,Llamar al 107 es perder una hora de la vida escuchando una música y nadie resuelve.,2025-11-03T04:53:10Z,0,0,Fibra Óptica e Internet Hogar,NEGATIVO
Ugx_CLARO_AP_00416,CLARO_APP_MICLARO,"Gestiona tus Servicios, Paga tu Factura y Compra Paqueticos con Mi Claro",Claro República Dominicana,maria_jimenez_c_419,Alguien sabe si para solicitar el cambio de router cobran algún costo adicional?,2025-11-03T06:39:29Z,0,3,Atención al Cliente y App,NEUTRO
Ugx_CLARO_FI_00013,CLARO_FIBRA_2025,Claro Dominicana - Nueva Fibra Óptica Simétrica hasta 1000 Mbps,Claro República Dominicana,gabriel_tech_975,"Los técnicos vinieron, no revisaron la caja exterior y dijeron que todo estaba bien. Sigo sin internet.",2025-11-03T09:09:13Z,45,0,Fibra Óptica e Internet Hogar,NEGATIVO
Ugx_CLARO_FI_00864,CLARO_FIBRA_2025,Claro Dominicana - Nueva Fibra Óptica Simétrica hasta 1000 Mbps,Claro República Dominicana,patricia_reyes_701,El ping en juegos online como Valorant y Warzone me bajó a 35ms con la fibra. Nítido todo.,2025-11-03T09:47:59Z,1,0,Fibra Óptica e Internet Hogar,POSITIVO
Ugx_CLARO_AP_00115,CLARO_APP_MICLARO,"Gestiona tus Servicios, Paga tu Factura y Compra Paqueticos con Mi Claro",Claro República Dominicana,juan_bavaro_996,Esperando que extiendan la fibra óptica a la provincia de La Vega.,2025-11-03T12:19:56Z,2,0,Atención al Cliente y App,NEUTRO
Ugx_CLARO_AP_00821,CLARO_APP_MICLARO,"Gestiona tus Servicios, Paga tu Factura y Compra Paqueticos con Mi Claro",Claro República Dominicana,juan_bavaro_647,Llevo 8 años con Claro y la estabilidad del internet para trabajar remoto es incomparable.,2025-11-03T17:14:01Z,8,2,Atención al Cliente y App,POSITIVO
Ugx_CLARO_5G_00540,CLARO_5G_RD,La Red 5G Más Rápida y de Mayor Cobertura del País | Claro RD,Claro República Dominicana,alex_dev_rd_723,"Pésimo servicio al cliente, llevo 3 días esperando que me reparen una avería de internet en Herrera.",2025-11-03T20:21:12Z,1,0,Red Móvil y Cobertura 5G,NEGATIVO
Ugx_CLARO_FI_00586,CLARO_FIBRA_2025,Claro Dominicana - Nueva Fibra Óptica Simétrica hasta 1000 Mbps,Claro República Dominicana,maria_jimenez_c_538,¿El servicio de 5G requiere cambiar la tarjeta SIM o sirve la misma USIM 4G?,2025-11-04T01:25:44Z,0,1,Fibra Óptica e Internet Hogar,NEUTRO
Ugx_CLARO_AP_00849,CLARO_APP_MICLARO,"Gestiona tus Servicios, Paga tu Factura y Compra Paqueticos con Mi Claro",Claro República Dominicana,pedro_perez_do_595,Alguien sabe si para solicitar el cambio de router cobran algún costo adicional?,2025-11-04T04:01:01Z,0,0,Atención al Cliente y App,NEUTRO
Ugx_CLARO_5G_01102,CLARO_5G_RD,La Red 5G Más Rápida y de Mayor Cobertura del País | Claro RD,Claro República Dominicana,jose_gaming_rd_213,Alguien sabe si para solicitar el cambio de router cobran algún costo adicional?,2025-11-04T12:27:09Z,1,0,Red Móvil y Cobertura 5G,NEUTRO
Ugx_CLARO_AP_01043,CLARO_APP_MICLARO,"Gestiona tus Servicios, Paga tu Factura y Compra Paqueticos con Mi Claro",Claro República Dominicana,claudia_mella_456,¿El roaming sin fronteras incluye llamadas locales dentro del país de destino?,2025-11-04T16:19:43Z,2,0,Atención al Cliente y App,NEUTRO
Ugx_CLARO_AP_01118,CLARO_APP_MICLARO,"Gestiona tus Servicios, Paga tu Factura y Compra Paqueticos con Mi Claro",Claro República Dominicana,luis_almonte_sti_600,El ping en juegos online como Valorant y Warzone me bajó a 35ms con la fibra. Nítido todo.,2025-11-04T18:21:33Z,0,1,Atención al Cliente y App,POSITIVO
Ugx_CLARO_5G_00761,CLARO_5G_RD,La Red 5G Más Rápida y de Mayor Cobertura del País | Claro RD,Claro República Dominicana,maria_jimenez_c_689,El internet se cae todos los fines de semana por la noche. Muy inestable.,2025-11-04T18:22:24Z,2,0,Red Móvil y Cobertura 5G,NEGATIVO
Ugx_CLARO_5G_00315,CLARO_5G_RD,La Red 5G Más Rápida y de Mayor Cobertura del País | Claro RD,Claro República Dominicana,ana_valdez_sd_540,El internet se cae todos los fines de semana por la noche. Muy inestable.,2025-11-05T00:58:35Z,0,0,Red Móvil y Cobertura 5G,NEGATIVO
Ugx_CLARO_5G_00718,CLARO_5G_RD,La Red 5G Más Rápida y de Mayor Cobertura del País | Claro RD,Claro República Dominicana,gabriel_tech_609,"Es una pesadilla cancelar una línea fija, te ponen mil trabas y trámites innecesarios.",2025-11-05T01:32:15Z,0,0,Red Móvil y Cobertura 5G,NEGATIVO
Ugx_CLARO_5G_00226,CLARO_5G_RD,La Red 5G Más Rápida y de Mayor Cobertura del País | Claro RD,Claro República Dominicana,patricia_reyes_750,La app Mi Claro vive con errores y se cierra sola cuando voy a pagar la factura.,2025-11-05T12:00:04Z,0,0,Red Móvil y Cobertura 5G,NEGATIVO
Ugx_CLARO_FI_00039,CLARO_FIBRA_2025,Claro Dominicana - Nueva Fibra Óptica Simétrica hasta 1000 Mbps,Claro República Dominicana,claudia_mella_905,¿El servicio de 5G requiere cambiar la tarjeta SIM o sirve la misma USIM 4G?,2025-11-05T12:52:37Z,0,0,Fibra Óptica e Internet Hogar,NEUTRO
Ugx_CLARO_FI_00134,CLARO_FIBRA_2025,Claro Dominicana - Nueva Fibra Óptica Simétrica hasta 1000 Mbps,Claro República Dominicana,alex_dev_rd_347,"Muy buena actualización de la app Mi Claro, ahora puedo pagar con tarjeta y se refleja de una vez.",2025-11-05T21:21:09Z,3,0,Fibra Óptica e Internet Hogar,POSITIVO
Ugx_CLARO_AP_01170,CLARO_APP_MICLARO,"Gestiona tus Servicios, Paga tu Factura y Compra Paqueticos con Mi Claro",Claro República Dominicana,maria_jimenez_c_824,"Pésimo servicio al cliente, llevo 3 días esperando que me reparen una avería de internet en Herrera.",2025-11-05T22:17:44Z,1,0,Atención al Cliente y App,NEGATIVO
Ugx_CLARO_FI_00439,CLARO_FIBRA_2025,Claro Dominicana - Nueva Fibra Óptica Simétrica hasta 1000 Mbps,Claro República Dominicana,maria_jimenez_c_253,Tenía problemas de cobertura con otra telefónica y me cambié a Claro. Santo remedio.,2025-11-05T23:33:39Z,1,0,Fibra Óptica e Internet Hogar,POSITIVO
Ugx_CLARO_FI_01183,CLARO_FIBRA_2025,Claro Dominicana - Nueva Fibra Óptica Simétrica hasta 1000 Mbps,Claro República Dominicana,juan_bavaro_717,"Muy mal soporte técnico por WhatsApp, un bot que repite lo mismo y no transfiere a un humano.",2025-11-06T10:34:46Z,0,0,Fibra Óptica e Internet Hogar,NEGATIVO
Ugx_CLARO_AP_00631,CLARO_APP_MICLARO,"Gestiona tus Servicios, Paga tu Factura y Compra Paqueticos con Mi Claro",Claro República Dominicana,gabriel_tech_311,Información sobre los requisitos para portabilidad numérica desde otra compañía por favor.,2025-11-06T14:42:58Z,0,0,Atención al Cliente y App,NEUTRO
Ugx_CLARO_AP_00417,CLARO_APP_MICLARO,"Gestiona tus Servicios, Paga tu Factura y Compra Paqueticos con Mi Claro",Claro República Dominicana,elena_gomez_rd_753,Esperando que extiendan la fibra óptica a la provincia de La Vega.,2025-11-07T04:06:58Z,1,0,Atención al Cliente y App,NEUTRO
Ugx_CLARO_5G_01090,CLARO_5G_RD,La Red 5G Más Rápida y de Mayor Cobertura del País | Claro RD,Claro República Dominicana,alex_dev_rd_898,"Felicidades a Claro, el soporte telefónico me resolvió un cambio de clave de router súper rápido.",2025-11-07T05:11:33Z,0,3,Red Móvil y Cobertura 5G,POSITIVO
Ugx_CLARO_AP_01217,CLARO_APP_MICLARO,"Gestiona tus Servicios, Paga tu Factura y Compra Paqueticos con Mi Claro",Claro República Dominicana,patricia_reyes_417,Aumentaron la tarifa del plan pospago sin avisar previamente por correo o SMS. Un abuso.,2025-11-07T10:38:47Z,1,0,Atención al Cliente y App,NEGATIVO
Ugx_CLARO_FI_00810,CLARO_FIBRA_2025,Claro Dominicana - Nueva Fibra Óptica Simétrica hasta 1000 Mbps,Claro República Dominicana,gabriel_tech_269,"Excelente promoción de paqueticos libres, rinden bastante bien en la semana.",2025-11-07T16:55:03Z,0,0,Fibra Óptica e Internet Hogar,POSITIVO
Ugx_CLARO_AP_01177,CLARO_APP_MICLARO,"Gestiona tus Servicios, Paga tu Factura y Compra Paqueticos con Mi Claro",Claro República Dominicana,maria_jimenez_c_577,"Buenas tardes, quisiera saber el precio actual del plan de 500 megas de fibra.",2025-11-08T09:06:10Z,0,0,Atención al Cliente y App,NEUTRO
Ugx_CLARO_5G_00725,CLARO_5G_RD,La Red 5G Más Rápida y de Mayor Cobertura del País | Claro RD,Claro República Dominicana,gabriel_tech_875,Para mí es la empresa de telecomunicaciones más seria de República Dominicana. Servicio de calidad.,2025-11-08T11:44:44Z,3,0,Red Móvil y Cobertura 5G,POSITIVO
Ugx_CLARO_5G_00031,CLARO_5G_RD,La Red 5G Más Rápida y de Mayor Cobertura del País | Claro RD,Claro República Dominicana,claudia_mella_779,Me cobraron un cargo por reconexión que nunca solicité. Facturación no me da respuesta.,2025-11-08T16:38:49Z,2,2,Red Móvil y Cobertura 5G,NEGATIVO
Ugx_CLARO_AP_00607,CLARO_APP_MICLARO,"Gestiona tus Servicios, Paga tu Factura y Compra Paqueticos con Mi Claro",Claro República Dominicana,juan_bavaro_169,Esperando que extiendan la fibra óptica a la provincia de La Vega.,2025-11-08T23:30:26Z,1,0,Atención al Cliente y App,NEUTRO
Ugx_CLARO_AP_00057,CLARO_APP_MICLARO,"Gestiona tus Servicios, Paga tu Factura y Compra Paqueticos con Mi Claro",Claro República Dominicana,jose_gaming_rd_246,Aumentaron la tarifa del plan pospago sin avisar previamente por correo o SMS. Un abuso.,2025-11-09T02:56:01Z,0,0,Atención al Cliente y App,NEGATIVO
Ugx_CLARO_AP_00913,CLARO_APP_MICLARO,"Gestiona tus Servicios, Paga tu Factura y Compra Paqueticos con Mi Claro",Claro República Dominicana,gabriel_tech_780,Buen ancho de banda y la subida simétrica me ayuda un mundo para subir videos a YouTube.,2025-11-09T06:56:27Z,1,0,Atención al Cliente y App,POSITIVO
Ugx_CLARO_AP_00576,CLARO_APP_MICLARO,"Gestiona tus Servicios, Paga tu Factura y Compra Paqueticos con Mi Claro",Claro República Dominicana,patricia_reyes_564,Tengo una duda con respecto al contrato de permanencia mínima de 18 meses.,2025-11-09T07:31:40Z,0,0,Atención al Cliente y App,NEUTRO
Ugx_CLARO_FI_00624,CLARO_FIBRA_2025,Claro Dominicana - Nueva Fibra Óptica Simétrica hasta 1000 Mbps,Claro República Dominicana,jose_gaming_rd_530,"En la zona de Bávaro la señal 5G casi no entra, se queda en 3G o sin servicio a cada rato.",2025-11-09T12:41:33Z,5,0,Fibra Óptica e Internet Hogar,NEGATIVO
Ugx_CLARO_FI_00513,CLARO_FIBRA_2025,Claro Dominicana - Nueva Fibra Óptica Simétrica hasta 1000 Mbps,Claro República Dominicana,luis_almonte_sti_674,"Muy mal soporte técnico por WhatsApp, un bot que repite lo mismo y no transfiere a un humano.",2025-11-09T21:00:09Z,28,0,Fibra Óptica e Internet Hogar,NEGATIVO
Ugx_CLARO_5G_00448,CLARO_5G_RD,La Red 5G Más Rápida y de Mayor Cobertura del País | Claro RD,Claro República Dominicana,maria_jimenez_c_947,Información sobre los requisitos para portabilidad numérica desde otra compañía por favor.,2025-11-10T01:27:06Z,1,1,Red Móvil y Cobertura 5G,NEUTRO
Ugx_CLARO_AP_00312,CLARO_APP_MICLARO,"Gestiona tus Servicios, Paga tu Factura y Compra Paqueticos con Mi Claro",Claro República Dominicana,laura_santiago_553,"El router que instalan es malísimo, a 5 metros ya no llega la señal de Wi-Fi.",2025-11-10T23:21:32Z,5,0,Atención al Cliente y App,NEGATIVO
Ugx_CLARO_FI_00692,CLARO_FIBRA_2025,Claro Dominicana - Nueva Fibra Óptica Simétrica hasta 1000 Mbps,Claro República Dominicana,carlos_m_rd_475,Llevo 8 años con Claro y la estabilidad del internet para trabajar remoto es incomparable.,2025-11-11T20:46:00Z,0,0,Fibra Óptica e Internet Hogar,POSITIVO
Ugx_CLARO_AP_00709,CLARO_APP_MICLARO,"Gestiona tus Servicios, Paga tu Factura y Compra Paqueticos con Mi Claro",Claro República Dominicana,ramon_santos_sd_588,Llevo 8 años con Claro y la estabilidad del internet para trabajar remoto es incomparable.,2025-11-11T20:53:19Z,0,0,Atención al Cliente y App,POSITIVO
Ugx_CLARO_FI_00130,CLARO_FIBRA_2025,Claro Dominicana - Nueva Fibra Óptica Simétrica hasta 1000 Mbps,Claro República Dominicana,alex_dev_rd_739,Me cobraron un cargo por reconexión que nunca solicité. Facturación no me da respuesta.,2025-11-11T22:43:50Z,0,0,Fibra Óptica e Internet Hogar,NEGATIVO
Ugx_CLARO_FI_00898,CLARO_FIBRA_2025,Claro Dominicana - Nueva Fibra Óptica Simétrica hasta 1000 Mbps,Claro República Dominicana,claudia_mella_793,Instalaron la fibra en menos de 48 horas en Bella Vista. Muy puntuales los técnicos.,2025-11-11T22:59:10Z,0,0,Fibra Óptica e Internet Hogar,POSITIVO
Ugx_CLARO_5G_00463,CLARO_5G_RD,La Red 5G Más Rápida y de Mayor Cobertura del País | Claro RD,Claro República Dominicana,claudia_mella_501,Tenía problemas de cobertura con otra telefónica y me cambié a Claro. Santo remedio.,2025-11-12T04:53:23Z,0,0,Red Móvil y Cobertura 5G,POSITIVO
Ugx_CLARO_FI_00298,CLARO_FIBRA_2025,Claro Dominicana - Nueva Fibra Óptica Simétrica hasta 1000 Mbps,Claro República Dominicana,elena_gomez_rd_369,"La cobertura de Claro en carretera y pueblos es la mejor del país por mucho, ninguna otra compañía llega allá.",2025-11-12T07:38:29Z,3,1,Fibra Óptica e Internet Hogar,POSITIVO
Ugx_CLARO_5G_00124,CLARO_5G_RD,La Red 5G Más Rápida y de Mayor Cobertura del País | Claro RD,Claro República Dominicana,ramon_santos_sd_161,"El router que instalan es malísimo, a 5 metros ya no llega la señal de Wi-Fi.",2025-11-12T08:28:59Z,1,1,Red Móvil y Cobertura 5G,NEGATIVO
Ugx_CLARO_FA_00366,CLARO_FACTURACION_TUTORIAL,Conoce cómo entender tu Factura Electrónica Claro,Claro República Dominicana,maria_jimenez_c_99,"Muy satisfecho con la atención en la sucursal de Blue Mall, me atendieron con mucha amabilidad.",2025-11-12T13:08:14Z,0,0,Facturación y Tarifas,POSITIVO
Ugx_CLARO_5G_00378,CLARO_5G_RD,La Red 5G Más Rápida y de Mayor Cobertura del País | Claro RD,Claro República Dominicana,elena_gomez_rd_253,Tenía problemas de cobertura con otra telefónica y me cambié a Claro. Santo remedio.,2025-11-12T14:24:37Z,1,0,Red Móvil y Cobertura 5G,POSITIVO
Ugx_CLARO_FA_00307,CLARO_FACTURACION_TUTORIAL,Conoce cómo entender tu Factura Electrónica Claro,Claro República Dominicana,maria_jimenez_c_217,"La velocidad contratada de 100 megas nunca llega completa, apenas marca 30 en Speedtest.",2025-11-12T16:37:16Z,5,7,Facturación y Tarifas,NEGATIVO
Ugx_CLARO_AP_01171,CLARO_APP_MICLARO,"Gestiona tus Servicios, Paga tu Factura y Compra Paqueticos con Mi Claro",Claro República Dominicana,alex_dev_rd_999,"Pésimo servicio al cliente, llevo 3 días esperando que me reparen una avería de internet en Herrera.",2025-11-12T16:58:41Z,1,0,Atención al Cliente y App,NEGATIVO
Ugx_CLARO_AP_00795,CLARO_APP_MICLARO,"Gestiona tus Servicios, Paga tu Factura y Compra Paqueticos con Mi Claro",Claro República Dominicana,alex_dev_rd_883,El ping en juegos online como Valorant y Warzone me bajó a 35ms con la fibra. Nítido todo.,2025-11-12T17:53:12Z,8,2,Atención al Cliente y App,POSITIVO
Ugx_CLARO_5G_00926,CLARO_5G_RD,La Red 5G Más Rápida y de Mayor Cobertura del País | Claro RD,Claro República Dominicana,claudia_mella_592,"Muy satisfecho con la atención en la sucursal de Blue Mall, me atendieron con mucha amabilidad.",2025-11-12T19:08:45Z,0,2,Red Móvil y Cobertura 5G,POSITIVO
Ugx_CLARO_5G_01209,CLARO_5G_RD,La Red 5G Más Rápida y de Mayor Cobertura del País | Claro RD,Claro República Dominicana,claudia_mella_785,"El router que instalan es malísimo, a 5 metros ya no llega la señal de Wi-Fi.",2025-11-12T19:55:07Z,0,0,Red Móvil y Cobertura 5G,NEGATIVO
Ugx_CLARO_AP_00444,CLARO_APP_MICLARO,"Gestiona tus Servicios, Paga tu Factura y Compra Paqueticos con Mi Claro",Claro República Dominicana,claudia_mella_340,"En la zona de Bávaro la señal 5G casi no entra, se queda en 3G o sin servicio a cada rato.",2025-11-13T01:27:15Z,2,0,Atención al Cliente y App,NEGATIVO
Ugx_CLARO_FA_00708,CLARO_FACTURACION_TUTORIAL,Conoce cómo entender tu Factura Electrónica Claro,Claro República Dominicana,elena_gomez_rd_569,"Buenas tardes, quisiera saber el precio actual del plan de 500 megas de fibra.",2025-11-13T05:40:54Z,1,3,Facturación y Tarifas,NEUTRO
Ugx_CLARO_5G_00912,CLARO_5G_RD,La Red 5G Más Rápida y de Mayor Cobertura del País | Claro RD,Claro República Dominicana,ana_valdez_sd_701,El internet se cae todos los fines de semana por la noche. Muy inestable.,2025-11-13T07:17:34Z,0,0,Red Móvil y Cobertura 5G,NEGATIVO
Ugx_CLARO_5G_00702,CLARO_5G_RD,La Red 5G Más Rápida y de Mayor Cobertura del País | Claro RD,Claro República Dominicana,maria_jimenez_c_602,"Es una pesadilla cancelar una línea fija, te ponen mil trabas y trámites innecesarios.",2025-11-13T23:28:18Z,5,0,Red Móvil y Cobertura 5G,NEGATIVO
Ugx_CLARO_FA_00310,CLARO_FACTURACION_TUTORIAL,Conoce cómo entender tu Factura Electrónica Claro,Claro República Dominicana,elena_gomez_rd_361,"Los técnicos vinieron, no revisaron la caja exterior y dijeron que todo estaba bien. Sigo sin internet.",2025-11-14T00:20:17Z,0,1,Facturación y Tarifas,NEGATIVO
Ugx_CLARO_AP_01196,CLARO_APP_MICLARO,"Gestiona tus Servicios, Paga tu Factura y Compra Paqueticos con Mi Claro",Claro República Dominicana,ana_valdez_sd_108,"Muy satisfecho con la atención en la sucursal de Blue Mall, me atendieron con mucha amabilidad.",2025-11-14T01:04:29Z,0,0,Atención al Cliente y App,POSITIVO
Ugx_CLARO_AP_00140,CLARO_APP_MICLARO,"Gestiona tus Servicios, Paga tu Factura y Compra Paqueticos con Mi Claro",Claro República Dominicana,ramon_santos_sd_642,Información sobre los requisitos para portabilidad numérica desde otra compañía por favor.,2025-11-14T05:39:52Z,0,0,Atención al Cliente y App,NEUTRO
Ugx_CLARO_FA_01125,CLARO_FACTURACION_TUTORIAL,Conoce cómo entender tu Factura Electrónica Claro,Claro República Dominicana,claudia_mella_192,Esperando que extiendan la fibra óptica a la provincia de La Vega.,2025-11-14T10:52:38Z,1,0,Facturación y Tarifas,NEUTRO
Ugx_CLARO_AP_01078,CLARO_APP_MICLARO,"Gestiona tus Servicios, Paga tu Factura y Compra Paqueticos con Mi Claro",Claro República Dominicana,tecnico_rd23_104,¿El roaming sin fronteras incluye llamadas locales dentro del país de destino?,2025-11-14T15:25:31Z,0,0,Atención al Cliente y App,NEUTRO
Ugx_CLARO_FA_00888,CLARO_FACTURACION_TUTORIAL,Conoce cómo entender tu Factura Electrónica Claro,Claro República Dominicana,juan_bavaro_403,"Los técnicos vinieron, no revisaron la caja exterior y dijeron que todo estaba bien. Sigo sin internet.",2025-11-14T21:49:47Z,2,0,Facturación y Tarifas,NEGATIVO
Ugx_CLARO_AP_00591,CLARO_APP_MICLARO,"Gestiona tus Servicios, Paga tu Factura y Compra Paqueticos con Mi Claro",Claro República Dominicana,maria_jimenez_c_573,Me están facturando un paquete de canales que cancelé hace dos meses. Qué desastre.,2025-11-14T22:17:05Z,0,0,Atención al Cliente y App,NEGATIVO
Ugx_CLARO_5G_00982,CLARO_5G_RD,La Red 5G Más Rápida y de Mayor Cobertura del País | Claro RD,Claro República Dominicana,elena_gomez_rd_616,El internet se cae todos los fines de semana por la noche. Muy inestable.,2025-11-15T03:14:43Z,0,2,Red Móvil y Cobertura 5G,NEGATIVO
Ugx_CLARO_FA_01018,CLARO_FACTURACION_TUTORIAL,Conoce cómo entender tu Factura Electrónica Claro,Claro República Dominicana,patricia_reyes_204,Tenía problemas de cobertura con otra telefónica y me cambié a Claro. Santo remedio.,2025-11-15T14:45:45Z,8,2,Facturación y Tarifas,POSITIVO
Ugx_CLARO_FA_00318,CLARO_FACTURACION_TUTORIAL,Conoce cómo entender tu Factura Electrónica Claro,Claro República Dominicana,patricia_reyes_79,"Muy mal soporte técnico por WhatsApp, un bot que repite lo mismo y no transfiere a un humano.",2025-11-16T02:39:27Z,0,0,Facturación y Tarifas,NEGATIVO
Ugx_CLARO_FA_00934,CLARO_FACTURACION_TUTORIAL,Conoce cómo entender tu Factura Electrónica Claro,Claro República Dominicana,patricia_reyes_112,"Es una pesadilla cancelar una línea fija, te ponen mil trabas y trámites innecesarios.",2025-11-16T06:12:39Z,0,0,Facturación y Tarifas,NEGATIVO
Ugx_CLARO_FA_00857,CLARO_FACTURACION_TUTORIAL,Conoce cómo entender tu Factura Electrónica Claro,Claro República Dominicana,tecnico_rd23_815,"Excelente servicio con la fibra óptica simétrica, tengo 300 megas en Santiago y nunca se cae.",2025-11-16T06:32:39Z,0,0,Facturación y Tarifas,POSITIVO
Ugx_CLARO_FA_01141,CLARO_FACTURACION_TUTORIAL,Conoce cómo entender tu Factura Electrónica Claro,Claro República Dominicana,laura_santiago_491,Cobran carísimo por megas adicionales y los paqueticos se consumen demasiado rápido.,2025-11-16T12:17:02Z,12,0,Facturación y Tarifas,NEGATIVO
Ugx_CLARO_FA_00064,CLARO_FACTURACION_TUTORIAL,Conoce cómo entender tu Factura Electrónica Claro,Claro República Dominicana,elena_gomez_rd_562,"Es una pesadilla cancelar una línea fija, te ponen mil trabas y trámites innecesarios.",2025-11-16T17:07:24Z,1,0,Facturación y Tarifas,NEGATIVO
Ugx_CLARO_5G_00565,CLARO_5G_RD,La Red 5G Más Rápida y de Mayor Cobertura del País | Claro RD,Claro República Dominicana,patricia_reyes_851,"Los técnicos vinieron, no revisaron la caja exterior y dijeron que todo estaba bien. Sigo sin internet.",2025-11-17T06:09:44Z,2,7,Red Móvil y Cobertura 5G,NEGATIVO
Ugx_CLARO_5G_01107,CLARO_5G_RD,La Red 5G Más Rápida y de Mayor Cobertura del País | Claro RD,Claro República Dominicana,ana_valdez_sd_985,"Excelente promoción de paqueticos libres, rinden bastante bien en la semana.",2025-11-17T07:52:09Z,3,0,Red Móvil y Cobertura 5G,POSITIVO
Ugx_CLARO_5G_00166,CLARO_5G_RD,La Red 5G Más Rápida y de Mayor Cobertura del País | Claro RD,Claro República Dominicana,claudia_mella_37,Alguien sabe si para solicitar el cambio de router cobran algún costo adicional?,2025-11-17T16:25:30Z,1,0,Red Móvil y Cobertura 5G,NEUTRO
Ugx_CLARO_FA_01122,CLARO_FACTURACION_TUTORIAL,Conoce cómo entender tu Factura Electrónica Claro,Claro República Dominicana,luis_almonte_sti_603,¿Cuándo estará disponible la cobertura de fibra óptica en la Urbanización Real?,2025-11-17T22:50:39Z,0,1,Facturación y Tarifas,NEUTRO
Ugx_CLARO_FA_00653,CLARO_FACTURACION_TUTORIAL,Conoce cómo entender tu Factura Electrónica Claro,Claro República Dominicana,patricia_reyes_104,Me están facturando un paquete de canales que cancelé hace dos meses. Qué desastre.,2025-11-18T01:14:21Z,0,0,Facturación y Tarifas,NEGATIVO
Ugx_CLARO_FA_00042,CLARO_FACTURACION_TUTORIAL,Conoce cómo entender tu Factura Electrónica Claro,Claro República Dominicana,luis_almonte_sti_207,"Es una pesadilla cancelar una línea fija, te ponen mil trabas y trámites innecesarios.",2025-11-18T08:06:59Z,2,0,Facturación y Tarifas,NEGATIVO
Ugx_CLARO_5G_01206,CLARO_5G_RD,La Red 5G Más Rápida y de Mayor Cobertura del País | Claro RD,Claro República Dominicana,laura_santiago_903,¿En qué horario labora la sucursal de la 27 de Febrero los sábados?,2025-11-19T14:12:53Z,1,2,Red Móvil y Cobertura 5G,NEUTRO
Ugx_CLARO_5G_00469,CLARO_5G_RD,La Red 5G Más Rápida y de Mayor Cobertura del País | Claro RD,Claro República Dominicana,carlos_m_rd_234,"Los técnicos vinieron, no revisaron la caja exterior y dijeron que todo estaba bien. Sigo sin internet.",2025-11-19T17:36:13Z,2,1,Red Móvil y Cobertura 5G,NEGATIVO
Ugx_CLARO_5G_00308,CLARO_5G_RD,La Red 5G Más Rápida y de Mayor Cobertura del País | Claro RD,Claro República Dominicana,tecnico_rd23_94,¿En qué horario labora la sucursal de la 27 de Febrero los sábados?,2025-11-20T03:23:54Z,0,0,Red Móvil y Cobertura 5G,NEUTRO
Ugx_CLARO_5G_00470,CLARO_5G_RD,La Red 5G Más Rápida y de Mayor Cobertura del País | Claro RD,Claro República Dominicana,maria_jimenez_c_490,Aumentaron la tarifa del plan pospago sin avisar previamente por correo o SMS. Un abuso.,2025-11-20T18:51:20Z,0,2,Red Móvil y Cobertura 5G,NEGATIVO
Ugx_CLARO_AP_01178,CLARO_APP_MICLARO,"Gestiona tus Servicios, Paga tu Factura y Compra Paqueticos con Mi Claro",Claro República Dominicana,maria_jimenez_c_811,"Los técnicos vinieron, no revisaron la caja exterior y dijeron que todo estaba bien. Sigo sin internet.",2025-11-20T19:52:23Z,12,2,Atención al Cliente y App,NEGATIVO
Ugx_CLARO_5G_00721,CLARO_5G_RD,La Red 5G Más Rápida y de Mayor Cobertura del País | Claro RD,Claro República Dominicana,patricia_reyes_502,"El router que instalan es malísimo, a 5 metros ya no llega la señal de Wi-Fi.",2025-11-20T21:48:17Z,0,0,Red Móvil y Cobertura 5G,NEGATIVO
Ugx_CLARO_AP_00596,CLARO_APP_MICLARO,"Gestiona tus Servicios, Paga tu Factura y Compra Paqueticos con Mi Claro",Claro República Dominicana,jose_gaming_rd_66,"Excelente promoción de paqueticos libres, rinden bastante bien en la semana.",2025-11-21T01:46:51Z,3,0,Atención al Cliente y App,POSITIVO
Ugx_CLARO_5G_00406,CLARO_5G_RD,La Red 5G Más Rápida y de Mayor Cobertura del País | Claro RD,Claro República Dominicana,elena_gomez_rd_676,"Pésimo servicio al cliente, llevo 3 días esperando que me reparen una avería de internet en Herrera.",2025-11-21T04:29:03Z,1,1,Red Móvil y Cobertura 5G,NEGATIVO
Ugx_CLARO_AP_00178,CLARO_APP_MICLARO,"Gestiona tus Servicios, Paga tu Factura y Compra Paqueticos con Mi Claro",Claro República Dominicana,juan_bavaro_718,El ping en juegos online como Valorant y Warzone me bajó a 35ms con la fibra. Nítido todo.,2025-11-21T12:20:38Z,1,0,Atención al Cliente y App,POSITIVO
Ugx_CLARO_AP_00542,CLARO_APP_MICLARO,"Gestiona tus Servicios, Paga tu Factura y Compra Paqueticos con Mi Claro",Claro República Dominicana,claudia_mella_29,"Felicidades a Claro, el soporte telefónico me resolvió un cambio de clave de router súper rápido.",2025-11-21T13:48:01Z,0,0,Atención al Cliente y App,POSITIVO
Ugx_CLARO_FA_00041,CLARO_FACTURACION_TUTORIAL,Conoce cómo entender tu Factura Electrónica Claro,Claro República Dominicana,gabriel_tech_491,¿El servicio de 5G requiere cambiar la tarjeta SIM o sirve la misma USIM 4G?,2025-11-21T13:55:40Z,0,0,Facturación y Tarifas,NEUTRO
Ugx_CLARO_FA_00807,CLARO_FACTURACION_TUTORIAL,Conoce cómo entender tu Factura Electrónica Claro,Claro República Dominicana,alex_dev_rd_359,Información sobre los requisitos para portabilidad numérica desde otra compañía por favor.,2025-11-22T03:23:02Z,0,3,Facturación y Tarifas,NEUTRO
Ugx_CLARO_FA_00373,CLARO_FACTURACION_TUTORIAL,Conoce cómo entender tu Factura Electrónica Claro,Claro República Dominicana,maria_jimenez_c_90,Me cobraron un cargo por reconexión que nunca solicité. Facturación no me da respuesta.,2025-11-22T04:35:39Z,28,7,Facturación y Tarifas,NEGATIVO
Ugx_CLARO_AP_00027,CLARO_APP_MICLARO,"Gestiona tus Servicios, Paga tu Factura y Compra Paqueticos con Mi Claro",Claro República Dominicana,tecnico_rd23_232,Esperando que extiendan la fibra óptica a la provincia de La Vega.,2025-11-22T05:38:09Z,0,3,Atención al Cliente y App,NEUTRO
Ugx_CLARO_5G_00441,CLARO_5G_RD,La Red 5G Más Rápida y de Mayor Cobertura del País | Claro RD,Claro República Dominicana,ramon_santos_sd_612,Buen ancho de banda y la subida simétrica me ayuda un mundo para subir videos a YouTube.,2025-11-22T08:12:43Z,3,0,Red Móvil y Cobertura 5G,POSITIVO
Ugx_CLARO_AP_00122,CLARO_APP_MICLARO,"Gestiona tus Servicios, Paga tu Factura y Compra Paqueticos con Mi Claro",Claro República Dominicana,laura_santiago_981,Tenía problemas de cobertura con otra telefónica y me cambié a Claro. Santo remedio.,2025-11-22T10:02:40Z,0,1,Atención al Cliente y App,POSITIVO
Ugx_CLARO_FA_00667,CLARO_FACTURACION_TUTORIAL,Conoce cómo entender tu Factura Electrónica Claro,Claro República Dominicana,maria_jimenez_c_131,¿Cuándo estará disponible la cobertura de fibra óptica en la Urbanización Real?,2025-11-22T12:17:45Z,0,0,Facturación y Tarifas,NEUTRO
Ugx_CLARO_AP_01203,CLARO_APP_MICLARO,"Gestiona tus Servicios, Paga tu Factura y Compra Paqueticos con Mi Claro",Claro República Dominicana,gabriel_tech_222,Me están facturando un paquete de canales que cancelé hace dos meses. Qué desastre.,2025-11-22T18:03:54Z,28,0,Atención al Cliente y App,NEGATIVO
Ugx_CLARO_FA_00261,CLARO_FACTURACION_TUTORIAL,Conoce cómo entender tu Factura Electrónica Claro,Claro República Dominicana,ana_valdez_sd_226,Tengo una duda con respecto al contrato de permanencia mínima de 18 meses.,2025-11-22T19:13:46Z,0,2,Facturación y Tarifas,NEUTRO
Ugx_CLARO_FA_00548,CLARO_FACTURACION_TUTORIAL,Conoce cómo entender tu Factura Electrónica Claro,Claro República Dominicana,elena_gomez_rd_82,¿Cuándo estará disponible la cobertura de fibra óptica en la Urbanización Real?,2025-11-22T19:15:39Z,1,1,Facturación y Tarifas,NEUTRO
Ugx_CLARO_FA_00829,CLARO_FACTURACION_TUTORIAL,Conoce cómo entender tu Factura Electrónica Claro,Claro República Dominicana,alex_dev_rd_117,Alguien sabe si para solicitar el cambio de router cobran algún costo adicional?,2025-11-22T20:28:44Z,2,0,Facturación y Tarifas,NEUTRO
Ugx_CLARO_FA_00534,CLARO_FACTURACION_TUTORIAL,Conoce cómo entender tu Factura Electrónica Claro,Claro República Dominicana,elena_gomez_rd_969,Dicen que es fibra simétrica pero el ping sube a 200ms en las noches en San Cristóbal. Muy lento.,2025-11-22T22:54:25Z,12,0,Facturación y Tarifas,NEGATIVO
Ugx_CLARO_AP_00766,CLARO_APP_MICLARO,"Gestiona tus Servicios, Paga tu Factura y Compra Paqueticos con Mi Claro",Claro República Dominicana,carlos_m_rd_261,"El 5G en el Distrito Nacional vuela, me dio más de 450 Mbps de bajada en el test.",2025-11-23T05:27:35Z,0,1,Atención al Cliente y App,POSITIVO
Ugx_CLARO_FA_00429,CLARO_FACTURACION_TUTORIAL,Conoce cómo entender tu Factura Electrónica Claro,Claro República Dominicana,claudia_mella_658,¿El servicio de 5G requiere cambiar la tarjeta SIM o sirve la misma USIM 4G?,2025-11-23T15:05:25Z,1,1,Facturación y Tarifas,NEUTRO
Ugx_CLARO_5G_00953,CLARO_5G_RD,La Red 5G Más Rápida y de Mayor Cobertura del País | Claro RD,Claro República Dominicana,jose_gaming_rd_492,"El router que instalan es malísimo, a 5 metros ya no llega la señal de Wi-Fi.",2025-11-24T14:29:58Z,1,0,Red Móvil y Cobertura 5G,NEGATIVO
Ugx_CLARO_5G_00361,CLARO_5G_RD,La Red 5G Más Rápida y de Mayor Cobertura del País | Claro RD,Claro República Dominicana,laura_santiago_858,Esperando que extiendan la fibra óptica a la provincia de La Vega.,2025-11-24T19:52:48Z,1,0,Red Móvil y Cobertura 5G,NEUTRO
Ugx_CLARO_FA_00407,CLARO_FACTURACION_TUTORIAL,Conoce cómo entender tu Factura Electrónica Claro,Claro República Dominicana,luis_almonte_sti_120,¿En qué horario labora la sucursal de la 27 de Febrero los sábados?,2025-11-24T21:37:26Z,1,0,Facturación y Tarifas,NEUTRO
Ugx_CLARO_FA_01037,CLARO_FACTURACION_TUTORIAL,Conoce cómo entender tu Factura Electrónica Claro,Claro República Dominicana,luis_almonte_sti_772,"La velocidad contratada de 100 megas nunca llega completa, apenas marca 30 en Speedtest.",2025-11-25T00:01:10Z,0,0,Facturación y Tarifas,NEGATIVO
Ugx_CLARO_5G_00347,CLARO_5G_RD,La Red 5G Más Rápida y de Mayor Cobertura del País | Claro RD,Claro República Dominicana,ramon_santos_sd_740,Buen ancho de banda y la subida simétrica me ayuda un mundo para subir videos a YouTube.,2025-11-25T00:42:39Z,1,0,Red Móvil y Cobertura 5G,POSITIVO
Ugx_CLARO_5G_00418,CLARO_5G_RD,La Red 5G Más Rápida y de Mayor Cobertura del País | Claro RD,Claro República Dominicana,ramon_santos_sd_377,"La velocidad contratada de 100 megas nunca llega completa, apenas marca 30 en Speedtest.",2025-11-25T06:35:58Z,1,0,Red Móvil y Cobertura 5G,NEGATIVO
Ugx_CLARO_5G_00949,CLARO_5G_RD,La Red 5G Más Rápida y de Mayor Cobertura del País | Claro RD,Claro República Dominicana,alex_dev_rd_339,"Pésimo servicio al cliente, llevo 3 días esperando que me reparen una avería de internet en Herrera.",2025-11-25T08:05:56Z,12,0,Red Móvil y Cobertura 5G,NEGATIVO
Ugx_CLARO_FA_00987,CLARO_FACTURACION_TUTORIAL,Conoce cómo entender tu Factura Electrónica Claro,Claro República Dominicana,claudia_mella_896,"El router que instalan es malísimo, a 5 metros ya no llega la señal de Wi-Fi.",2025-11-25T08:11:40Z,0,1,Facturación y Tarifas,NEGATIVO
Ugx_CLARO_5G_00648,CLARO_5G_RD,La Red 5G Más Rápida y de Mayor Cobertura del País | Claro RD,Claro República Dominicana,luis_almonte_sti_732,"Felicidades a Claro, el soporte telefónico me resolvió un cambio de clave de router súper rápido.",2025-11-25T08:30:26Z,0,0,Red Móvil y Cobertura 5G,POSITIVO
Ugx_CLARO_FA_00164,CLARO_FACTURACION_TUTORIAL,Conoce cómo entender tu Factura Electrónica Claro,Claro República Dominicana,luis_almonte_sti_502,¿El servicio de 5G requiere cambiar la tarjeta SIM o sirve la misma USIM 4G?,2025-11-25T09:06:08Z,1,2,Facturación y Tarifas,NEUTRO
Ugx_CLARO_5G_01005,CLARO_5G_RD,La Red 5G Más Rápida y de Mayor Cobertura del País | Claro RD,Claro República Dominicana,luis_almonte_sti_935,El ping en juegos online como Valorant y Warzone me bajó a 35ms con la fibra. Nítido todo.,2025-11-25T09:29:27Z,0,0,Red Móvil y Cobertura 5G,POSITIVO
Ugx_CLARO_AP_00501,CLARO_APP_MICLARO,"Gestiona tus Servicios, Paga tu Factura y Compra Paqueticos con Mi Claro",Claro República Dominicana,ana_valdez_sd_763,"Los técnicos vinieron, no revisaron la caja exterior y dijeron que todo estaba bien. Sigo sin internet.",2025-11-25T18:10:04Z,0,0,Atención al Cliente y App,NEGATIVO
Ugx_CLARO_FA_00887,CLARO_FACTURACION_TUTORIAL,Conoce cómo entender tu Factura Electrónica Claro,Claro República Dominicana,alex_dev_rd_63,"Los técnicos vinieron, no revisaron la caja exterior y dijeron que todo estaba bien. Sigo sin internet.",2025-11-26T03:42:26Z,1,0,Facturación y Tarifas,NEGATIVO
Ugx_CLARO_5G_00403,CLARO_5G_RD,La Red 5G Más Rápida y de Mayor Cobertura del País | Claro RD,Claro República Dominicana,alex_dev_rd_612,"La velocidad contratada de 100 megas nunca llega completa, apenas marca 30 en Speedtest.",2025-11-26T03:44:22Z,0,0,Red Móvil y Cobertura 5G,NEGATIVO
Ugx_CLARO_AP_01131,CLARO_APP_MICLARO,"Gestiona tus Servicios, Paga tu Factura y Compra Paqueticos con Mi Claro",Claro República Dominicana,elena_gomez_rd_509,Alguien sabe si para solicitar el cambio de router cobran algún costo adicional?,2025-11-26T06:01:52Z,0,0,Atención al Cliente y App,NEUTRO
Ugx_CLARO_AP_00568,CLARO_APP_MICLARO,"Gestiona tus Servicios, Paga tu Factura y Compra Paqueticos con Mi Claro",Claro República Dominicana,alex_dev_rd_545,"Excelente servicio con la fibra óptica simétrica, tengo 300 megas en Santiago y nunca se cae.",2025-11-26T07:42:50Z,0,1,Atención al Cliente y App,POSITIVO
Ugx_CLARO_FA_01060,CLARO_FACTURACION_TUTORIAL,Conoce cómo entender tu Factura Electrónica Claro,Claro República Dominicana,alex_dev_rd_718,¿En qué horario labora la sucursal de la 27 de Febrero los sábados?,2025-11-26T08:52:36Z,0,0,Facturación y Tarifas,NEUTRO
Ugx_CLARO_AP_00486,CLARO_APP_MICLARO,"Gestiona tus Servicios, Paga tu Factura y Compra Paqueticos con Mi Claro",Claro República Dominicana,maria_jimenez_c_575,¿A qué número se puede consultar el balance disponible de paqueticos por mensaje?,2025-11-26T14:28:15Z,0,1,Atención al Cliente y App,NEUTRO
Ugx_CLARO_FA_00245,CLARO_FACTURACION_TUTORIAL,Conoce cómo entender tu Factura Electrónica Claro,Claro República Dominicana,alex_dev_rd_432,Llamar al 107 es perder una hora de la vida escuchando una música y nadie resuelve.,2025-11-26T16:51:29Z,0,3,Facturación y Tarifas,NEGATIVO
Ugx_CLARO_5G_00316,CLARO_5G_RD,La Red 5G Más Rápida y de Mayor Cobertura del País | Claro RD,Claro República Dominicana,laura_santiago_256,Llevo 8 años con Claro y la estabilidad del internet para trabajar remoto es incomparable.,2025-11-26T18:01:05Z,1,0,Red Móvil y Cobertura 5G,POSITIVO
Ugx_CLARO_FA_00867,CLARO_FACTURACION_TUTORIAL,Conoce cómo entender tu Factura Electrónica Claro,Claro República Dominicana,claudia_mella_953,Información sobre los requisitos para portabilidad numérica desde otra compañía por favor.,2025-11-27T00:01:11Z,0,0,Facturación y Tarifas,NEUTRO
Ugx_CLARO_5G_00526,CLARO_5G_RD,La Red 5G Más Rápida y de Mayor Cobertura del País | Claro RD,Claro República Dominicana,gabriel_tech_397,Cobran carísimo por megas adicionales y los paqueticos se consumen demasiado rápido.,2025-11-27T05:56:40Z,1,0,Red Móvil y Cobertura 5G,NEGATIVO
Ugx_CLARO_AP_00434,CLARO_APP_MICLARO,"Gestiona tus Servicios, Paga tu Factura y Compra Paqueticos con Mi Claro",Claro República Dominicana,patricia_reyes_741,La señal no se corta ni cuando hay tormenta en Santo Domingo Este. Sigan así.,2025-11-27T07:18:50Z,1,0,Atención al Cliente y App,POSITIVO
Ugx_CLARO_FA_00863,CLARO_FACTURACION_TUTORIAL,Conoce cómo entender tu Factura Electrónica Claro,Claro República Dominicana,pedro_perez_do_485,"Excelente promoción de paqueticos libres, rinden bastante bien en la semana.",2025-11-27T09:48:16Z,0,0,Facturación y Tarifas,POSITIVO
Ugx_CLARO_AP_00777,CLARO_APP_MICLARO,"Gestiona tus Servicios, Paga tu Factura y Compra Paqueticos con Mi Claro",Claro República Dominicana,gabriel_tech_921,"La velocidad contratada de 100 megas nunca llega completa, apenas marca 30 en Speedtest.",2025-11-27T10:49:43Z,5,0,Atención al Cliente y App,NEGATIVO
Ugx_CLARO_5G_00861,CLARO_5G_RD,La Red 5G Más Rápida y de Mayor Cobertura del País | Claro RD,Claro República Dominicana,laura_santiago_337,Aumentaron la tarifa del plan pospago sin avisar previamente por correo o SMS. Un abuso.,2025-11-27T10:51:02Z,0,0,Red Móvil y Cobertura 5G,NEGATIVO
Ugx_CLARO_FA_00752,CLARO_FACTURACION_TUTORIAL,Conoce cómo entender tu Factura Electrónica Claro,Claro República Dominicana,carlos_m_rd_614,"Muy buena actualización de la app Mi Claro, ahora puedo pagar con tarjeta y se refleja de una vez.",2025-11-27T11:40:06Z,3,0,Facturación y Tarifas,POSITIVO
Ugx_CLARO_5G_00291,CLARO_5G_RD,La Red 5G Más Rápida y de Mayor Cobertura del País | Claro RD,Claro República Dominicana,maria_jimenez_c_620,Me cobraron un cargo por reconexión que nunca solicité. Facturación no me da respuesta.,2025-11-27T18:35:54Z,0,0,Red Móvil y Cobertura 5G,NEGATIVO
Ugx_CLARO_5G_00116,CLARO_5G_RD,La Red 5G Más Rápida y de Mayor Cobertura del País | Claro RD,Claro República Dominicana,carlos_m_rd_280,¿A qué número se puede consultar el balance disponible de paqueticos por mensaje?,2025-11-29T03:17:16Z,2,0,Red Móvil y Cobertura 5G,NEUTRO
Ugx_CLARO_AP_00727,CLARO_APP_MICLARO,"Gestiona tus Servicios, Paga tu Factura y Compra Paqueticos con Mi Claro",Claro República Dominicana,jose_gaming_rd_525,¿A qué número se puede consultar el balance disponible de paqueticos por mensaje?,2025-11-29T03:43:44Z,0,0,Atención al Cliente y App,NEUTRO
Ugx_CLARO_FA_00374,CLARO_FACTURACION_TUTORIAL,Conoce cómo entender tu Factura Electrónica Claro,Claro República Dominicana,laura_santiago_407,"Es una pesadilla cancelar una línea fija, te ponen mil trabas y trámites innecesarios.",2025-11-29T11:38:30Z,1,0,Facturación y Tarifas,NEGATIVO
Ugx_CLARO_5G_00103,CLARO_5G_RD,La Red 5G Más Rápida y de Mayor Cobertura del País | Claro RD,Claro República Dominicana,luis_almonte_sti_92,"El router que instalan es malísimo, a 5 metros ya no llega la señal de Wi-Fi.",2025-11-29T22:41:31Z,28,1,Red Móvil y Cobertura 5G,NEGATIVO
Ugx_CLARO_5G_00203,CLARO_5G_RD,La Red 5G Más Rápida y de Mayor Cobertura del País | Claro RD,Claro República Dominicana,carlos_m_rd_593,Tengo una duda con respecto al contrato de permanencia mínima de 18 meses.,2025-11-30T01:38:50Z,1,0,Red Móvil y Cobertura 5G,NEUTRO
Ugx_CLARO_5G_01093,CLARO_5G_RD,La Red 5G Más Rápida y de Mayor Cobertura del País | Claro RD,Claro República Dominicana,maria_jimenez_c_887,Información sobre los requisitos para portabilidad numérica desde otra compañía por favor.,2025-11-30T10:26:08Z,0,0,Red Móvil y Cobertura 5G,NEUTRO
Ugx_CLARO_5G_00405,CLARO_5G_RD,La Red 5G Más Rápida y de Mayor Cobertura del País | Claro RD,Claro República Dominicana,carlos_m_rd_243,"La velocidad contratada de 100 megas nunca llega completa, apenas marca 30 en Speedtest.",2025-12-01T06:00:11Z,1,0,Red Móvil y Cobertura 5G,NEGATIVO
Ugx_CLARO_RO_01046,CLARO_ROAMING_PLANES,Viaja Conectado con Claro Roaming Sin Fronteras en USA y LATAM,Claro República Dominicana,jose_gaming_rd_595,¿A qué número se puede consultar el balance disponible de paqueticos por mensaje?,2025-12-01T06:42:05Z,0,0,Planes y Promociones,NEUTRO
Ugx_CLARO_5G_00838,CLARO_5G_RD,La Red 5G Más Rápida y de Mayor Cobertura del País | Claro RD,Claro República Dominicana,ramon_santos_sd_212,Información sobre los requisitos para portabilidad numérica desde otra compañía por favor.,2025-12-01T12:34:12Z,1,2,Red Móvil y Cobertura 5G,NEUTRO
Ugx_CLARO_RO_01173,CLARO_ROAMING_PLANES,Viaja Conectado con Claro Roaming Sin Fronteras en USA y LATAM,Claro República Dominicana,carlos_m_rd_267,"En la zona de Bávaro la señal 5G casi no entra, se queda en 3G o sin servicio a cada rato.",2025-12-01T12:49:30Z,0,0,Planes y Promociones,NEGATIVO
Ugx_CLARO_FA_00724,CLARO_FACTURACION_TUTORIAL,Conoce cómo entender tu Factura Electrónica Claro,Claro República Dominicana,alex_dev_rd_208,"Muy buena actualización de la app Mi Claro, ahora puedo pagar con tarjeta y se refleja de una vez.",2025-12-01T19:16:57Z,0,1,Facturación y Tarifas,POSITIVO
Ugx_CLARO_5G_00967,CLARO_5G_RD,La Red 5G Más Rápida y de Mayor Cobertura del País | Claro RD,Claro República Dominicana,juan_bavaro_651,Me están facturando un paquete de canales que cancelé hace dos meses. Qué desastre.,2025-12-02T09:26:33Z,0,2,Red Móvil y Cobertura 5G,NEGATIVO
Ugx_CLARO_FA_00882,CLARO_FACTURACION_TUTORIAL,Conoce cómo entender tu Factura Electrónica Claro,Claro República Dominicana,claudia_mella_595,"Muy buena actualización de la app Mi Claro, ahora puedo pagar con tarjeta y se refleja de una vez.",2025-12-02T12:11:10Z,0,1,Facturación y Tarifas,POSITIVO
Ugx_CLARO_FA_01142,CLARO_FACTURACION_TUTORIAL,Conoce cómo entender tu Factura Electrónica Claro,Claro República Dominicana,alex_dev_rd_803,Llevo 8 años con Claro y la estabilidad del internet para trabajar remoto es incomparable.,2025-12-02T14:34:33Z,0,0,Facturación y Tarifas,POSITIVO
Ugx_CLARO_AP_01015,CLARO_APP_MICLARO,"Gestiona tus Servicios, Paga tu Factura y Compra Paqueticos con Mi Claro",Claro República Dominicana,tecnico_rd23_660,¿El roaming sin fronteras incluye llamadas locales dentro del país de destino?,2025-12-02T18:57:15Z,0,1,Atención al Cliente y App,NEUTRO
Ugx_CLARO_FA_01231,CLARO_FACTURACION_TUTORIAL,Conoce cómo entender tu Factura Electrónica Claro,Claro República Dominicana,tecnico_rd23_928,"Excelente promoción de paqueticos libres, rinden bastante bien en la semana.",2025-12-02T21:06:05Z,0,0,Facturación y Tarifas,POSITIVO
Ugx_CLARO_5G_00652,CLARO_5G_RD,La Red 5G Más Rápida y de Mayor Cobertura del País | Claro RD,Claro República Dominicana,laura_santiago_547,"Pésimo servicio al cliente, llevo 3 días esperando que me reparen una avería de internet en Herrera.",2025-12-03T00:26:07Z,2,0,Red Móvil y Cobertura 5G,NEGATIVO
Ugx_CLARO_FA_00450,CLARO_FACTURACION_TUTORIAL,Conoce cómo entender tu Factura Electrónica Claro,Claro República Dominicana,laura_santiago_181,"La velocidad contratada de 100 megas nunca llega completa, apenas marca 30 en Speedtest.",2025-12-03T18:42:37Z,2,3,Facturación y Tarifas,NEGATIVO
Ugx_CLARO_FA_00908,CLARO_FACTURACION_TUTORIAL,Conoce cómo entender tu Factura Electrónica Claro,Claro República Dominicana,jose_gaming_rd_779,La señal no se corta ni cuando hay tormenta en Santo Domingo Este. Sigan así.,2025-12-03T20:02:41Z,3,0,Facturación y Tarifas,POSITIVO
Ugx_CLARO_AP_00843,CLARO_APP_MICLARO,"Gestiona tus Servicios, Paga tu Factura y Compra Paqueticos con Mi Claro",Claro República Dominicana,pedro_perez_do_316,Información sobre los requisitos para portabilidad numérica desde otra compañía por favor.,2025-12-03T21:40:59Z,0,0,Atención al Cliente y App,NEUTRO
Ugx_CLARO_FA_00290,CLARO_FACTURACION_TUTORIAL,Conoce cómo entender tu Factura Electrónica Claro,Claro República Dominicana,luis_almonte_sti_147,"Muy satisfecho con la atención en la sucursal de Blue Mall, me atendieron con mucha amabilidad.",2025-12-03T22:22:21Z,1,0,Facturación y Tarifas,POSITIVO
Ugx_CLARO_AP_00893,CLARO_APP_MICLARO,"Gestiona tus Servicios, Paga tu Factura y Compra Paqueticos con Mi Claro",Claro República Dominicana,alex_dev_rd_848,¿El roaming sin fronteras incluye llamadas locales dentro del país de destino?,2025-12-04T02:05:12Z,0,1,Atención al Cliente y App,NEUTRO
Ugx_CLARO_RO_00341,CLARO_ROAMING_PLANES,Viaja Conectado con Claro Roaming Sin Fronteras en USA y LATAM,Claro República Dominicana,carlos_m_rd_860,"En la zona de Bávaro la señal 5G casi no entra, se queda en 3G o sin servicio a cada rato.",2025-12-04T04:25:19Z,0,1,Planes y Promociones,NEGATIVO
Ugx_CLARO_RO_01229,CLARO_ROAMING_PLANES,Viaja Conectado con Claro Roaming Sin Fronteras en USA y LATAM,Claro República Dominicana,laura_santiago_324,"Los técnicos vinieron, no revisaron la caja exterior y dijeron que todo estaba bien. Sigo sin internet.",2025-12-04T09:07:15Z,0,0,Planes y Promociones,NEGATIVO
Ugx_CLARO_RO_01172,CLARO_ROAMING_PLANES,Viaja Conectado con Claro Roaming Sin Fronteras en USA y LATAM,Claro República Dominicana,juan_bavaro_51,Llevo 8 años con Claro y la estabilidad del internet para trabajar remoto es incomparable.,2025-12-04T10:43:50Z,0,0,Planes y Promociones,POSITIVO
Ugx_CLARO_RO_00532,CLARO_ROAMING_PLANES,Viaja Conectado con Claro Roaming Sin Fronteras en USA y LATAM,Claro República Dominicana,laura_santiago_796,"El 5G en el Distrito Nacional vuela, me dio más de 450 Mbps de bajada en el test.",2025-12-04T13:53:34Z,8,0,Planes y Promociones,POSITIVO
Ugx_CLARO_FA_01180,CLARO_FACTURACION_TUTORIAL,Conoce cómo entender tu Factura Electrónica Claro,Claro República Dominicana,ramon_santos_sd_153,Esperando que extiendan la fibra óptica a la provincia de La Vega.,2025-12-04T15:19:30Z,0,0,Facturación y Tarifas,NEUTRO
Ugx_CLARO_RO_01076,CLARO_ROAMING_PLANES,Viaja Conectado con Claro Roaming Sin Fronteras en USA y LATAM,Claro República Dominicana,tecnico_rd23_123,Llevo 8 años con Claro y la estabilidad del internet para trabajar remoto es incomparable.,2025-12-04T16:09:52Z,0,0,Planes y Promociones,POSITIVO
Ugx_CLARO_AP_01016,CLARO_APP_MICLARO,"Gestiona tus Servicios, Paga tu Factura y Compra Paqueticos con Mi Claro",Claro República Dominicana,laura_santiago_179,Aumentaron la tarifa del plan pospago sin avisar previamente por correo o SMS. Un abuso.,2025-12-05T02:47:32Z,5,0,Atención al Cliente y App,NEGATIVO
Ugx_CLARO_5G_00787,CLARO_5G_RD,La Red 5G Más Rápida y de Mayor Cobertura del País | Claro RD,Claro República Dominicana,jose_gaming_rd_428,"El 5G en el Distrito Nacional vuela, me dio más de 450 Mbps de bajada en el test.",2025-12-05T06:53:40Z,1,1,Red Móvil y Cobertura 5G,POSITIVO
Ugx_CLARO_AP_00862,CLARO_APP_MICLARO,"Gestiona tus Servicios, Paga tu Factura y Compra Paqueticos con Mi Claro",Claro República Dominicana,ramon_santos_sd_621,"Es una pesadilla cancelar una línea fija, te ponen mil trabas y trámites innecesarios.",2025-12-05T07:22:29Z,5,0,Atención al Cliente y App,NEGATIVO
Ugx_CLARO_AP_00971,CLARO_APP_MICLARO,"Gestiona tus Servicios, Paga tu Factura y Compra Paqueticos con Mi Claro",Claro República Dominicana,pedro_perez_do_691,"Muy buena actualización de la app Mi Claro, ahora puedo pagar con tarjeta y se refleja de una vez.",2025-12-05T11:28:37Z,0,0,Atención al Cliente y App,POSITIVO
Ugx_CLARO_RO_00075,CLARO_ROAMING_PLANES,Viaja Conectado con Claro Roaming Sin Fronteras en USA y LATAM,Claro República Dominicana,laura_santiago_311,"El roaming en Estados Unidos me funcionó perfecto, sin cobros raros ni sorpresas en la factura.",2025-12-05T16:19:03Z,0,0,Planes y Promociones,POSITIVO
Ugx_CLARO_AP_00201,CLARO_APP_MICLARO,"Gestiona tus Servicios, Paga tu Factura y Compra Paqueticos con Mi Claro",Claro República Dominicana,ana_valdez_sd_607,"La cobertura de Claro en carretera y pueblos es la mejor del país por mucho, ninguna otra compañía llega allá.",2025-12-05T16:38:50Z,8,0,Atención al Cliente y App,POSITIVO
Ugx_CLARO_RO_00748,CLARO_ROAMING_PLANES,Viaja Conectado con Claro Roaming Sin Fronteras en USA y LATAM,Claro República Dominicana,ramon_santos_sd_42,Aumentaron la tarifa del plan pospago sin avisar previamente por correo o SMS. Un abuso.,2025-12-05T19:54:06Z,5,7,Planes y Promociones,NEGATIVO
Ugx_CLARO_5G_00199,CLARO_5G_RD,La Red 5G Más Rápida y de Mayor Cobertura del País | Claro RD,Claro República Dominicana,ana_valdez_sd_995,"Pésimo servicio al cliente, llevo 3 días esperando que me reparen una avería de internet en Herrera.",2025-12-05T22:24:18Z,0,1,Red Móvil y Cobertura 5G,NEGATIVO
Ugx_CLARO_AP_00095,CLARO_APP_MICLARO,"Gestiona tus Servicios, Paga tu Factura y Compra Paqueticos con Mi Claro",Claro República Dominicana,elena_gomez_rd_172,"El roaming en Estados Unidos me funcionó perfecto, sin cobros raros ni sorpresas en la factura.",2025-12-05T22:56:18Z,0,0,Atención al Cliente y App,POSITIVO
Ugx_CLARO_5G_00731,CLARO_5G_RD,La Red 5G Más Rápida y de Mayor Cobertura del País | Claro RD,Claro República Dominicana,elena_gomez_rd_791,Llevo 8 años con Claro y la estabilidad del internet para trabajar remoto es incomparable.,2025-12-06T02:51:42Z,0,1,Red Móvil y Cobertura 5G,POSITIVO
Ugx_CLARO_RO_00539,CLARO_ROAMING_PLANES,Viaja Conectado con Claro Roaming Sin Fronteras en USA y LATAM,Claro República Dominicana,elena_gomez_rd_396,Tengo una duda con respecto al contrato de permanencia mínima de 18 meses.,2025-12-06T07:01:32Z,1,0,Planes y Promociones,NEUTRO
Ugx_CLARO_AP_00536,CLARO_APP_MICLARO,"Gestiona tus Servicios, Paga tu Factura y Compra Paqueticos con Mi Claro",Claro República Dominicana,carlos_m_rd_53,"El router que instalan es malísimo, a 5 metros ya no llega la señal de Wi-Fi.",2025-12-06T14:24:39Z,0,0,Atención al Cliente y App,NEGATIVO
Ugx_CLARO_AP_00065,CLARO_APP_MICLARO,"Gestiona tus Servicios, Paga tu Factura y Compra Paqueticos con Mi Claro",Claro República Dominicana,ana_valdez_sd_869,El internet se cae todos los fines de semana por la noche. Muy inestable.,2025-12-07T01:07:47Z,2,0,Atención al Cliente y App,NEGATIVO
Ugx_CLARO_AP_00154,CLARO_APP_MICLARO,"Gestiona tus Servicios, Paga tu Factura y Compra Paqueticos con Mi Claro",Claro República Dominicana,elena_gomez_rd_458,Alguien sabe si para solicitar el cambio de router cobran algún costo adicional?,2025-12-07T01:25:30Z,0,7,Atención al Cliente y App,NEUTRO
Ugx_CLARO_5G_01056,CLARO_5G_RD,La Red 5G Más Rápida y de Mayor Cobertura del País | Claro RD,Claro República Dominicana,ana_valdez_sd_475,Información sobre los requisitos para portabilidad numérica desde otra compañía por favor.,2025-12-07T02:37:23Z,0,2,Red Móvil y Cobertura 5G,NEUTRO
Ugx_CLARO_FA_00779,CLARO_FACTURACION_TUTORIAL,Conoce cómo entender tu Factura Electrónica Claro,Claro República Dominicana,gabriel_tech_174,El ping en juegos online como Valorant y Warzone me bajó a 35ms con la fibra. Nítido todo.,2025-12-07T15:22:40Z,8,0,Facturación y Tarifas,POSITIVO
Ugx_CLARO_RO_01238,CLARO_ROAMING_PLANES,Viaja Conectado con Claro Roaming Sin Fronteras en USA y LATAM,Claro República Dominicana,laura_santiago_633,Aumentaron la tarifa del plan pospago sin avisar previamente por correo o SMS. Un abuso.,2025-12-07T21:31:33Z,0,0,Planes y Promociones,NEGATIVO
Ugx_CLARO_FA_01057,CLARO_FACTURACION_TUTORIAL,Conoce cómo entender tu Factura Electrónica Claro,Claro República Dominicana,maria_jimenez_c_403,Cobran carísimo por megas adicionales y los paqueticos se consumen demasiado rápido.,2025-12-07T21:57:54Z,0,0,Facturación y Tarifas,NEGATIVO
Ugx_CLARO_AP_01049,CLARO_APP_MICLARO,"Gestiona tus Servicios, Paga tu Factura y Compra Paqueticos con Mi Claro",Claro República Dominicana,gabriel_tech_225,¿En qué horario labora la sucursal de la 27 de Febrero los sábados?,2025-12-07T23:23:22Z,1,0,Atención al Cliente y App,NEUTRO
Ugx_CLARO_RO_00840,CLARO_ROAMING_PLANES,Viaja Conectado con Claro Roaming Sin Fronteras en USA y LATAM,Claro República Dominicana,claudia_mella_825,Aumentaron la tarifa del plan pospago sin avisar previamente por correo o SMS. Un abuso.,2025-12-08T00:51:09Z,2,0,Planes y Promociones,NEGATIVO
Ugx_CLARO_FA_00311,CLARO_FACTURACION_TUTORIAL,Conoce cómo entender tu Factura Electrónica Claro,Claro República Dominicana,laura_santiago_330,"Felicidades a Claro, el soporte telefónico me resolvió un cambio de clave de router súper rápido.",2025-12-08T03:15:08Z,0,0,Facturación y Tarifas,POSITIVO
Ugx_CLARO_5G_00577,CLARO_5G_RD,La Red 5G Más Rápida y de Mayor Cobertura del País | Claro RD,Claro República Dominicana,claudia_mella_798,¿En qué horario labora la sucursal de la 27 de Febrero los sábados?,2025-12-08T04:55:27Z,0,0,Red Móvil y Cobertura 5G,NEUTRO
Ugx_CLARO_AP_01038,CLARO_APP_MICLARO,"Gestiona tus Servicios, Paga tu Factura y Compra Paqueticos con Mi Claro",Claro República Dominicana,juan_bavaro_382,La señal no se corta ni cuando hay tormenta en Santo Domingo Este. Sigan así.,2025-12-08T06:43:47Z,1,0,Atención al Cliente y App,POSITIVO
Ugx_CLARO_FA_01197,CLARO_FACTURACION_TUTORIAL,Conoce cómo entender tu Factura Electrónica Claro,Claro República Dominicana,claudia_mella_911,Esperando que extiendan la fibra óptica a la provincia de La Vega.,2025-12-08T08:36:53Z,0,0,Facturación y Tarifas,NEUTRO
Ugx_CLARO_AP_00775,CLARO_APP_MICLARO,"Gestiona tus Servicios, Paga tu Factura y Compra Paqueticos con Mi Claro",Claro República Dominicana,alex_dev_rd_403,"La velocidad contratada de 100 megas nunca llega completa, apenas marca 30 en Speedtest.",2025-12-08T08:43:34Z,1,0,Atención al Cliente y App,NEGATIVO
Ugx_CLARO_RO_00873,CLARO_ROAMING_PLANES,Viaja Conectado con Claro Roaming Sin Fronteras en USA y LATAM,Claro República Dominicana,claudia_mella_862,"La velocidad contratada de 100 megas nunca llega completa, apenas marca 30 en Speedtest.",2025-12-08T19:36:41Z,1,1,Planes y Promociones,NEGATIVO
Ugx_CLARO_RO_01208,CLARO_ROAMING_PLANES,Viaja Conectado con Claro Roaming Sin Fronteras en USA y LATAM,Claro República Dominicana,carlos_m_rd_356,"La cobertura de Claro en carretera y pueblos es la mejor del país por mucho, ninguna otra compañía llega allá.",2025-12-08T23:47:00Z,1,0,Planes y Promociones,POSITIVO
Ugx_CLARO_RO_00362,CLARO_ROAMING_PLANES,Viaja Conectado con Claro Roaming Sin Fronteras en USA y LATAM,Claro República Dominicana,tecnico_rd23_30,Tenía problemas de cobertura con otra telefónica y me cambié a Claro. Santo remedio.,2025-12-09T02:41:01Z,0,0,Planes y Promociones,POSITIVO
Ugx_CLARO_5G_00813,CLARO_5G_RD,La Red 5G Más Rápida y de Mayor Cobertura del País | Claro RD,Claro República Dominicana,alex_dev_rd_28,El internet se cae todos los fines de semana por la noche. Muy inestable.,2025-12-09T03:52:16Z,2,0,Red Móvil y Cobertura 5G,NEGATIVO
Ugx_CLARO_5G_00272,CLARO_5G_RD,La Red 5G Más Rápida y de Mayor Cobertura del País | Claro RD,Claro República Dominicana,tecnico_rd23_441,Dicen que es fibra simétrica pero el ping sube a 200ms en las noches en San Cristóbal. Muy lento.,2025-12-09T06:05:16Z,1,0,Red Móvil y Cobertura 5G,NEGATIVO
Ugx_CLARO_AP_01052,CLARO_APP_MICLARO,"Gestiona tus Servicios, Paga tu Factura y Compra Paqueticos con Mi Claro",Claro República Dominicana,gabriel_tech_651,"Pésimo servicio al cliente, llevo 3 días esperando que me reparen una avería de internet en Herrera.",2025-12-09T13:54:27Z,1,0,Atención al Cliente y App,NEGATIVO
Ugx_CLARO_FA_01132,CLARO_FACTURACION_TUTORIAL,Conoce cómo entender tu Factura Electrónica Claro,Claro República Dominicana,patricia_reyes_402,"El roaming en Estados Unidos me funcionó perfecto, sin cobros raros ni sorpresas en la factura.",2025-12-09T22:40:46Z,0,0,Facturación y Tarifas,POSITIVO
Ugx_CLARO_5G_00831,CLARO_5G_RD,La Red 5G Más Rápida y de Mayor Cobertura del País | Claro RD,Claro República Dominicana,maria_jimenez_c_797,"Muy buena actualización de la app Mi Claro, ahora puedo pagar con tarjeta y se refleja de una vez.",2025-12-10T07:21:02Z,3,1,Red Móvil y Cobertura 5G,POSITIVO
Ugx_CLARO_AP_00250,CLARO_APP_MICLARO,"Gestiona tus Servicios, Paga tu Factura y Compra Paqueticos con Mi Claro",Claro República Dominicana,pedro_perez_do_535,¿A qué número se puede consultar el balance disponible de paqueticos por mensaje?,2025-12-10T11:13:45Z,0,2,Atención al Cliente y App,NEUTRO
Ugx_CLARO_RO_00689,CLARO_ROAMING_PLANES,Viaja Conectado con Claro Roaming Sin Fronteras en USA y LATAM,Claro República Dominicana,juan_bavaro_761,Información sobre los requisitos para portabilidad numérica desde otra compañía por favor.,2025-12-11T01:36:36Z,1,1,Planes y Promociones,NEUTRO
Ugx_CLARO_AP_01146,CLARO_APP_MICLARO,"Gestiona tus Servicios, Paga tu Factura y Compra Paqueticos con Mi Claro",Claro República Dominicana,pedro_perez_do_714,¿Cuándo estará disponible la cobertura de fibra óptica en la Urbanización Real?,2025-12-11T02:43:55Z,0,0,Atención al Cliente y App,NEUTRO
Ugx_CLARO_5G_00612,CLARO_5G_RD,La Red 5G Más Rápida y de Mayor Cobertura del País | Claro RD,Claro República Dominicana,alex_dev_rd_35,"El router que instalan es malísimo, a 5 metros ya no llega la señal de Wi-Fi.",2025-12-11T03:22:17Z,0,1,Red Móvil y Cobertura 5G,NEGATIVO
Ugx_CLARO_FA_00610,CLARO_FACTURACION_TUTORIAL,Conoce cómo entender tu Factura Electrónica Claro,Claro República Dominicana,gabriel_tech_811,"Muy satisfecho con la atención en la sucursal de Blue Mall, me atendieron con mucha amabilidad.",2025-12-11T06:49:20Z,0,1,Facturación y Tarifas,POSITIVO
Ugx_CLARO_RO_01048,CLARO_ROAMING_PLANES,Viaja Conectado con Claro Roaming Sin Fronteras en USA y LATAM,Claro República Dominicana,luis_almonte_sti_161,Llamar al 107 es perder una hora de la vida escuchando una música y nadie resuelve.,2025-12-11T10:37:32Z,0,3,Planes y Promociones,NEGATIVO
Ugx_CLARO_FA_00496,CLARO_FACTURACION_TUTORIAL,Conoce cómo entender tu Factura Electrónica Claro,Claro República Dominicana,ramon_santos_sd_535,"Excelente promoción de paqueticos libres, rinden bastante bien en la semana.",2025-12-11T12:22:40Z,0,3,Facturación y Tarifas,POSITIVO
Ugx_CLARO_FA_00498,CLARO_FACTURACION_TUTORIAL,Conoce cómo entender tu Factura Electrónica Claro,Claro República Dominicana,tecnico_rd23_79,La señal no se corta ni cuando hay tormenta en Santo Domingo Este. Sigan así.,2025-12-11T17:32:52Z,1,0,Facturación y Tarifas,POSITIVO
Ugx_CLARO_RO_00194,CLARO_ROAMING_PLANES,Viaja Conectado con Claro Roaming Sin Fronteras en USA y LATAM,Claro República Dominicana,gabriel_tech_894,"Buenas tardes, quisiera saber el precio actual del plan de 500 megas de fibra.",2025-12-11T20:31:14Z,0,0,Planes y Promociones,NEUTRO
Ugx_CLARO_RO_00306,CLARO_ROAMING_PLANES,Viaja Conectado con Claro Roaming Sin Fronteras en USA y LATAM,Claro República Dominicana,laura_santiago_651,"Es una pesadilla cancelar una línea fija, te ponen mil trabas y trámites innecesarios.",2025-12-12T01:45:45Z,1,1,Planes y Promociones,NEGATIVO
Ugx_CLARO_FA_01186,CLARO_FACTURACION_TUTORIAL,Conoce cómo entender tu Factura Electrónica Claro,Claro República Dominicana,alex_dev_rd_109,"El 5G en el Distrito Nacional vuela, me dio más de 450 Mbps de bajada en el test.",2025-12-12T05:34:16Z,0,0,Facturación y Tarifas,POSITIVO
Ugx_CLARO_RO_00240,CLARO_ROAMING_PLANES,Viaja Conectado con Claro Roaming Sin Fronteras en USA y LATAM,Claro República Dominicana,maria_jimenez_c_459,"Los técnicos vinieron, no revisaron la caja exterior y dijeron que todo estaba bien. Sigo sin internet.",2025-12-12T08:54:37Z,2,0,Planes y Promociones,NEGATIVO
Ugx_CLARO_FA_00077,CLARO_FACTURACION_TUTORIAL,Conoce cómo entender tu Factura Electrónica Claro,Claro República Dominicana,elena_gomez_rd_558,Dicen que es fibra simétrica pero el ping sube a 200ms en las noches en San Cristóbal. Muy lento.,2025-12-12T11:29:19Z,0,3,Facturación y Tarifas,NEGATIVO
Ugx_CLARO_RO_00161,CLARO_ROAMING_PLANES,Viaja Conectado con Claro Roaming Sin Fronteras en USA y LATAM,Claro República Dominicana,maria_jimenez_c_383,Me cobraron un cargo por reconexión que nunca solicité. Facturación no me da respuesta.,2025-12-12T15:56:06Z,0,0,Planes y Promociones,NEGATIVO
Ugx_CLARO_5G_00127,CLARO_5G_RD,La Red 5G Más Rápida y de Mayor Cobertura del País | Claro RD,Claro República Dominicana,ramon_santos_sd_380,"Excelente promoción de paqueticos libres, rinden bastante bien en la semana.",2025-12-12T17:20:22Z,0,0,Red Móvil y Cobertura 5G,POSITIVO
Ugx_CLARO_AP_00806,CLARO_APP_MICLARO,"Gestiona tus Servicios, Paga tu Factura y Compra Paqueticos con Mi Claro",Claro República Dominicana,patricia_reyes_624,"Felicidades a Claro, el soporte telefónico me resolvió un cambio de clave de router súper rápido.",2025-12-12T17:20:47Z,0,0,Atención al Cliente y App,POSITIVO
Ugx_CLARO_5G_00818,CLARO_5G_RD,La Red 5G Más Rápida y de Mayor Cobertura del País | Claro RD,Claro República Dominicana,patricia_reyes_258,Esperando que extiendan la fibra óptica a la provincia de La Vega.,2025-12-13T00:42:52Z,2,0,Red Móvil y Cobertura 5G,NEUTRO
Ugx_CLARO_RO_01083,CLARO_ROAMING_PLANES,Viaja Conectado con Claro Roaming Sin Fronteras en USA y LATAM,Claro República Dominicana,pedro_perez_do_105,Para mí es la empresa de telecomunicaciones más seria de República Dominicana. Servicio de calidad.,2025-12-13T01:39:47Z,15,3,Planes y Promociones,POSITIVO
Ugx_CLARO_AP_01174,CLARO_APP_MICLARO,"Gestiona tus Servicios, Paga tu Factura y Compra Paqueticos con Mi Claro",Claro República Dominicana,jose_gaming_rd_760,¿El roaming sin fronteras incluye llamadas locales dentro del país de destino?,2025-12-13T03:07:52Z,0,0,Atención al Cliente y App,NEUTRO
Ugx_CLARO_FA_00738,CLARO_FACTURACION_TUTORIAL,Conoce cómo entender tu Factura Electrónica Claro,Claro República Dominicana,juan_bavaro_122,"Excelente promoción de paqueticos libres, rinden bastante bien en la semana.",2025-12-13T11:26:33Z,0,0,Facturación y Tarifas,POSITIVO
Ugx_CLARO_5G_00553,CLARO_5G_RD,La Red 5G Más Rápida y de Mayor Cobertura del País | Claro RD,Claro República Dominicana,juan_bavaro_992,"El 5G en el Distrito Nacional vuela, me dio más de 450 Mbps de bajada en el test.",2025-12-13T13:06:27Z,0,0,Red Móvil y Cobertura 5G,POSITIVO
Ugx_CLARO_FA_01042,CLARO_FACTURACION_TUTORIAL,Conoce cómo entender tu Factura Electrónica Claro,Claro República Dominicana,ana_valdez_sd_438,¿El servicio de 5G requiere cambiar la tarjeta SIM o sirve la misma USIM 4G?,2025-12-14T01:35:42Z,0,0,Facturación y Tarifas,NEUTRO
Ugx_CLARO_FA_01246,CLARO_FACTURACION_TUTORIAL,Conoce cómo entender tu Factura Electrónica Claro,Claro República Dominicana,gabriel_tech_44,El internet se cae todos los fines de semana por la noche. Muy inestable.,2025-12-14T03:40:37Z,1,1,Facturación y Tarifas,NEGATIVO
Ugx_CLARO_FA_01147,CLARO_FACTURACION_TUTORIAL,Conoce cómo entender tu Factura Electrónica Claro,Claro República Dominicana,pedro_perez_do_892,Me cobraron un cargo por reconexión que nunca solicité. Facturación no me da respuesta.,2025-12-14T04:21:55Z,12,0,Facturación y Tarifas,NEGATIVO
Ugx_CLARO_FA_01013,CLARO_FACTURACION_TUTORIAL,Conoce cómo entender tu Factura Electrónica Claro,Claro República Dominicana,jose_gaming_rd_397,Llevo 8 años con Claro y la estabilidad del internet para trabajar remoto es incomparable.,2025-12-14T05:39:40Z,0,0,Facturación y Tarifas,POSITIVO
Ugx_CLARO_FA_00520,CLARO_FACTURACION_TUTORIAL,Conoce cómo entender tu Factura Electrónica Claro,Claro República Dominicana,jose_gaming_rd_549,Llamar al 107 es perder una hora de la vida escuchando una música y nadie resuelve.,2025-12-14T22:48:34Z,2,1,Facturación y Tarifas,NEGATIVO
Ugx_CLARO_5G_00423,CLARO_5G_RD,La Red 5G Más Rápida y de Mayor Cobertura del País | Claro RD,Claro República Dominicana,juan_bavaro_830,El ping en juegos online como Valorant y Warzone me bajó a 35ms con la fibra. Nítido todo.,2025-12-15T02:52:12Z,0,0,Red Móvil y Cobertura 5G,POSITIVO
Ugx_CLARO_AP_01098,CLARO_APP_MICLARO,"Gestiona tus Servicios, Paga tu Factura y Compra Paqueticos con Mi Claro",Claro República Dominicana,juan_bavaro_49,Esperando que extiendan la fibra óptica a la provincia de La Vega.,2025-12-15T04:09:44Z,0,0,Atención al Cliente y App,NEUTRO
Ugx_CLARO_5G_00295,CLARO_5G_RD,La Red 5G Más Rápida y de Mayor Cobertura del País | Claro RD,Claro República Dominicana,patricia_reyes_770,Dicen que es fibra simétrica pero el ping sube a 200ms en las noches en San Cristóbal. Muy lento.,2025-12-15T06:07:27Z,0,1,Red Móvil y Cobertura 5G,NEGATIVO
Ugx_CLARO_AP_00204,CLARO_APP_MICLARO,"Gestiona tus Servicios, Paga tu Factura y Compra Paqueticos con Mi Claro",Claro República Dominicana,gabriel_tech_648,"La cobertura de Claro en carretera y pueblos es la mejor del país por mucho, ninguna otra compañía llega allá.",2025-12-15T20:01:10Z,0,0,Atención al Cliente y App,POSITIVO
Ugx_CLARO_RO_00969,CLARO_ROAMING_PLANES,Viaja Conectado con Claro Roaming Sin Fronteras en USA y LATAM,Claro República Dominicana,tecnico_rd23_779,"En la zona de Bávaro la señal 5G casi no entra, se queda en 3G o sin servicio a cada rato.",2025-12-16T00:20:46Z,2,3,Planes y Promociones,NEGATIVO
Ugx_CLARO_5G_00627,CLARO_5G_RD,La Red 5G Más Rápida y de Mayor Cobertura del País | Claro RD,Claro República Dominicana,pedro_perez_do_578,"La cobertura de Claro en carretera y pueblos es la mejor del país por mucho, ninguna otra compañía llega allá.",2025-12-16T04:09:44Z,1,0,Red Móvil y Cobertura 5G,POSITIVO
Ugx_CLARO_5G_01154,CLARO_5G_RD,La Red 5G Más Rápida y de Mayor Cobertura del País | Claro RD,Claro República Dominicana,claudia_mella_119,"Muy satisfecho con la atención en la sucursal de Blue Mall, me atendieron con mucha amabilidad.",2025-12-16T05:21:45Z,1,0,Red Móvil y Cobertura 5G,POSITIVO
Ugx_CLARO_RO_00299,CLARO_ROAMING_PLANES,Viaja Conectado con Claro Roaming Sin Fronteras en USA y LATAM,Claro República Dominicana,patricia_reyes_369,Instalaron la fibra en menos de 48 horas en Bella Vista. Muy puntuales los técnicos.,2025-12-16T07:32:04Z,1,0,Planes y Promociones,POSITIVO
Ugx_CLARO_FA_00456,CLARO_FACTURACION_TUTORIAL,Conoce cómo entender tu Factura Electrónica Claro,Claro República Dominicana,elena_gomez_rd_410,¿Cuándo estará disponible la cobertura de fibra óptica en la Urbanización Real?,2025-12-16T08:00:18Z,0,1,Facturación y Tarifas,NEUTRO
Ugx_CLARO_5G_00072,CLARO_5G_RD,La Red 5G Más Rápida y de Mayor Cobertura del País | Claro RD,Claro República Dominicana,patricia_reyes_634,Alguien sabe si para solicitar el cambio de router cobran algún costo adicional?,2025-12-16T08:52:43Z,0,0,Red Móvil y Cobertura 5G,NEUTRO
Ugx_CLARO_AP_00222,CLARO_APP_MICLARO,"Gestiona tus Servicios, Paga tu Factura y Compra Paqueticos con Mi Claro",Claro República Dominicana,juan_bavaro_666,¿Cuándo estará disponible la cobertura de fibra óptica en la Urbanización Real?,2025-12-16T12:11:54Z,0,0,Atención al Cliente y App,NEUTRO
Ugx_CLARO_FA_00483,CLARO_FACTURACION_TUTORIAL,Conoce cómo entender tu Factura Electrónica Claro,Claro República Dominicana,tecnico_rd23_498,¿A qué número se puede consultar el balance disponible de paqueticos por mensaje?,2025-12-16T15:29:29Z,0,1,Facturación y Tarifas,NEUTRO
Ugx_CLARO_5G_00693,CLARO_5G_RD,La Red 5G Más Rápida y de Mayor Cobertura del País | Claro RD,Claro República Dominicana,elena_gomez_rd_658,¿A qué número se puede consultar el balance disponible de paqueticos por mensaje?,2025-12-16T22:49:17Z,0,0,Red Móvil y Cobertura 5G,NEUTRO
Ugx_CLARO_FA_00745,CLARO_FACTURACION_TUTORIAL,Conoce cómo entender tu Factura Electrónica Claro,Claro República Dominicana,carlos_m_rd_111,Dicen que es fibra simétrica pero el ping sube a 200ms en las noches en San Cristóbal. Muy lento.,2025-12-16T22:52:41Z,1,0,Facturación y Tarifas,NEGATIVO
Ugx_CLARO_RO_00886,CLARO_ROAMING_PLANES,Viaja Conectado con Claro Roaming Sin Fronteras en USA y LATAM,Claro República Dominicana,ramon_santos_sd_140,"Pésimo servicio al cliente, llevo 3 días esperando que me reparen una avería de internet en Herrera.",2025-12-17T11:24:22Z,12,0,Planes y Promociones,NEGATIVO
Ugx_CLARO_FA_00715,CLARO_FACTURACION_TUTORIAL,Conoce cómo entender tu Factura Electrónica Claro,Claro República Dominicana,gabriel_tech_611,¿En qué horario labora la sucursal de la 27 de Febrero los sábados?,2025-12-17T15:04:49Z,0,0,Facturación y Tarifas,NEUTRO
Ugx_CLARO_RO_01193,CLARO_ROAMING_PLANES,Viaja Conectado con Claro Roaming Sin Fronteras en USA y LATAM,Claro República Dominicana,jose_gaming_rd_681,"La velocidad contratada de 100 megas nunca llega completa, apenas marca 30 en Speedtest.",2025-12-17T18:40:45Z,2,0,Planes y Promociones,NEGATIVO
Ugx_CLARO_5G_00058,CLARO_5G_RD,La Red 5G Más Rápida y de Mayor Cobertura del País | Claro RD,Claro República Dominicana,maria_jimenez_c_73,"La cobertura de Claro en carretera y pueblos es la mejor del país por mucho, ninguna otra compañía llega allá.",2025-12-17T19:45:21Z,0,0,Red Móvil y Cobertura 5G,POSITIVO
Ugx_CLARO_RO_00321,CLARO_ROAMING_PLANES,Viaja Conectado con Claro Roaming Sin Fronteras en USA y LATAM,Claro República Dominicana,tecnico_rd23_725,"Buenas tardes, quisiera saber el precio actual del plan de 500 megas de fibra.",2025-12-17T21:21:05Z,0,0,Planes y Promociones,NEUTRO
Ugx_CLARO_FA_01073,CLARO_FACTURACION_TUTORIAL,Conoce cómo entender tu Factura Electrónica Claro,Claro República Dominicana,maria_jimenez_c_760,"Es una pesadilla cancelar una línea fija, te ponen mil trabas y trámites innecesarios.",2025-12-18T04:16:06Z,0,0,Facturación y Tarifas,NEGATIVO
Ugx_CLARO_AP_00330,CLARO_APP_MICLARO,"Gestiona tus Servicios, Paga tu Factura y Compra Paqueticos con Mi Claro",Claro República Dominicana,patricia_reyes_813,Cobran carísimo por megas adicionales y los paqueticos se consumen demasiado rápido.,2025-12-18T07:18:22Z,1,0,Atención al Cliente y App,NEGATIVO
Ugx_CLARO_FA_00478,CLARO_FACTURACION_TUTORIAL,Conoce cómo entender tu Factura Electrónica Claro,Claro República Dominicana,ramon_santos_sd_606,"Buenas tardes, quisiera saber el precio actual del plan de 500 megas de fibra.",2025-12-18T21:52:33Z,0,1,Facturación y Tarifas,NEUTRO
Ugx_CLARO_AP_00113,CLARO_APP_MICLARO,"Gestiona tus Servicios, Paga tu Factura y Compra Paqueticos con Mi Claro",Claro República Dominicana,pedro_perez_do_775,¿Cuándo estará disponible la cobertura de fibra óptica en la Urbanización Real?,2025-12-19T03:16:53Z,0,0,Atención al Cliente y App,NEUTRO
Ugx_CLARO_5G_00022,CLARO_5G_RD,La Red 5G Más Rápida y de Mayor Cobertura del País | Claro RD,Claro República Dominicana,ramon_santos_sd_426,"El roaming en Estados Unidos me funcionó perfecto, sin cobros raros ni sorpresas en la factura.",2025-12-19T08:50:50Z,8,0,Red Móvil y Cobertura 5G,POSITIVO
Ugx_CLARO_5G_00906,CLARO_5G_RD,La Red 5G Más Rápida y de Mayor Cobertura del País | Claro RD,Claro República Dominicana,tecnico_rd23_605,Aumentaron la tarifa del plan pospago sin avisar previamente por correo o SMS. Un abuso.,2025-12-19T18:00:53Z,1,0,Red Móvil y Cobertura 5G,NEGATIVO
Ugx_CLARO_AP_01129,CLARO_APP_MICLARO,"Gestiona tus Servicios, Paga tu Factura y Compra Paqueticos con Mi Claro",Claro República Dominicana,juan_bavaro_773,Llamar al 107 es perder una hora de la vida escuchando una música y nadie resuelve.,2025-12-19T20:04:45Z,28,1,Atención al Cliente y App,NEGATIVO
Ugx_CLARO_AP_00396,CLARO_APP_MICLARO,"Gestiona tus Servicios, Paga tu Factura y Compra Paqueticos con Mi Claro",Claro República Dominicana,juan_bavaro_881,La señal no se corta ni cuando hay tormenta en Santo Domingo Este. Sigan así.,2025-12-19T21:19:11Z,0,0,Atención al Cliente y App,POSITIVO
Ugx_CLARO_FA_01066,CLARO_FACTURACION_TUTORIAL,Conoce cómo entender tu Factura Electrónica Claro,Claro República Dominicana,ramon_santos_sd_681,La señal no se corta ni cuando hay tormenta en Santo Domingo Este. Sigan así.,2025-12-20T00:04:45Z,0,0,Facturación y Tarifas,POSITIVO
Ugx_CLARO_RO_01216,CLARO_ROAMING_PLANES,Viaja Conectado con Claro Roaming Sin Fronteras en USA y LATAM,Claro República Dominicana,carlos_m_rd_139,Buen ancho de banda y la subida simétrica me ayuda un mundo para subir videos a YouTube.,2025-12-20T02:04:15Z,0,0,Planes y Promociones,POSITIVO
Ugx_CLARO_AP_00664,CLARO_APP_MICLARO,"Gestiona tus Servicios, Paga tu Factura y Compra Paqueticos con Mi Claro",Claro República Dominicana,elena_gomez_rd_409,Instalaron la fibra en menos de 48 horas en Bella Vista. Muy puntuales los técnicos.,2025-12-20T06:57:15Z,1,2,Atención al Cliente y App,POSITIVO
Ugx_CLARO_RO_00230,CLARO_ROAMING_PLANES,Viaja Conectado con Claro Roaming Sin Fronteras en USA y LATAM,Claro República Dominicana,claudia_mella_587,Alguien sabe si para solicitar el cambio de router cobran algún costo adicional?,2025-12-20T13:10:19Z,0,0,Planes y Promociones,NEUTRO
Ugx_CLARO_5G_01031,CLARO_5G_RD,La Red 5G Más Rápida y de Mayor Cobertura del País | Claro RD,Claro República Dominicana,tecnico_rd23_298,"Es una pesadilla cancelar una línea fija, te ponen mil trabas y trámites innecesarios.",2025-12-20T15:48:48Z,0,0,Red Móvil y Cobertura 5G,NEGATIVO
Ugx_CLARO_AP_00842,CLARO_APP_MICLARO,"Gestiona tus Servicios, Paga tu Factura y Compra Paqueticos con Mi Claro",Claro República Dominicana,patricia_reyes_764,"Muy buena actualización de la app Mi Claro, ahora puedo pagar con tarjeta y se refleja de una vez.",2025-12-20T16:20:16Z,0,0,Atención al Cliente y App,POSITIVO
Ugx_CLARO_RO_00472,CLARO_ROAMING_PLANES,Viaja Conectado con Claro Roaming Sin Fronteras en USA y LATAM,Claro República Dominicana,alex_dev_rd_267,El ping en juegos online como Valorant y Warzone me bajó a 35ms con la fibra. Nítido todo.,2025-12-20T21:23:48Z,1,0,Planes y Promociones,POSITIVO
Ugx_CLARO_AP_00242,CLARO_APP_MICLARO,"Gestiona tus Servicios, Paga tu Factura y Compra Paqueticos con Mi Claro",Claro República Dominicana,claudia_mella_156,Buen ancho de banda y la subida simétrica me ayuda un mundo para subir videos a YouTube.,2025-12-21T08:37:31Z,1,7,Atención al Cliente y App,POSITIVO
Ugx_CLARO_RO_00246,CLARO_ROAMING_PLANES,Viaja Conectado con Claro Roaming Sin Fronteras en USA y LATAM,Claro República Dominicana,claudia_mella_470,El ping en juegos online como Valorant y Warzone me bajó a 35ms con la fibra. Nítido todo.,2025-12-21T12:01:28Z,0,1,Planes y Promociones,POSITIVO
Ugx_CLARO_AP_00355,CLARO_APP_MICLARO,"Gestiona tus Servicios, Paga tu Factura y Compra Paqueticos con Mi Claro",Claro República Dominicana,pedro_perez_do_149,Tenía problemas de cobertura con otra telefónica y me cambié a Claro. Santo remedio.,2025-12-21T12:15:13Z,0,3,Atención al Cliente y App,POSITIVO
Ugx_CLARO_FA_00238,CLARO_FACTURACION_TUTORIAL,Conoce cómo entender tu Factura Electrónica Claro,Claro República Dominicana,tecnico_rd23_203,"Muy satisfecho con la atención en la sucursal de Blue Mall, me atendieron con mucha amabilidad.",2025-12-21T12:36:11Z,0,2,Facturación y Tarifas,POSITIVO
Ugx_CLARO_5G_00473,CLARO_5G_RD,La Red 5G Más Rápida y de Mayor Cobertura del País | Claro RD,Claro República Dominicana,claudia_mella_628,"Muy buena actualización de la app Mi Claro, ahora puedo pagar con tarjeta y se refleja de una vez.",2025-12-21T17:43:33Z,3,0,Red Móvil y Cobertura 5G,POSITIVO
Ugx_CLARO_RO_00951,CLARO_ROAMING_PLANES,Viaja Conectado con Claro Roaming Sin Fronteras en USA y LATAM,Claro República Dominicana,maria_jimenez_c_752,Buen ancho de banda y la subida simétrica me ayuda un mundo para subir videos a YouTube.,2025-12-21T18:28:29Z,8,0,Planes y Promociones,POSITIVO
Ugx_CLARO_FA_00320,CLARO_FACTURACION_TUTORIAL,Conoce cómo entender tu Factura Electrónica Claro,Claro República Dominicana,tecnico_rd23_95,El ping en juegos online como Valorant y Warzone me bajó a 35ms con la fibra. Nítido todo.,2025-12-21T19:34:31Z,0,0,Facturación y Tarifas,POSITIVO
Ugx_CLARO_5G_01213,CLARO_5G_RD,La Red 5G Más Rápida y de Mayor Cobertura del País | Claro RD,Claro República Dominicana,carlos_m_rd_406,"Muy satisfecho con la atención en la sucursal de Blue Mall, me atendieron con mucha amabilidad.",2025-12-21T20:06:56Z,0,1,Red Móvil y Cobertura 5G,POSITIVO
Ugx_CLARO_AP_00876,CLARO_APP_MICLARO,"Gestiona tus Servicios, Paga tu Factura y Compra Paqueticos con Mi Claro",Claro República Dominicana,ramon_santos_sd_745,"El roaming en Estados Unidos me funcionó perfecto, sin cobros raros ni sorpresas en la factura.",2025-12-21T22:20:05Z,0,0,Atención al Cliente y App,POSITIVO
Ugx_CLARO_5G_00557,CLARO_5G_RD,La Red 5G Más Rápida y de Mayor Cobertura del País | Claro RD,Claro República Dominicana,gabriel_tech_930,"El roaming en Estados Unidos me funcionó perfecto, sin cobros raros ni sorpresas en la factura.",2025-12-22T06:17:42Z,0,0,Red Móvil y Cobertura 5G,POSITIVO
Ugx_CLARO_FA_00681,CLARO_FACTURACION_TUTORIAL,Conoce cómo entender tu Factura Electrónica Claro,Claro República Dominicana,ramon_santos_sd_39,Me están facturando un paquete de canales que cancelé hace dos meses. Qué desastre.,2025-12-22T06:24:13Z,0,0,Facturación y Tarifas,NEGATIVO
Ugx_CLARO_RO_00074,CLARO_ROAMING_PLANES,Viaja Conectado con Claro Roaming Sin Fronteras en USA y LATAM,Claro República Dominicana,ana_valdez_sd_747,Llevo 8 años con Claro y la estabilidad del internet para trabajar remoto es incomparable.,2025-12-22T06:57:22Z,1,0,Planes y Promociones,POSITIVO
Ugx_CLARO_AP_01022,CLARO_APP_MICLARO,"Gestiona tus Servicios, Paga tu Factura y Compra Paqueticos con Mi Claro",Claro República Dominicana,claudia_mella_965,Me están facturando un paquete de canales que cancelé hace dos meses. Qué desastre.,2025-12-22T07:55:03Z,1,3,Atención al Cliente y App,NEGATIVO
Ugx_CLARO_RO_00865,CLARO_ROAMING_PLANES,Viaja Conectado con Claro Roaming Sin Fronteras en USA y LATAM,Claro República Dominicana,gabriel_tech_661,Instalaron la fibra en menos de 48 horas en Bella Vista. Muy puntuales los técnicos.,2025-12-22T16:14:15Z,0,0,Planes y Promociones,POSITIVO
Ugx_CLARO_AP_00227,CLARO_APP_MICLARO,"Gestiona tus Servicios, Paga tu Factura y Compra Paqueticos con Mi Claro",Claro República Dominicana,jose_gaming_rd_425,"El roaming en Estados Unidos me funcionó perfecto, sin cobros raros ni sorpresas en la factura.",2025-12-22T16:56:40Z,0,0,Atención al Cliente y App,POSITIVO
Ugx_CLARO_FA_01074,CLARO_FACTURACION_TUTORIAL,Conoce cómo entender tu Factura Electrónica Claro,Claro República Dominicana,carlos_m_rd_160,Me están facturando un paquete de canales que cancelé hace dos meses. Qué desastre.,2025-12-22T17:21:38Z,0,0,Facturación y Tarifas,NEGATIVO
Ugx_CLARO_AP_00142,CLARO_APP_MICLARO,"Gestiona tus Servicios, Paga tu Factura y Compra Paqueticos con Mi Claro",Claro República Dominicana,carlos_m_rd_235,Llevo 8 años con Claro y la estabilidad del internet para trabajar remoto es incomparable.,2025-12-22T19:11:06Z,1,0,Atención al Cliente y App,POSITIVO
Ugx_CLARO_AP_00963,CLARO_APP_MICLARO,"Gestiona tus Servicios, Paga tu Factura y Compra Paqueticos con Mi Claro",Claro República Dominicana,elena_gomez_rd_431,"Excelente promoción de paqueticos libres, rinden bastante bien en la semana.",2025-12-22T21:20:18Z,1,1,Atención al Cliente y App,POSITIVO
Ugx_CLARO_FA_00686,CLARO_FACTURACION_TUTORIAL,Conoce cómo entender tu Factura Electrónica Claro,Claro República Dominicana,ramon_santos_sd_823,Aumentaron la tarifa del plan pospago sin avisar previamente por correo o SMS. Un abuso.,2025-12-22T21:58:39Z,0,0,Facturación y Tarifas,NEGATIVO
Ugx_CLARO_RO_00654,CLARO_ROAMING_PLANES,Viaja Conectado con Claro Roaming Sin Fronteras en USA y LATAM,Claro República Dominicana,gabriel_tech_629,"Muy satisfecho con la atención en la sucursal de Blue Mall, me atendieron con mucha amabilidad.",2025-12-23T04:22:05Z,0,0,Planes y Promociones,POSITIVO
Ugx_CLARO_5G_01200,CLARO_5G_RD,La Red 5G Más Rápida y de Mayor Cobertura del País | Claro RD,Claro República Dominicana,juan_bavaro_705,Información sobre los requisitos para portabilidad numérica desde otra compañía por favor.,2025-12-23T09:11:35Z,0,0,Red Móvil y Cobertura 5G,NEUTRO
Ugx_CLARO_FA_00656,CLARO_FACTURACION_TUTORIAL,Conoce cómo entender tu Factura Electrónica Claro,Claro República Dominicana,ramon_santos_sd_85,¿En qué horario labora la sucursal de la 27 de Febrero los sábados?,2025-12-23T09:22:09Z,1,0,Facturación y Tarifas,NEUTRO
Ugx_CLARO_RO_00815,CLARO_ROAMING_PLANES,Viaja Conectado con Claro Roaming Sin Fronteras en USA y LATAM,Claro República Dominicana,jose_gaming_rd_148,"Muy mal soporte técnico por WhatsApp, un bot que repite lo mismo y no transfiere a un humano.",2025-12-23T11:01:09Z,28,0,Planes y Promociones,NEGATIVO
Ugx_CLARO_AP_00176,CLARO_APP_MICLARO,"Gestiona tus Servicios, Paga tu Factura y Compra Paqueticos con Mi Claro",Claro República Dominicana,alex_dev_rd_417,"El router que instalan es malísimo, a 5 metros ya no llega la señal de Wi-Fi.",2025-12-23T11:29:25Z,0,7,Atención al Cliente y App,NEGATIVO
Ugx_CLARO_FA_00847,CLARO_FACTURACION_TUTORIAL,Conoce cómo entender tu Factura Electrónica Claro,Claro República Dominicana,jose_gaming_rd_527,"Felicidades a Claro, el soporte telefónico me resolvió un cambio de clave de router súper rápido.",2025-12-23T15:10:46Z,1,0,Facturación y Tarifas,POSITIVO
Ugx_CLARO_5G_01150,CLARO_5G_RD,La Red 5G Más Rápida y de Mayor Cobertura del País | Claro RD,Claro República Dominicana,carlos_m_rd_227,"El roaming en Estados Unidos me funcionó perfecto, sin cobros raros ni sorpresas en la factura.",2025-12-24T02:44:09Z,3,0,Red Móvil y Cobertura 5G,POSITIVO
Ugx_CLARO_5G_01054,CLARO_5G_RD,La Red 5G Más Rápida y de Mayor Cobertura del País | Claro RD,Claro República Dominicana,jose_gaming_rd_480,El ping en juegos online como Valorant y Warzone me bajó a 35ms con la fibra. Nítido todo.,2025-12-24T03:24:40Z,0,0,Red Móvil y Cobertura 5G,POSITIVO
Ugx_CLARO_RO_00961,CLARO_ROAMING_PLANES,Viaja Conectado con Claro Roaming Sin Fronteras en USA y LATAM,Claro República Dominicana,luis_almonte_sti_738,Tenía problemas de cobertura con otra telefónica y me cambié a Claro. Santo remedio.,2025-12-24T04:15:00Z,3,2,Planes y Promociones,POSITIVO
Ugx_CLARO_RO_00481,CLARO_ROAMING_PLANES,Viaja Conectado con Claro Roaming Sin Fronteras en USA y LATAM,Claro República Dominicana,juan_bavaro_685,La señal no se corta ni cuando hay tormenta en Santo Domingo Este. Sigan así.,2025-12-24T04:16:43Z,3,0,Planes y Promociones,POSITIVO
Ugx_CLARO_5G_00149,CLARO_5G_RD,La Red 5G Más Rápida y de Mayor Cobertura del País | Claro RD,Claro República Dominicana,juan_bavaro_782,Me cobraron un cargo por reconexión que nunca solicité. Facturación no me da respuesta.,2025-12-24T06:26:58Z,2,0,Red Móvil y Cobertura 5G,NEGATIVO
Ugx_CLARO_AP_00044,CLARO_APP_MICLARO,"Gestiona tus Servicios, Paga tu Factura y Compra Paqueticos con Mi Claro",Claro República Dominicana,maria_jimenez_c_630,Dicen que es fibra simétrica pero el ping sube a 200ms en las noches en San Cristóbal. Muy lento.,2025-12-24T12:35:09Z,0,7,Atención al Cliente y App,NEGATIVO
Ugx_CLARO_FA_00962,CLARO_FACTURACION_TUTORIAL,Conoce cómo entender tu Factura Electrónica Claro,Claro República Dominicana,gabriel_tech_447,La señal no se corta ni cuando hay tormenta en Santo Domingo Este. Sigan así.,2025-12-24T15:23:56Z,0,0,Facturación y Tarifas,POSITIVO
Ugx_CLARO_FA_00292,CLARO_FACTURACION_TUTORIAL,Conoce cómo entender tu Factura Electrónica Claro,Claro República Dominicana,juan_bavaro_305,"Felicidades a Claro, el soporte telefónico me resolvió un cambio de clave de router súper rápido.",2025-12-24T20:12:13Z,1,0,Facturación y Tarifas,POSITIVO
Ugx_CLARO_5G_00200,CLARO_5G_RD,La Red 5G Más Rápida y de Mayor Cobertura del País | Claro RD,Claro República Dominicana,alex_dev_rd_488,Información sobre los requisitos para portabilidad numérica desde otra compañía por favor.,2025-12-25T05:48:05Z,1,0,Red Móvil y Cobertura 5G,NEUTRO
Ugx_CLARO_5G_00679,CLARO_5G_RD,La Red 5G Más Rápida y de Mayor Cobertura del País | Claro RD,Claro República Dominicana,jose_gaming_rd_173,Llamar al 107 es perder una hora de la vida escuchando una música y nadie resuelve.,2025-12-25T17:16:22Z,0,0,Red Móvil y Cobertura 5G,NEGATIVO
Ugx_CLARO_5G_00594,CLARO_5G_RD,La Red 5G Más Rápida y de Mayor Cobertura del País | Claro RD,Claro República Dominicana,alex_dev_rd_836,"El router que instalan es malísimo, a 5 metros ya no llega la señal de Wi-Fi.",2025-12-25T18:07:05Z,0,0,Red Móvil y Cobertura 5G,NEGATIVO
Ugx_CLARO_5G_01085,CLARO_5G_RD,La Red 5G Más Rápida y de Mayor Cobertura del País | Claro RD,Claro República Dominicana,ramon_santos_sd_803,"La cobertura de Claro en carretera y pueblos es la mejor del país por mucho, ninguna otra compañía llega allá.",2025-12-26T03:40:38Z,0,0,Red Móvil y Cobertura 5G,POSITIVO
Ugx_CLARO_FA_00505,CLARO_FACTURACION_TUTORIAL,Conoce cómo entender tu Factura Electrónica Claro,Claro República Dominicana,juan_bavaro_133,"Excelente promoción de paqueticos libres, rinden bastante bien en la semana.",2025-12-26T14:20:05Z,0,0,Facturación y Tarifas,POSITIVO
Ugx_CLARO_FA_00717,CLARO_FACTURACION_TUTORIAL,Conoce cómo entender tu Factura Electrónica Claro,Claro República Dominicana,alex_dev_rd_483,La app Mi Claro vive con errores y se cierra sola cuando voy a pagar la factura.,2025-12-26T15:05:31Z,1,0,Facturación y Tarifas,NEGATIVO
Ugx_CLARO_5G_00114,CLARO_5G_RD,La Red 5G Más Rápida y de Mayor Cobertura del País | Claro RD,Claro República Dominicana,claudia_mella_289,Cobran carísimo por megas adicionales y los paqueticos se consumen demasiado rápido.,2025-12-26T19:19:39Z,5,1,Red Móvil y Cobertura 5G,NEGATIVO
Ugx_CLARO_FA_00910,CLARO_FACTURACION_TUTORIAL,Conoce cómo entender tu Factura Electrónica Claro,Claro República Dominicana,juan_bavaro_249,"En la zona de Bávaro la señal 5G casi no entra, se queda en 3G o sin servicio a cada rato.",2025-12-27T00:53:59Z,0,0,Facturación y Tarifas,NEGATIVO
Ugx_CLARO_5G_01233,CLARO_5G_RD,La Red 5G Más Rápida y de Mayor Cobertura del País | Claro RD,Claro República Dominicana,gabriel_tech_460,¿Cuándo estará disponible la cobertura de fibra óptica en la Urbanización Real?,2025-12-27T06:42:30Z,0,0,Red Móvil y Cobertura 5G,NEUTRO
Ugx_CLARO_RO_01061,CLARO_ROAMING_PLANES,Viaja Conectado con Claro Roaming Sin Fronteras en USA y LATAM,Claro República Dominicana,alex_dev_rd_917,"Es una pesadilla cancelar una línea fija, te ponen mil trabas y trámites innecesarios.",2025-12-27T10:48:14Z,0,1,Planes y Promociones,NEGATIVO
Ugx_CLARO_FA_00353,CLARO_FACTURACION_TUTORIAL,Conoce cómo entender tu Factura Electrónica Claro,Claro República Dominicana,claudia_mella_831,"La velocidad contratada de 100 megas nunca llega completa, apenas marca 30 en Speedtest.",2025-12-27T12:24:23Z,1,1,Facturación y Tarifas,NEGATIVO
Ugx_CLARO_RO_00451,CLARO_ROAMING_PLANES,Viaja Conectado con Claro Roaming Sin Fronteras en USA y LATAM,Claro República Dominicana,ana_valdez_sd_560,Tenía problemas de cobertura con otra telefónica y me cambié a Claro. Santo remedio.,2025-12-27T15:26:41Z,0,1,Planes y Promociones,POSITIVO
Ugx_CLARO_FA_00593,CLARO_FACTURACION_TUTORIAL,Conoce cómo entender tu Factura Electrónica Claro,Claro República Dominicana,laura_santiago_930,Me están facturando un paquete de canales que cancelé hace dos meses. Qué desastre.,2025-12-28T10:30:51Z,2,0,Facturación y Tarifas,NEGATIVO
Ugx_CLARO_RO_00067,CLARO_ROAMING_PLANES,Viaja Conectado con Claro Roaming Sin Fronteras en USA y LATAM,Claro República Dominicana,patricia_reyes_36,Alguien sabe si para solicitar el cambio de router cobran algún costo adicional?,2025-12-28T11:19:28Z,1,2,Planes y Promociones,NEUTRO
Ugx_CLARO_AP_00461,CLARO_APP_MICLARO,"Gestiona tus Servicios, Paga tu Factura y Compra Paqueticos con Mi Claro",Claro República Dominicana,patricia_reyes_685,La señal no se corta ni cuando hay tormenta en Santo Domingo Este. Sigan así.,2025-12-28T16:24:27Z,0,0,Atención al Cliente y App,POSITIVO
Ugx_CLARO_RO_01152,CLARO_ROAMING_PLANES,Viaja Conectado con Claro Roaming Sin Fronteras en USA y LATAM,Claro República Dominicana,claudia_mella_143,¿En qué horario labora la sucursal de la 27 de Febrero los sábados?,2025-12-28T18:22:07Z,1,0,Planes y Promociones,NEUTRO
Ugx_CLARO_RO_01248,CLARO_ROAMING_PLANES,Viaja Conectado con Claro Roaming Sin Fronteras en USA y LATAM,Claro República Dominicana,elena_gomez_rd_56,Dicen que es fibra simétrica pero el ping sube a 200ms en las noches en San Cristóbal. Muy lento.,2025-12-28T21:32:06Z,0,0,Planes y Promociones,NEGATIVO
Ugx_CLARO_FA_00266,CLARO_FACTURACION_TUTORIAL,Conoce cómo entender tu Factura Electrónica Claro,Claro República Dominicana,luis_almonte_sti_609,"Muy buena actualización de la app Mi Claro, ahora puedo pagar con tarjeta y se refleja de una vez.",2025-12-29T15:43:23Z,1,0,Facturación y Tarifas,POSITIVO
Ugx_CLARO_5G_01002,CLARO_5G_RD,La Red 5G Más Rápida y de Mayor Cobertura del País | Claro RD,Claro República Dominicana,claudia_mella_811,Tenía problemas de cobertura con otra telefónica y me cambié a Claro. Santo remedio.,2025-12-30T01:40:51Z,0,0,Red Móvil y Cobertura 5G,POSITIVO
Ugx_CLARO_RO_00131,CLARO_ROAMING_PLANES,Viaja Conectado con Claro Roaming Sin Fronteras en USA y LATAM,Claro República Dominicana,gabriel_tech_680,"Felicidades a Claro, el soporte telefónico me resolvió un cambio de clave de router súper rápido.",2025-12-30T03:36:39Z,1,0,Planes y Promociones,POSITIVO
Ugx_CLARO_RO_00184,CLARO_ROAMING_PLANES,Viaja Conectado con Claro Roaming Sin Fronteras en USA y LATAM,Claro República Dominicana,carlos_m_rd_763,Aumentaron la tarifa del plan pospago sin avisar previamente por correo o SMS. Un abuso.,2025-12-30T09:05:17Z,0,0,Planes y Promociones,NEGATIVO
Ugx_CLARO_5G_00499,CLARO_5G_RD,La Red 5G Más Rápida y de Mayor Cobertura del País | Claro RD,Claro República Dominicana,alex_dev_rd_19,"El 5G en el Distrito Nacional vuela, me dio más de 450 Mbps de bajada en el test.",2025-12-30T12:51:21Z,3,0,Red Móvil y Cobertura 5G,POSITIVO
Ugx_CLARO_AP_00207,CLARO_APP_MICLARO,"Gestiona tus Servicios, Paga tu Factura y Compra Paqueticos con Mi Claro",Claro República Dominicana,alex_dev_rd_858,Tengo una duda con respecto al contrato de permanencia mínima de 18 meses.,2025-12-30T21:37:00Z,0,0,Atención al Cliente y App,NEUTRO
Ugx_CLARO_RO_00730,CLARO_ROAMING_PLANES,Viaja Conectado con Claro Roaming Sin Fronteras en USA y LATAM,Claro República Dominicana,ana_valdez_sd_141,"Muy buena actualización de la app Mi Claro, ahora puedo pagar con tarjeta y se refleja de una vez.",2025-12-31T01:02:49Z,0,1,Planes y Promociones,POSITIVO
Ugx_CLARO_5G_00409,CLARO_5G_RD,La Red 5G Más Rápida y de Mayor Cobertura del País | Claro RD,Claro República Dominicana,tecnico_rd23_647,Tenía problemas de cobertura con otra telefónica y me cambié a Claro. Santo remedio.,2025-12-31T03:40:35Z,0,0,Red Móvil y Cobertura 5G,POSITIVO
Ugx_CLARO_FA_00223,CLARO_FACTURACION_TUTORIAL,Conoce cómo entender tu Factura Electrónica Claro,Claro República Dominicana,ramon_santos_sd_125,"Buenas tardes, quisiera saber el precio actual del plan de 500 megas de fibra.",2025-12-31T09:56:01Z,1,0,Facturación y Tarifas,NEUTRO
Ugx_CLARO_FA_00976,CLARO_FACTURACION_TUTORIAL,Conoce cómo entender tu Factura Electrónica Claro,Claro República Dominicana,elena_gomez_rd_156,Alguien sabe si para solicitar el cambio de router cobran algún costo adicional?,2025-12-31T22:06:23Z,1,1,Facturación y Tarifas,NEUTRO
Ugx_CLARO_FA_00877,CLARO_FACTURACION_TUTORIAL,Conoce cómo entender tu Factura Electrónica Claro,Claro República Dominicana,gabriel_tech_663,¿Cuándo estará disponible la cobertura de fibra óptica en la Urbanización Real?,2026-01-01T00:15:35Z,0,0,Facturación y Tarifas,NEUTRO
Ugx_CLARO_AP_00370,CLARO_APP_MICLARO,"Gestiona tus Servicios, Paga tu Factura y Compra Paqueticos con Mi Claro",Claro República Dominicana,ramon_santos_sd_564,Instalaron la fibra en menos de 48 horas en Bella Vista. Muy puntuales los técnicos.,2026-01-01T03:07:13Z,3,0,Atención al Cliente y App,POSITIVO
Ugx_CLARO_FA_01113,CLARO_FACTURACION_TUTORIAL,Conoce cómo entender tu Factura Electrónica Claro,Claro República Dominicana,gabriel_tech_490,"El router que instalan es malísimo, a 5 metros ya no llega la señal de Wi-Fi.",2026-01-01T04:10:07Z,1,3,Facturación y Tarifas,NEGATIVO
Ugx_CLARO_FA_01130,CLARO_FACTURACION_TUTORIAL,Conoce cómo entender tu Factura Electrónica Claro,Claro República Dominicana,luis_almonte_sti_876,El ping en juegos online como Valorant y Warzone me bajó a 35ms con la fibra. Nítido todo.,2026-01-01T06:17:50Z,8,2,Facturación y Tarifas,POSITIVO
Ugx_CLARO_5G_01010,CLARO_5G_RD,La Red 5G Más Rápida y de Mayor Cobertura del País | Claro RD,Claro República Dominicana,elena_gomez_rd_906,El internet se cae todos los fines de semana por la noche. Muy inestable.,2026-01-01T06:23:53Z,2,0,Red Móvil y Cobertura 5G,NEGATIVO
Ugx_CLARO_5G_00258,CLARO_5G_RD,La Red 5G Más Rápida y de Mayor Cobertura del País | Claro RD,Claro República Dominicana,tecnico_rd23_844,El internet se cae todos los fines de semana por la noche. Muy inestable.,2026-01-01T06:59:16Z,1,0,Red Móvil y Cobertura 5G,NEGATIVO
Ugx_CLARO_5G_01164,CLARO_5G_RD,La Red 5G Más Rápida y de Mayor Cobertura del País | Claro RD,Claro República Dominicana,alex_dev_rd_181,"Excelente servicio con la fibra óptica simétrica, tengo 300 megas en Santiago y nunca se cae.",2026-01-01T08:18:42Z,3,1,Red Móvil y Cobertura 5G,POSITIVO
Ugx_CLARO_FA_01027,CLARO_FACTURACION_TUTORIAL,Conoce cómo entender tu Factura Electrónica Claro,Claro República Dominicana,laura_santiago_204,Aumentaron la tarifa del plan pospago sin avisar previamente por correo o SMS. Un abuso.,2026-01-01T13:04:45Z,2,0,Facturación y Tarifas,NEGATIVO
Ugx_CLARO_5G_01101,CLARO_5G_RD,La Red 5G Más Rápida y de Mayor Cobertura del País | Claro RD,Claro República Dominicana,ana_valdez_sd_695,La app Mi Claro vive con errores y se cierra sola cuando voy a pagar la factura.,2026-01-01T15:16:53Z,0,2,Red Móvil y Cobertura 5G,NEGATIVO
Ugx_CLARO_RO_01143,CLARO_ROAMING_PLANES,Viaja Conectado con Claro Roaming Sin Fronteras en USA y LATAM,Claro República Dominicana,gabriel_tech_392,Dicen que es fibra simétrica pero el ping sube a 200ms en las noches en San Cristóbal. Muy lento.,2026-01-01T17:57:42Z,2,2,Planes y Promociones,NEGATIVO
Ugx_CLARO_FA_00398,CLARO_FACTURACION_TUTORIAL,Conoce cómo entender tu Factura Electrónica Claro,Claro República Dominicana,pedro_perez_do_429,El ping en juegos online como Valorant y Warzone me bajó a 35ms con la fibra. Nítido todo.,2026-01-02T05:00:04Z,0,7,Facturación y Tarifas,POSITIVO
Ugx_CLARO_AP_00388,CLARO_APP_MICLARO,"Gestiona tus Servicios, Paga tu Factura y Compra Paqueticos con Mi Claro",Claro República Dominicana,juan_bavaro_268,"El roaming en Estados Unidos me funcionó perfecto, sin cobros raros ni sorpresas en la factura.",2026-01-02T13:42:25Z,1,0,Atención al Cliente y App,POSITIVO
Ugx_CLARO_5G_01155,CLARO_5G_RD,La Red 5G Más Rápida y de Mayor Cobertura del País | Claro RD,Claro República Dominicana,juan_bavaro_370,"En la zona de Bávaro la señal 5G casi no entra, se queda en 3G o sin servicio a cada rato.",2026-01-02T17:20:21Z,0,0,Red Móvil y Cobertura 5G,NEGATIVO
Ugx_CLARO_AP_00284,CLARO_APP_MICLARO,"Gestiona tus Servicios, Paga tu Factura y Compra Paqueticos con Mi Claro",Claro República Dominicana,juan_bavaro_109,"En la zona de Bávaro la señal 5G casi no entra, se queda en 3G o sin servicio a cada rato.",2026-01-02T17:34:58Z,2,0,Atención al Cliente y App,NEGATIVO
Ugx_CLARO_AP_00073,CLARO_APP_MICLARO,"Gestiona tus Servicios, Paga tu Factura y Compra Paqueticos con Mi Claro",Claro República Dominicana,ramon_santos_sd_274,"Es una pesadilla cancelar una línea fija, te ponen mil trabas y trámites innecesarios.",2026-01-03T07:43:22Z,0,0,Atención al Cliente y App,NEGATIVO
Ugx_CLARO_5G_00162,CLARO_5G_RD,La Red 5G Más Rápida y de Mayor Cobertura del País | Claro RD,Claro República Dominicana,ana_valdez_sd_326,Información sobre los requisitos para portabilidad numérica desde otra compañía por favor.,2026-01-03T08:31:11Z,0,3,Red Móvil y Cobertura 5G,NEUTRO
Ugx_CLARO_FA_00922,CLARO_FACTURACION_TUTORIAL,Conoce cómo entender tu Factura Electrónica Claro,Claro República Dominicana,ana_valdez_sd_308,Llamar al 107 es perder una hora de la vida escuchando una música y nadie resuelve.,2026-01-03T10:20:00Z,0,0,Facturación y Tarifas,NEGATIVO
Ugx_CLARO_RO_00317,CLARO_ROAMING_PLANES,Viaja Conectado con Claro Roaming Sin Fronteras en USA y LATAM,Claro República Dominicana,maria_jimenez_c_891,"La velocidad contratada de 100 megas nunca llega completa, apenas marca 30 en Speedtest.",2026-01-03T11:31:20Z,28,1,Planes y Promociones,NEGATIVO
Ugx_CLARO_AP_01068,CLARO_APP_MICLARO,"Gestiona tus Servicios, Paga tu Factura y Compra Paqueticos con Mi Claro",Claro República Dominicana,pedro_perez_do_516,Aumentaron la tarifa del plan pospago sin avisar previamente por correo o SMS. Un abuso.,2026-01-03T14:01:05Z,45,0,Atención al Cliente y App,NEGATIVO
Ugx_CLARO_5G_00773,CLARO_5G_RD,La Red 5G Más Rápida y de Mayor Cobertura del País | Claro RD,Claro República Dominicana,pedro_perez_do_726,Esperando que extiendan la fibra óptica a la provincia de La Vega.,2026-01-03T17:51:12Z,0,3,Red Móvil y Cobertura 5G,NEUTRO
Ugx_CLARO_FA_01160,CLARO_FACTURACION_TUTORIAL,Conoce cómo entender tu Factura Electrónica Claro,Claro República Dominicana,jose_gaming_rd_814,El internet se cae todos los fines de semana por la noche. Muy inestable.,2026-01-03T18:01:43Z,0,0,Facturación y Tarifas,NEGATIVO
Ugx_CLARO_FA_01006,CLARO_FACTURACION_TUTORIAL,Conoce cómo entender tu Factura Electrónica Claro,Claro República Dominicana,laura_santiago_654,Dicen que es fibra simétrica pero el ping sube a 200ms en las noches en San Cristóbal. Muy lento.,2026-01-03T19:30:42Z,2,0,Facturación y Tarifas,NEGATIVO
Ugx_CLARO_FA_00696,CLARO_FACTURACION_TUTORIAL,Conoce cómo entender tu Factura Electrónica Claro,Claro República Dominicana,jose_gaming_rd_352,"Muy buena actualización de la app Mi Claro, ahora puedo pagar con tarjeta y se refleja de una vez.",2026-01-03T20:24:59Z,0,0,Facturación y Tarifas,POSITIVO
Ugx_CLARO_AP_00723,CLARO_APP_MICLARO,"Gestiona tus Servicios, Paga tu Factura y Compra Paqueticos con Mi Claro",Claro República Dominicana,jose_gaming_rd_64,"Pésimo servicio al cliente, llevo 3 días esperando que me reparen una avería de internet en Herrera.",2026-01-04T04:55:59Z,0,0,Atención al Cliente y App,NEGATIVO
Ugx_CLARO_FA_01089,CLARO_FACTURACION_TUTORIAL,Conoce cómo entender tu Factura Electrónica Claro,Claro República Dominicana,patricia_reyes_631,Me están facturando un paquete de canales que cancelé hace dos meses. Qué desastre.,2026-01-04T08:42:20Z,2,0,Facturación y Tarifas,NEGATIVO
Ugx_CLARO_FA_00824,CLARO_FACTURACION_TUTORIAL,Conoce cómo entender tu Factura Electrónica Claro,Claro República Dominicana,tecnico_rd23_717,Tengo una duda con respecto al contrato de permanencia mínima de 18 meses.,2026-01-04T22:38:26Z,1,0,Facturación y Tarifas,NEUTRO
Ugx_CLARO_5G_01224,CLARO_5G_RD,La Red 5G Más Rápida y de Mayor Cobertura del País | Claro RD,Claro República Dominicana,ramon_santos_sd_366,"Excelente promoción de paqueticos libres, rinden bastante bien en la semana.",2026-01-05T01:08:23Z,0,2,Red Móvil y Cobertura 5G,POSITIVO
Ugx_CLARO_5G_00658,CLARO_5G_RD,La Red 5G Más Rápida y de Mayor Cobertura del País | Claro RD,Claro República Dominicana,ramon_santos_sd_451,Instalaron la fibra en menos de 48 horas en Bella Vista. Muy puntuales los técnicos.,2026-01-05T05:14:17Z,1,0,Red Móvil y Cobertura 5G,POSITIVO
Ugx_CLARO_AP_00774,CLARO_APP_MICLARO,"Gestiona tus Servicios, Paga tu Factura y Compra Paqueticos con Mi Claro",Claro República Dominicana,juan_bavaro_742,"Felicidades a Claro, el soporte telefónico me resolvió un cambio de clave de router súper rápido.",2026-01-05T05:16:33Z,1,0,Atención al Cliente y App,POSITIVO
Ugx_CLARO_AP_00523,CLARO_APP_MICLARO,"Gestiona tus Servicios, Paga tu Factura y Compra Paqueticos con Mi Claro",Claro República Dominicana,maria_jimenez_c_276,"El 5G en el Distrito Nacional vuela, me dio más de 450 Mbps de bajada en el test.",2026-01-06T11:12:32Z,3,0,Atención al Cliente y App,POSITIVO
Ugx_CLARO_RO_01221,CLARO_ROAMING_PLANES,Viaja Conectado con Claro Roaming Sin Fronteras en USA y LATAM,Claro República Dominicana,carlos_m_rd_250,Me están facturando un paquete de canales que cancelé hace dos meses. Qué desastre.,2026-01-06T13:33:29Z,1,0,Planes y Promociones,NEGATIVO
Ugx_CLARO_5G_01189,CLARO_5G_RD,La Red 5G Más Rápida y de Mayor Cobertura del País | Claro RD,Claro República Dominicana,ana_valdez_sd_497,Me están facturando un paquete de canales que cancelé hace dos meses. Qué desastre.,2026-01-06T18:37:25Z,2,0,Red Móvil y Cobertura 5G,NEGATIVO
Ugx_CLARO_FA_00938,CLARO_FACTURACION_TUTORIAL,Conoce cómo entender tu Factura Electrónica Claro,Claro República Dominicana,claudia_mella_108,"Pésimo servicio al cliente, llevo 3 días esperando que me reparen una avería de internet en Herrera.",2026-01-07T02:18:00Z,0,1,Facturación y Tarifas,NEGATIVO
Ugx_CLARO_FA_00147,CLARO_FACTURACION_TUTORIAL,Conoce cómo entender tu Factura Electrónica Claro,Claro República Dominicana,pedro_perez_do_807,"Excelente promoción de paqueticos libres, rinden bastante bien en la semana.",2026-01-07T12:21:40Z,0,0,Facturación y Tarifas,POSITIVO
Ugx_CLARO_RO_00148,CLARO_ROAMING_PLANES,Viaja Conectado con Claro Roaming Sin Fronteras en USA y LATAM,Claro República Dominicana,ana_valdez_sd_115,"Excelente promoción de paqueticos libres, rinden bastante bien en la semana.",2026-01-07T12:46:59Z,1,0,Planes y Promociones,POSITIVO
Ugx_CLARO_RO_00713,CLARO_ROAMING_PLANES,Viaja Conectado con Claro Roaming Sin Fronteras en USA y LATAM,Claro República Dominicana,elena_gomez_rd_884,"Excelente servicio con la fibra óptica simétrica, tengo 300 megas en Santiago y nunca se cae.",2026-01-07T14:28:28Z,8,0,Planes y Promociones,POSITIVO
Ugx_CLARO_AP_00183,CLARO_APP_MICLARO,"Gestiona tus Servicios, Paga tu Factura y Compra Paqueticos con Mi Claro",Claro República Dominicana,pedro_perez_do_464,"Los técnicos vinieron, no revisaron la caja exterior y dijeron que todo estaba bien. Sigo sin internet.",2026-01-07T16:22:52Z,0,1,Atención al Cliente y App,NEGATIVO
Ugx_CLARO_FA_00984,CLARO_FACTURACION_TUTORIAL,Conoce cómo entender tu Factura Electrónica Claro,Claro República Dominicana,laura_santiago_414,Tengo una duda con respecto al contrato de permanencia mínima de 18 meses.,2026-01-07T18:55:24Z,1,0,Facturación y Tarifas,NEUTRO
Ugx_CLARO_AP_01114,CLARO_APP_MICLARO,"Gestiona tus Servicios, Paga tu Factura y Compra Paqueticos con Mi Claro",Claro República Dominicana,ramon_santos_sd_239,Esperando que extiendan la fibra óptica a la provincia de La Vega.,2026-01-08T00:16:36Z,0,0,Atención al Cliente y App,NEUTRO
Ugx_CLARO_RO_00946,CLARO_ROAMING_PLANES,Viaja Conectado con Claro Roaming Sin Fronteras en USA y LATAM,Claro República Dominicana,maria_jimenez_c_219,Me cobraron un cargo por reconexión que nunca solicité. Facturación no me da respuesta.,2026-01-08T07:21:18Z,0,0,Planes y Promociones,NEGATIVO
Ugx_CLARO_AP_01135,CLARO_APP_MICLARO,"Gestiona tus Servicios, Paga tu Factura y Compra Paqueticos con Mi Claro",Claro República Dominicana,pedro_perez_do_158,Instalaron la fibra en menos de 48 horas en Bella Vista. Muy puntuales los técnicos.,2026-01-08T07:50:04Z,0,1,Atención al Cliente y App,POSITIVO
Ugx_CLARO_FA_00167,CLARO_FACTURACION_TUTORIAL,Conoce cómo entender tu Factura Electrónica Claro,Claro República Dominicana,carlos_m_rd_336,"El 5G en el Distrito Nacional vuela, me dio más de 450 Mbps de bajada en el test.",2026-01-08T13:39:00Z,0,2,Facturación y Tarifas,POSITIVO
Ugx_CLARO_5G_01012,CLARO_5G_RD,La Red 5G Más Rápida y de Mayor Cobertura del País | Claro RD,Claro República Dominicana,patricia_reyes_913,"El router que instalan es malísimo, a 5 metros ya no llega la señal de Wi-Fi.",2026-01-08T19:21:28Z,0,1,Red Móvil y Cobertura 5G,NEGATIVO
Ugx_CLARO_5G_00728,CLARO_5G_RD,La Red 5G Más Rápida y de Mayor Cobertura del País | Claro RD,Claro República Dominicana,elena_gomez_rd_784,¿El roaming sin fronteras incluye llamadas locales dentro del país de destino?,2026-01-08T19:22:22Z,0,1,Red Móvil y Cobertura 5G,NEUTRO
Ugx_CLARO_RO_00313,CLARO_ROAMING_PLANES,Viaja Conectado con Claro Roaming Sin Fronteras en USA y LATAM,Claro República Dominicana,claudia_mella_431,"Felicidades a Claro, el soporte telefónico me resolvió un cambio de clave de router súper rápido.",2026-01-08T22:52:03Z,0,0,Planes y Promociones,POSITIVO
Ugx_CLARO_AP_01237,CLARO_APP_MICLARO,"Gestiona tus Servicios, Paga tu Factura y Compra Paqueticos con Mi Claro",Claro República Dominicana,juan_bavaro_975,"Muy buena actualización de la app Mi Claro, ahora puedo pagar con tarjeta y se refleja de una vez.",2026-01-08T23:44:16Z,0,3,Atención al Cliente y App,POSITIVO
Ugx_CLARO_RO_01025,CLARO_ROAMING_PLANES,Viaja Conectado con Claro Roaming Sin Fronteras en USA y LATAM,Claro República Dominicana,ramon_santos_sd_682,Instalaron la fibra en menos de 48 horas en Bella Vista. Muy puntuales los técnicos.,2026-01-09T00:15:05Z,0,0,Planes y Promociones,POSITIVO
Ugx_CLARO_AP_01239,CLARO_APP_MICLARO,"Gestiona tus Servicios, Paga tu Factura y Compra Paqueticos con Mi Claro",Claro República Dominicana,gabriel_tech_606,Buen ancho de banda y la subida simétrica me ayuda un mundo para subir videos a YouTube.,2026-01-09T07:49:23Z,1,0,Atención al Cliente y App,POSITIVO
Ugx_CLARO_5G_00443,CLARO_5G_RD,La Red 5G Más Rápida y de Mayor Cobertura del País | Claro RD,Claro República Dominicana,tecnico_rd23_143,"La cobertura de Claro en carretera y pueblos es la mejor del país por mucho, ninguna otra compañía llega allá.",2026-01-09T10:09:43Z,0,0,Red Móvil y Cobertura 5G,POSITIVO
Ugx_CLARO_5G_01071,CLARO_5G_RD,La Red 5G Más Rápida y de Mayor Cobertura del País | Claro RD,Claro República Dominicana,juan_bavaro_990,Llamar al 107 es perder una hora de la vida escuchando una música y nadie resuelve.,2026-01-09T13:11:40Z,45,0,Red Móvil y Cobertura 5G,NEGATIVO
Ugx_CLARO_FA_00833,CLARO_FACTURACION_TUTORIAL,Conoce cómo entender tu Factura Electrónica Claro,Claro República Dominicana,jose_gaming_rd_831,"Muy mal soporte técnico por WhatsApp, un bot que repite lo mismo y no transfiere a un humano.",2026-01-09T15:21:15Z,0,0,Facturación y Tarifas,NEGATIVO
Ugx_CLARO_5G_00866,CLARO_5G_RD,La Red 5G Más Rápida y de Mayor Cobertura del País | Claro RD,Claro República Dominicana,juan_bavaro_52,Me cobraron un cargo por reconexión que nunca solicité. Facturación no me da respuesta.,2026-01-09T15:25:42Z,2,0,Red Móvil y Cobertura 5G,NEGATIVO
Ugx_CLARO_FA_00352,CLARO_FACTURACION_TUTORIAL,Conoce cómo entender tu Factura Electrónica Claro,Claro República Dominicana,patricia_reyes_234,Instalaron la fibra en menos de 48 horas en Bella Vista. Muy puntuales los técnicos.,2026-01-10T02:02:42Z,0,0,Facturación y Tarifas,POSITIVO
Ugx_CLARO_AP_00514,CLARO_APP_MICLARO,"Gestiona tus Servicios, Paga tu Factura y Compra Paqueticos con Mi Claro",Claro República Dominicana,patricia_reyes_303,"Muy mal soporte técnico por WhatsApp, un bot que repite lo mismo y no transfiere a un humano.",2026-01-10T02:51:17Z,1,0,Atención al Cliente y App,NEGATIVO
Ugx_CLARO_FA_00525,CLARO_FACTURACION_TUTORIAL,Conoce cómo entender tu Factura Electrónica Claro,Claro República Dominicana,ramon_santos_sd_17,Esperando que extiendan la fibra óptica a la provincia de La Vega.,2026-01-10T10:39:53Z,0,0,Facturación y Tarifas,NEUTRO
Ugx_CLARO_AP_00859,CLARO_APP_MICLARO,"Gestiona tus Servicios, Paga tu Factura y Compra Paqueticos con Mi Claro",Claro República Dominicana,tecnico_rd23_103,El ping en juegos online como Valorant y Warzone me bajó a 35ms con la fibra. Nítido todo.,2026-01-10T11:33:19Z,0,0,Atención al Cliente y App,POSITIVO
Ugx_CLARO_AP_00649,CLARO_APP_MICLARO,"Gestiona tus Servicios, Paga tu Factura y Compra Paqueticos con Mi Claro",Claro República Dominicana,luis_almonte_sti_333,"Es una pesadilla cancelar una línea fija, te ponen mil trabas y trámites innecesarios.",2026-01-10T16:20:27Z,1,3,Atención al Cliente y App,NEGATIVO
Ugx_CLARO_5G_00054,CLARO_5G_RD,La Red 5G Más Rápida y de Mayor Cobertura del País | Claro RD,Claro República Dominicana,patricia_reyes_334,Alguien sabe si para solicitar el cambio de router cobran algún costo adicional?,2026-01-10T19:20:16Z,0,3,Red Móvil y Cobertura 5G,NEUTRO
Ugx_CLARO_RO_00165,CLARO_ROAMING_PLANES,Viaja Conectado con Claro Roaming Sin Fronteras en USA y LATAM,Claro República Dominicana,tecnico_rd23_470,¿El roaming sin fronteras incluye llamadas locales dentro del país de destino?,2026-01-11T03:03:13Z,1,2,Planes y Promociones,NEUTRO
Ugx_CLARO_SO_00268,CLARO_SOPORTE_TECNICO,Atención al Cliente 24/7 y Asistencia Técnica Virtual Claro RD,Claro República Dominicana,tecnico_rd23_465,La app Mi Claro vive con errores y se cierra sola cuando voy a pagar la factura.,2026-01-11T03:19:55Z,0,0,Atención al Cliente y Soporte,NEGATIVO
Ugx_CLARO_RO_01227,CLARO_ROAMING_PLANES,Viaja Conectado con Claro Roaming Sin Fronteras en USA y LATAM,Claro República Dominicana,maria_jimenez_c_488,Para mí es la empresa de telecomunicaciones más seria de República Dominicana. Servicio de calidad.,2026-01-11T09:28:11Z,1,0,Planes y Promociones,POSITIVO
Ugx_CLARO_RO_01086,CLARO_ROAMING_PLANES,Viaja Conectado con Claro Roaming Sin Fronteras en USA y LATAM,Claro República Dominicana,jose_gaming_rd_708,Esperando que extiendan la fibra óptica a la provincia de La Vega.,2026-01-11T10:33:46Z,0,0,Planes y Promociones,NEUTRO
Ugx_CLARO_AP_01190,CLARO_APP_MICLARO,"Gestiona tus Servicios, Paga tu Factura y Compra Paqueticos con Mi Claro",Claro República Dominicana,elena_gomez_rd_829,Para mí es la empresa de telecomunicaciones más seria de República Dominicana. Servicio de calidad.,2026-01-11T14:14:33Z,0,0,Atención al Cliente y App,POSITIVO
Ugx_CLARO_5G_00062,CLARO_5G_RD,La Red 5G Más Rápida y de Mayor Cobertura del País | Claro RD,Claro República Dominicana,luis_almonte_sti_37,¿El roaming sin fronteras incluye llamadas locales dentro del país de destino?,2026-01-11T21:33:00Z,0,0,Red Móvil y Cobertura 5G,NEUTRO
Ugx_CLARO_SO_01051,CLARO_SOPORTE_TECNICO,Atención al Cliente 24/7 y Asistencia Técnica Virtual Claro RD,Claro República Dominicana,gabriel_tech_374,"La velocidad contratada de 100 megas nunca llega completa, apenas marca 30 en Speedtest.",2026-01-12T02:05:05Z,1,0,Atención al Cliente y Soporte,NEGATIVO
Ugx_CLARO_AP_00750,CLARO_APP_MICLARO,"Gestiona tus Servicios, Paga tu Factura y Compra Paqueticos con Mi Claro",Claro República Dominicana,juan_bavaro_792,"Buenas tardes, quisiera saber el precio actual del plan de 500 megas de fibra.",2026-01-12T11:22:34Z,0,0,Atención al Cliente y App,NEUTRO
Ugx_CLARO_FA_00198,CLARO_FACTURACION_TUTORIAL,Conoce cómo entender tu Factura Electrónica Claro,Claro República Dominicana,juan_bavaro_135,Aumentaron la tarifa del plan pospago sin avisar previamente por correo o SMS. Un abuso.,2026-01-12T11:37:07Z,1,0,Facturación y Tarifas,NEGATIVO
Ugx_CLARO_FA_00422,CLARO_FACTURACION_TUTORIAL,Conoce cómo entender tu Factura Electrónica Claro,Claro República Dominicana,pedro_perez_do_294,"Buenas tardes, quisiera saber el precio actual del plan de 500 megas de fibra.",2026-01-12T11:40:26Z,0,0,Facturación y Tarifas,NEUTRO
Ugx_CLARO_RO_01080,CLARO_ROAMING_PLANES,Viaja Conectado con Claro Roaming Sin Fronteras en USA y LATAM,Claro República Dominicana,carlos_m_rd_832,Esperando que extiendan la fibra óptica a la provincia de La Vega.,2026-01-12T13:51:08Z,0,0,Planes y Promociones,NEUTRO
Ugx_CLARO_AP_00453,CLARO_APP_MICLARO,"Gestiona tus Servicios, Paga tu Factura y Compra Paqueticos con Mi Claro",Claro República Dominicana,juan_bavaro_655,Para mí es la empresa de telecomunicaciones más seria de República Dominicana. Servicio de calidad.,2026-01-12T14:50:29Z,3,0,Atención al Cliente y App,POSITIVO
Ugx_CLARO_SO_00875,CLARO_SOPORTE_TECNICO,Atención al Cliente 24/7 y Asistencia Técnica Virtual Claro RD,Claro República Dominicana,ana_valdez_sd_770,Alguien sabe si para solicitar el cambio de router cobran algún costo adicional?,2026-01-12T16:11:11Z,0,0,Atención al Cliente y Soporte,NEUTRO
Ugx_CLARO_RO_01133,CLARO_ROAMING_PLANES,Viaja Conectado con Claro Roaming Sin Fronteras en USA y LATAM,Claro República Dominicana,claudia_mella_44,"La velocidad contratada de 100 megas nunca llega completa, apenas marca 30 en Speedtest.",2026-01-12T16:21:44Z,1,3,Planes y Promociones,NEGATIVO
Ugx_CLARO_5G_00382,CLARO_5G_RD,La Red 5G Más Rápida y de Mayor Cobertura del País | Claro RD,Claro República Dominicana,carlos_m_rd_187,Me están facturando un paquete de canales que cancelé hace dos meses. Qué desastre.,2026-01-12T19:05:19Z,1,0,Red Móvil y Cobertura 5G,NEGATIVO
Ugx_CLARO_FA_00978,CLARO_FACTURACION_TUTORIAL,Conoce cómo entender tu Factura Electrónica Claro,Claro República Dominicana,ana_valdez_sd_226,"En la zona de Bávaro la señal 5G casi no entra, se queda en 3G o sin servicio a cada rato.",2026-01-12T19:41:06Z,28,0,Facturación y Tarifas,NEGATIVO
Ugx_CLARO_SO_00387,CLARO_SOPORTE_TECNICO,Atención al Cliente 24/7 y Asistencia Técnica Virtual Claro RD,Claro República Dominicana,ana_valdez_sd_268,"La velocidad contratada de 100 megas nunca llega completa, apenas marca 30 en Speedtest.",2026-01-12T21:53:12Z,0,0,Atención al Cliente y Soporte,NEGATIVO
Ugx_CLARO_5G_00048,CLARO_5G_RD,La Red 5G Más Rápida y de Mayor Cobertura del País | Claro RD,Claro República Dominicana,tecnico_rd23_425,El ping en juegos online como Valorant y Warzone me bajó a 35ms con la fibra. Nítido todo.,2026-01-12T22:24:36Z,1,0,Red Móvil y Cobertura 5G,POSITIVO
Ugx_CLARO_AP_00157,CLARO_APP_MICLARO,"Gestiona tus Servicios, Paga tu Factura y Compra Paqueticos con Mi Claro",Claro República Dominicana,jose_gaming_rd_619,"Muy mal soporte técnico por WhatsApp, un bot que repite lo mismo y no transfiere a un humano.",2026-01-13T11:17:42Z,0,0,Atención al Cliente y App,NEGATIVO
Ugx_CLARO_RO_00462,CLARO_ROAMING_PLANES,Viaja Conectado con Claro Roaming Sin Fronteras en USA y LATAM,Claro República Dominicana,carlos_m_rd_330,"Los técnicos vinieron, no revisaron la caja exterior y dijeron que todo estaba bien. Sigo sin internet.",2026-01-13T15:35:39Z,0,0,Planes y Promociones,NEGATIVO
Ugx_CLARO_5G_00550,CLARO_5G_RD,La Red 5G Más Rápida y de Mayor Cobertura del País | Claro RD,Claro República Dominicana,pedro_perez_do_700,Instalaron la fibra en menos de 48 horas en Bella Vista. Muy puntuales los técnicos.,2026-01-14T03:50:29Z,1,0,Red Móvil y Cobertura 5G,POSITIVO
Ugx_CLARO_AP_01134,CLARO_APP_MICLARO,"Gestiona tus Servicios, Paga tu Factura y Compra Paqueticos con Mi Claro",Claro República Dominicana,carlos_m_rd_127,Llevo 8 años con Claro y la estabilidad del internet para trabajar remoto es incomparable.,2026-01-14T12:49:30Z,1,0,Atención al Cliente y App,POSITIVO
Ugx_CLARO_5G_00991,CLARO_5G_RD,La Red 5G Más Rápida y de Mayor Cobertura del País | Claro RD,Claro República Dominicana,laura_santiago_704,"El router que instalan es malísimo, a 5 metros ya no llega la señal de Wi-Fi.",2026-01-14T13:11:17Z,2,1,Red Móvil y Cobertura 5G,NEGATIVO
Ugx_CLARO_RO_00431,CLARO_ROAMING_PLANES,Viaja Conectado con Claro Roaming Sin Fronteras en USA y LATAM,Claro República Dominicana,elena_gomez_rd_844,"Excelente promoción de paqueticos libres, rinden bastante bien en la semana.",2026-01-14T21:03:52Z,3,0,Planes y Promociones,POSITIVO
Ugx_CLARO_SO_00239,CLARO_SOPORTE_TECNICO,Atención al Cliente 24/7 y Asistencia Técnica Virtual Claro RD,Claro República Dominicana,ana_valdez_sd_221,"Excelente servicio con la fibra óptica simétrica, tengo 300 megas en Santiago y nunca se cae.",2026-01-14T22:23:19Z,3,0,Atención al Cliente y Soporte,POSITIVO
Ugx_CLARO_AP_01153,CLARO_APP_MICLARO,"Gestiona tus Servicios, Paga tu Factura y Compra Paqueticos con Mi Claro",Claro República Dominicana,ana_valdez_sd_80,"En la zona de Bávaro la señal 5G casi no entra, se queda en 3G o sin servicio a cada rato.",2026-01-15T07:23:30Z,5,0,Atención al Cliente y App,NEGATIVO
Ugx_CLARO_AP_00493,CLARO_APP_MICLARO,"Gestiona tus Servicios, Paga tu Factura y Compra Paqueticos con Mi Claro",Claro República Dominicana,pedro_perez_do_695,"Pésimo servicio al cliente, llevo 3 días esperando que me reparen una avería de internet en Herrera.",2026-01-15T10:02:47Z,28,0,Atención al Cliente y App,NEGATIVO
Ugx_CLARO_AP_01029,CLARO_APP_MICLARO,"Gestiona tus Servicios, Paga tu Factura y Compra Paqueticos con Mi Claro",Claro República Dominicana,alex_dev_rd_753,"En la zona de Bávaro la señal 5G casi no entra, se queda en 3G o sin servicio a cada rato.",2026-01-15T11:49:43Z,1,2,Atención al Cliente y App,NEGATIVO
Ugx_CLARO_RO_00442,CLARO_ROAMING_PLANES,Viaja Conectado con Claro Roaming Sin Fronteras en USA y LATAM,Claro República Dominicana,luis_almonte_sti_86,Me están facturando un paquete de canales que cancelé hace dos meses. Qué desastre.,2026-01-15T16:20:27Z,28,0,Planes y Promociones,NEGATIVO
Ugx_CLARO_5G_00598,CLARO_5G_RD,La Red 5G Más Rápida y de Mayor Cobertura del País | Claro RD,Claro República Dominicana,pedro_perez_do_963,Dicen que es fibra simétrica pero el ping sube a 200ms en las noches en San Cristóbal. Muy lento.,2026-01-15T16:34:42Z,1,0,Red Móvil y Cobertura 5G,NEGATIVO
Ugx_CLARO_RO_00921,CLARO_ROAMING_PLANES,Viaja Conectado con Claro Roaming Sin Fronteras en USA y LATAM,Claro República Dominicana,carlos_m_rd_856,¿En qué horario labora la sucursal de la 27 de Febrero los sábados?,2026-01-15T20:07:50Z,0,0,Planes y Promociones,NEUTRO
Ugx_CLARO_AP_00138,CLARO_APP_MICLARO,"Gestiona tus Servicios, Paga tu Factura y Compra Paqueticos con Mi Claro",Claro República Dominicana,laura_santiago_155,Tengo una duda con respecto al contrato de permanencia mínima de 18 meses.,2026-01-15T20:37:08Z,0,0,Atención al Cliente y App,NEUTRO
Ugx_CLARO_FA_01198,CLARO_FACTURACION_TUTORIAL,Conoce cómo entender tu Factura Electrónica Claro,Claro República Dominicana,laura_santiago_48,El ping en juegos online como Valorant y Warzone me bajó a 35ms con la fibra. Nítido todo.,2026-01-15T22:16:43Z,8,1,Facturación y Tarifas,POSITIVO
Ugx_CLARO_AP_00181,CLARO_APP_MICLARO,"Gestiona tus Servicios, Paga tu Factura y Compra Paqueticos con Mi Claro",Claro República Dominicana,pedro_perez_do_535,El ping en juegos online como Valorant y Warzone me bajó a 35ms con la fibra. Nítido todo.,2026-01-16T02:43:55Z,0,1,Atención al Cliente y App,POSITIVO
Ugx_CLARO_5G_01201,CLARO_5G_RD,La Red 5G Más Rápida y de Mayor Cobertura del País | Claro RD,Claro República Dominicana,carlos_m_rd_654,El ping en juegos online como Valorant y Warzone me bajó a 35ms con la fibra. Nítido todo.,2026-01-16T03:07:54Z,3,3,Red Móvil y Cobertura 5G,POSITIVO
Ugx_CLARO_RO_00811,CLARO_ROAMING_PLANES,Viaja Conectado con Claro Roaming Sin Fronteras en USA y LATAM,Claro República Dominicana,gabriel_tech_412,Cobran carísimo por megas adicionales y los paqueticos se consumen demasiado rápido.,2026-01-16T06:32:14Z,0,0,Planes y Promociones,NEGATIVO
Ugx_CLARO_SO_00580,CLARO_SOPORTE_TECNICO,Atención al Cliente 24/7 y Asistencia Técnica Virtual Claro RD,Claro República Dominicana,ramon_santos_sd_636,"El router que instalan es malísimo, a 5 metros ya no llega la señal de Wi-Fi.",2026-01-16T06:43:35Z,0,0,Atención al Cliente y Soporte,NEGATIVO
Ugx_CLARO_5G_00891,CLARO_5G_RD,La Red 5G Más Rápida y de Mayor Cobertura del País | Claro RD,Claro República Dominicana,maria_jimenez_c_535,"El router que instalan es malísimo, a 5 metros ya no llega la señal de Wi-Fi.",2026-01-16T11:20:50Z,0,3,Red Móvil y Cobertura 5G,NEGATIVO
Ugx_CLARO_RO_00783,CLARO_ROAMING_PLANES,Viaja Conectado con Claro Roaming Sin Fronteras en USA y LATAM,Claro República Dominicana,maria_jimenez_c_907,¿En qué horario labora la sucursal de la 27 de Febrero los sábados?,2026-01-16T13:23:02Z,0,0,Planes y Promociones,NEUTRO
Ugx_CLARO_RO_00179,CLARO_ROAMING_PLANES,Viaja Conectado con Claro Roaming Sin Fronteras en USA y LATAM,Claro República Dominicana,alex_dev_rd_310,El internet se cae todos los fines de semana por la noche. Muy inestable.,2026-01-16T15:40:40Z,2,0,Planes y Promociones,NEGATIVO
Ugx_CLARO_AP_00495,CLARO_APP_MICLARO,"Gestiona tus Servicios, Paga tu Factura y Compra Paqueticos con Mi Claro",Claro República Dominicana,patricia_reyes_14,¿En qué horario labora la sucursal de la 27 de Febrero los sábados?,2026-01-16T16:33:26Z,0,0,Atención al Cliente y App,NEUTRO
Ugx_CLARO_5G_00904,CLARO_5G_RD,La Red 5G Más Rápida y de Mayor Cobertura del País | Claro RD,Claro República Dominicana,claudia_mella_510,"El router que instalan es malísimo, a 5 metros ya no llega la señal de Wi-Fi.",2026-01-16T18:30:19Z,0,0,Red Móvil y Cobertura 5G,NEGATIVO
Ugx_CLARO_RO_00578,CLARO_ROAMING_PLANES,Viaja Conectado con Claro Roaming Sin Fronteras en USA y LATAM,Claro República Dominicana,pedro_perez_do_869,Tengo una duda con respecto al contrato de permanencia mínima de 18 meses.,2026-01-17T04:18:37Z,0,2,Planes y Promociones,NEUTRO
Ugx_CLARO_FA_00793,CLARO_FACTURACION_TUTORIAL,Conoce cómo entender tu Factura Electrónica Claro,Claro República Dominicana,laura_santiago_330,Aumentaron la tarifa del plan pospago sin avisar previamente por correo o SMS. Un abuso.,2026-01-17T05:09:45Z,2,0,Facturación y Tarifas,NEGATIVO
Ugx_CLARO_RO_00507,CLARO_ROAMING_PLANES,Viaja Conectado con Claro Roaming Sin Fronteras en USA y LATAM,Claro República Dominicana,juan_bavaro_444,Dicen que es fibra simétrica pero el ping sube a 200ms en las noches en San Cristóbal. Muy lento.,2026-01-17T13:19:22Z,1,0,Planes y Promociones,NEGATIVO
Ugx_CLARO_FA_00827,CLARO_FACTURACION_TUTORIAL,Conoce cómo entender tu Factura Electrónica Claro,Claro República Dominicana,pedro_perez_do_813,Llamar al 107 es perder una hora de la vida escuchando una música y nadie resuelve.,2026-01-17T17:42:28Z,0,0,Facturación y Tarifas,NEGATIVO
Ugx_CLARO_5G_00342,CLARO_5G_RD,La Red 5G Más Rápida y de Mayor Cobertura del País | Claro RD,Claro República Dominicana,tecnico_rd23_949,"Es una pesadilla cancelar una línea fija, te ponen mil trabas y trámites innecesarios.",2026-01-17T21:12:06Z,1,1,Red Móvil y Cobertura 5G,NEGATIVO
Ugx_CLARO_FA_00647,CLARO_FACTURACION_TUTORIAL,Conoce cómo entender tu Factura Electrónica Claro,Claro República Dominicana,ramon_santos_sd_849,Instalaron la fibra en menos de 48 horas en Bella Vista. Muy puntuales los técnicos.,2026-01-18T01:58:40Z,0,0,Facturación y Tarifas,POSITIVO
Ugx_CLARO_SO_00009,CLARO_SOPORTE_TECNICO,Atención al Cliente 24/7 y Asistencia Técnica Virtual Claro RD,Claro República Dominicana,ramon_santos_sd_333,"El 5G en el Distrito Nacional vuela, me dio más de 450 Mbps de bajada en el test.",2026-01-18T08:20:21Z,1,0,Atención al Cliente y Soporte,POSITIVO
Ugx_CLARO_FA_00812,CLARO_FACTURACION_TUTORIAL,Conoce cómo entender tu Factura Electrónica Claro,Claro República Dominicana,pedro_perez_do_999,¿En qué horario labora la sucursal de la 27 de Febrero los sábados?,2026-01-18T16:22:55Z,0,2,Facturación y Tarifas,NEUTRO
Ugx_CLARO_FA_00368,CLARO_FACTURACION_TUTORIAL,Conoce cómo entender tu Factura Electrónica Claro,Claro República Dominicana,laura_santiago_667,¿En qué horario labora la sucursal de la 27 de Febrero los sábados?,2026-01-18T17:48:26Z,1,0,Facturación y Tarifas,NEUTRO
Ugx_CLARO_SO_00555,CLARO_SOPORTE_TECNICO,Atención al Cliente 24/7 y Asistencia Técnica Virtual Claro RD,Claro República Dominicana,juan_bavaro_374,¿El roaming sin fronteras incluye llamadas locales dentro del país de destino?,2026-01-19T03:25:58Z,0,0,Atención al Cliente y Soporte,NEUTRO
Ugx_CLARO_RO_00902,CLARO_ROAMING_PLANES,Viaja Conectado con Claro Roaming Sin Fronteras en USA y LATAM,Claro República Dominicana,alex_dev_rd_397,Alguien sabe si para solicitar el cambio de router cobran algún costo adicional?,2026-01-19T06:54:16Z,0,0,Planes y Promociones,NEUTRO
Ugx_CLARO_FA_00786,CLARO_FACTURACION_TUTORIAL,Conoce cómo entender tu Factura Electrónica Claro,Claro República Dominicana,tecnico_rd23_774,Esperando que extiendan la fibra óptica a la provincia de La Vega.,2026-01-19T06:56:15Z,0,0,Facturación y Tarifas,NEUTRO
Ugx_CLARO_FA_00765,CLARO_FACTURACION_TUTORIAL,Conoce cómo entender tu Factura Electrónica Claro,Claro República Dominicana,gabriel_tech_303,"Es una pesadilla cancelar una línea fija, te ponen mil trabas y trámites innecesarios.",2026-01-19T15:00:59Z,12,0,Facturación y Tarifas,NEGATIVO
Ugx_CLARO_SO_00585,CLARO_SOPORTE_TECNICO,Atención al Cliente 24/7 y Asistencia Técnica Virtual Claro RD,Claro República Dominicana,alex_dev_rd_121,"Los técnicos vinieron, no revisaron la caja exterior y dijeron que todo estaba bien. Sigo sin internet.",2026-01-19T19:07:23Z,12,0,Atención al Cliente y Soporte,NEGATIVO
Ugx_CLARO_FA_01026,CLARO_FACTURACION_TUTORIAL,Conoce cómo entender tu Factura Electrónica Claro,Claro República Dominicana,laura_santiago_459,Dicen que es fibra simétrica pero el ping sube a 200ms en las noches en San Cristóbal. Muy lento.,2026-01-19T19:31:50Z,0,0,Facturación y Tarifas,NEGATIVO
Ugx_CLARO_SO_00104,CLARO_SOPORTE_TECNICO,Atención al Cliente 24/7 y Asistencia Técnica Virtual Claro RD,Claro República Dominicana,patricia_reyes_80,¿A qué número se puede consultar el balance disponible de paqueticos por mensaje?,2026-01-19T19:41:52Z,2,0,Atención al Cliente y Soporte,NEUTRO
Ugx_CLARO_RO_00651,CLARO_ROAMING_PLANES,Viaja Conectado con Claro Roaming Sin Fronteras en USA y LATAM,Claro República Dominicana,alex_dev_rd_355,"El router que instalan es malísimo, a 5 metros ya no llega la señal de Wi-Fi.",2026-01-19T21:26:05Z,2,0,Planes y Promociones,NEGATIVO
Ugx_CLARO_FA_00137,CLARO_FACTURACION_TUTORIAL,Conoce cómo entender tu Factura Electrónica Claro,Claro República Dominicana,carlos_m_rd_194,Información sobre los requisitos para portabilidad numérica desde otra compañía por favor.,2026-01-19T22:10:22Z,0,0,Facturación y Tarifas,NEUTRO
Ugx_CLARO_SO_00676,CLARO_SOPORTE_TECNICO,Atención al Cliente 24/7 y Asistencia Técnica Virtual Claro RD,Claro República Dominicana,patricia_reyes_194,"En la zona de Bávaro la señal 5G casi no entra, se queda en 3G o sin servicio a cada rato.",2026-01-19T22:13:44Z,1,0,Atención al Cliente y Soporte,NEGATIVO
Ugx_CLARO_AP_01014,CLARO_APP_MICLARO,"Gestiona tus Servicios, Paga tu Factura y Compra Paqueticos con Mi Claro",Claro República Dominicana,elena_gomez_rd_478,Me están facturando un paquete de canales que cancelé hace dos meses. Qué desastre.,2026-01-20T09:04:11Z,1,0,Atención al Cliente y App,NEGATIVO
Ugx_CLARO_FA_01100,CLARO_FACTURACION_TUTORIAL,Conoce cómo entender tu Factura Electrónica Claro,Claro República Dominicana,tecnico_rd23_660,¿El servicio de 5G requiere cambiar la tarjeta SIM o sirve la misma USIM 4G?,2026-01-20T15:23:53Z,0,0,Facturación y Tarifas,NEUTRO
Ugx_CLARO_FA_01011,CLARO_FACTURACION_TUTORIAL,Conoce cómo entender tu Factura Electrónica Claro,Claro República Dominicana,patricia_reyes_111,Aumentaron la tarifa del plan pospago sin avisar previamente por correo o SMS. Un abuso.,2026-01-20T20:04:51Z,2,2,Facturación y Tarifas,NEGATIVO
Ugx_CLARO_FA_00778,CLARO_FACTURACION_TUTORIAL,Conoce cómo entender tu Factura Electrónica Claro,Claro República Dominicana,gabriel_tech_92,La señal no se corta ni cuando hay tormenta en Santo Domingo Este. Sigan así.,2026-01-21T01:14:00Z,3,1,Facturación y Tarifas,POSITIVO
Ugx_CLARO_SO_00174,CLARO_SOPORTE_TECNICO,Atención al Cliente 24/7 y Asistencia Técnica Virtual Claro RD,Claro República Dominicana,pedro_perez_do_569,"La cobertura de Claro en carretera y pueblos es la mejor del país por mucho, ninguna otra compañía llega allá.",2026-01-21T04:51:26Z,3,0,Atención al Cliente y Soporte,POSITIVO
Ugx_CLARO_FA_01044,CLARO_FACTURACION_TUTORIAL,Conoce cómo entender tu Factura Electrónica Claro,Claro República Dominicana,elena_gomez_rd_142,"Excelente promoción de paqueticos libres, rinden bastante bien en la semana.",2026-01-21T21:48:52Z,3,0,Facturación y Tarifas,POSITIVO
Ugx_CLARO_RO_00094,CLARO_ROAMING_PLANES,Viaja Conectado con Claro Roaming Sin Fronteras en USA y LATAM,Claro República Dominicana,tecnico_rd23_572,"El router que instalan es malísimo, a 5 metros ya no llega la señal de Wi-Fi.",2026-01-22T01:52:44Z,1,0,Planes y Promociones,NEGATIVO
Ugx_CLARO_FA_01032,CLARO_FACTURACION_TUTORIAL,Conoce cómo entender tu Factura Electrónica Claro,Claro República Dominicana,ramon_santos_sd_127,Me cobraron un cargo por reconexión que nunca solicité. Facturación no me da respuesta.,2026-01-22T09:04:58Z,2,1,Facturación y Tarifas,NEGATIVO
Ugx_CLARO_FA_00379,CLARO_FACTURACION_TUTORIAL,Conoce cómo entender tu Factura Electrónica Claro,Claro República Dominicana,gabriel_tech_513,Tengo una duda con respecto al contrato de permanencia mínima de 18 meses.,2026-01-22T11:19:16Z,0,1,Facturación y Tarifas,NEUTRO
Ugx_CLARO_FA_00365,CLARO_FACTURACION_TUTORIAL,Conoce cómo entender tu Factura Electrónica Claro,Claro República Dominicana,tecnico_rd23_253,"El roaming en Estados Unidos me funcionó perfecto, sin cobros raros ni sorpresas en la factura.",2026-01-23T09:39:28Z,8,0,Facturación y Tarifas,POSITIVO
Ugx_CLARO_FA_00804,CLARO_FACTURACION_TUTORIAL,Conoce cómo entender tu Factura Electrónica Claro,Claro República Dominicana,luis_almonte_sti_780,"Es una pesadilla cancelar una línea fija, te ponen mil trabas y trámites innecesarios.",2026-01-23T14:39:02Z,0,3,Facturación y Tarifas,NEGATIVO
Ugx_CLARO_RO_00277,CLARO_ROAMING_PLANES,Viaja Conectado con Claro Roaming Sin Fronteras en USA y LATAM,Claro República Dominicana,juan_bavaro_826,"Buenas tardes, quisiera saber el precio actual del plan de 500 megas de fibra.",2026-01-23T16:48:25Z,0,0,Planes y Promociones,NEUTRO
Ugx_CLARO_FA_00163,CLARO_FACTURACION_TUTORIAL,Conoce cómo entender tu Factura Electrónica Claro,Claro República Dominicana,ramon_santos_sd_401,¿El servicio de 5G requiere cambiar la tarjeta SIM o sirve la misma USIM 4G?,2026-01-23T16:48:33Z,0,0,Facturación y Tarifas,NEUTRO
Ugx_CLARO_SO_00640,CLARO_SOPORTE_TECNICO,Atención al Cliente 24/7 y Asistencia Técnica Virtual Claro RD,Claro República Dominicana,claudia_mella_361,"Muy mal soporte técnico por WhatsApp, un bot que repite lo mismo y no transfiere a un humano.",2026-01-23T22:19:12Z,1,0,Atención al Cliente y Soporte,NEGATIVO
Ugx_CLARO_SO_01212,CLARO_SOPORTE_TECNICO,Atención al Cliente 24/7 y Asistencia Técnica Virtual Claro RD,Claro República Dominicana,carlos_m_rd_802,"En la zona de Bávaro la señal 5G casi no entra, se queda en 3G o sin servicio a cada rato.",2026-01-24T00:46:50Z,0,1,Atención al Cliente y Soporte,NEGATIVO
Ugx_CLARO_FA_00135,CLARO_FACTURACION_TUTORIAL,Conoce cómo entender tu Factura Electrónica Claro,Claro República Dominicana,patricia_reyes_329,"Muy mal soporte técnico por WhatsApp, un bot que repite lo mismo y no transfiere a un humano.",2026-01-24T01:52:23Z,12,0,Facturación y Tarifas,NEGATIVO
Ugx_CLARO_SO_00232,CLARO_SOPORTE_TECNICO,Atención al Cliente 24/7 y Asistencia Técnica Virtual Claro RD,Claro República Dominicana,juan_bavaro_145,"Los técnicos vinieron, no revisaron la caja exterior y dijeron que todo estaba bien. Sigo sin internet.",2026-01-24T16:13:10Z,1,0,Atención al Cliente y Soporte,NEGATIVO
Ugx_CLARO_RO_00185,CLARO_ROAMING_PLANES,Viaja Conectado con Claro Roaming Sin Fronteras en USA y LATAM,Claro República Dominicana,patricia_reyes_302,Cobran carísimo por megas adicionales y los paqueticos se consumen demasiado rápido.,2026-01-24T16:14:53Z,0,0,Planes y Promociones,NEGATIVO
Ugx_CLARO_SO_00191,CLARO_SOPORTE_TECNICO,Atención al Cliente 24/7 y Asistencia Técnica Virtual Claro RD,Claro República Dominicana,gabriel_tech_137,Buen ancho de banda y la subida simétrica me ayuda un mundo para subir videos a YouTube.,2026-01-24T18:18:31Z,15,0,Atención al Cliente y Soporte,POSITIVO
Ugx_CLARO_RO_00868,CLARO_ROAMING_PLANES,Viaja Conectado con Claro Roaming Sin Fronteras en USA y LATAM,Claro República Dominicana,patricia_reyes_870,"Muy mal soporte técnico por WhatsApp, un bot que repite lo mismo y no transfiere a un humano.",2026-01-24T23:01:04Z,0,0,Planes y Promociones,NEGATIVO
Ugx_CLARO_RO_00511,CLARO_ROAMING_PLANES,Viaja Conectado con Claro Roaming Sin Fronteras en USA y LATAM,Claro República Dominicana,gabriel_tech_270,¿Cuándo estará disponible la cobertura de fibra óptica en la Urbanización Real?,2026-01-25T02:11:09Z,0,0,Planes y Promociones,NEUTRO
Ugx_CLARO_AP_00885,CLARO_APP_MICLARO,"Gestiona tus Servicios, Paga tu Factura y Compra Paqueticos con Mi Claro",Claro República Dominicana,ramon_santos_sd_107,Tengo una duda con respecto al contrato de permanencia mínima de 18 meses.,2026-01-25T02:39:16Z,0,0,Atención al Cliente y App,NEUTRO
Ugx_CLARO_RO_00229,CLARO_ROAMING_PLANES,Viaja Conectado con Claro Roaming Sin Fronteras en USA y LATAM,Claro República Dominicana,ramon_santos_sd_263,Me están facturando un paquete de canales que cancelé hace dos meses. Qué desastre.,2026-01-25T19:34:13Z,1,0,Planes y Promociones,NEGATIVO
Ugx_CLARO_FA_00467,CLARO_FACTURACION_TUTORIAL,Conoce cómo entender tu Factura Electrónica Claro,Claro República Dominicana,jose_gaming_rd_485,Instalaron la fibra en menos de 48 horas en Bella Vista. Muy puntuales los técnicos.,2026-01-25T21:28:00Z,0,0,Facturación y Tarifas,POSITIVO
Ugx_CLARO_RO_01225,CLARO_ROAMING_PLANES,Viaja Conectado con Claro Roaming Sin Fronteras en USA y LATAM,Claro República Dominicana,ramon_santos_sd_38,"Muy buena actualización de la app Mi Claro, ahora puedo pagar con tarjeta y se refleja de una vez.",2026-01-25T21:30:58Z,8,0,Planes y Promociones,POSITIVO
Ugx_CLARO_AP_00516,CLARO_APP_MICLARO,"Gestiona tus Servicios, Paga tu Factura y Compra Paqueticos con Mi Claro",Claro República Dominicana,ramon_santos_sd_893,"El roaming en Estados Unidos me funcionó perfecto, sin cobros raros ni sorpresas en la factura.",2026-01-26T09:52:33Z,0,2,Atención al Cliente y App,POSITIVO
Ugx_CLARO_AP_01223,CLARO_APP_MICLARO,"Gestiona tus Servicios, Paga tu Factura y Compra Paqueticos con Mi Claro",Claro República Dominicana,carlos_m_rd_239,¿A qué número se puede consultar el balance disponible de paqueticos por mensaje?,2026-01-26T14:00:18Z,0,0,Atención al Cliente y App,NEUTRO
Ugx_CLARO_FA_00237,CLARO_FACTURACION_TUTORIAL,Conoce cómo entender tu Factura Electrónica Claro,Claro República Dominicana,juan_bavaro_699,"El roaming en Estados Unidos me funcionó perfecto, sin cobros raros ni sorpresas en la factura.",2026-01-27T00:49:39Z,15,0,Facturación y Tarifas,POSITIVO
Ugx_CLARO_FA_00244,CLARO_FACTURACION_TUTORIAL,Conoce cómo entender tu Factura Electrónica Claro,Claro República Dominicana,maria_jimenez_c_198,Tengo una duda con respecto al contrato de permanencia mínima de 18 meses.,2026-01-27T05:25:58Z,0,1,Facturación y Tarifas,NEUTRO
Ugx_CLARO_FA_00259,CLARO_FACTURACION_TUTORIAL,Conoce cómo entender tu Factura Electrónica Claro,Claro República Dominicana,luis_almonte_sti_857,La app Mi Claro vive con errores y se cierra sola cuando voy a pagar la factura.,2026-01-27T08:13:23Z,1,1,Facturación y Tarifas,NEGATIVO
Ugx_CLARO_SO_00605,CLARO_SOPORTE_TECNICO,Atención al Cliente 24/7 y Asistencia Técnica Virtual Claro RD,Claro República Dominicana,tecnico_rd23_317,"Muy mal soporte técnico por WhatsApp, un bot que repite lo mismo y no transfiere a un humano.",2026-01-27T09:15:47Z,0,0,Atención al Cliente y Soporte,NEGATIVO
Ugx_CLARO_SO_00659,CLARO_SOPORTE_TECNICO,Atención al Cliente 24/7 y Asistencia Técnica Virtual Claro RD,Claro República Dominicana,laura_santiago_595,"En la zona de Bávaro la señal 5G casi no entra, se queda en 3G o sin servicio a cada rato.",2026-01-28T01:16:09Z,2,0,Atención al Cliente y Soporte,NEGATIVO
Ugx_CLARO_AP_00336,CLARO_APP_MICLARO,"Gestiona tus Servicios, Paga tu Factura y Compra Paqueticos con Mi Claro",Claro República Dominicana,tecnico_rd23_249,¿A qué número se puede consultar el balance disponible de paqueticos por mensaje?,2026-01-28T11:34:48Z,1,0,Atención al Cliente y App,NEUTRO
Ugx_CLARO_AP_00960,CLARO_APP_MICLARO,"Gestiona tus Servicios, Paga tu Factura y Compra Paqueticos con Mi Claro",Claro República Dominicana,luis_almonte_sti_160,Tenía problemas de cobertura con otra telefónica y me cambié a Claro. Santo remedio.,2026-01-29T09:30:53Z,0,0,Atención al Cliente y App,POSITIVO
Ugx_CLARO_AP_00623,CLARO_APP_MICLARO,"Gestiona tus Servicios, Paga tu Factura y Compra Paqueticos con Mi Claro",Claro República Dominicana,juan_bavaro_40,Me están facturando un paquete de canales que cancelé hace dos meses. Qué desastre.,2026-01-29T11:49:27Z,12,0,Atención al Cliente y App,NEGATIVO
Ugx_CLARO_RO_00492,CLARO_ROAMING_PLANES,Viaja Conectado con Claro Roaming Sin Fronteras en USA y LATAM,Claro República Dominicana,patricia_reyes_183,"Pésimo servicio al cliente, llevo 3 días esperando que me reparen una avería de internet en Herrera.",2026-01-29T18:46:48Z,2,0,Planes y Promociones,NEGATIVO
Ugx_CLARO_SO_00084,CLARO_SOPORTE_TECNICO,Atención al Cliente 24/7 y Asistencia Técnica Virtual Claro RD,Claro República Dominicana,jose_gaming_rd_255,"El router que instalan es malísimo, a 5 metros ya no llega la señal de Wi-Fi.",2026-01-30T09:38:07Z,0,0,Atención al Cliente y Soporte,NEGATIVO
Ugx_CLARO_FA_01185,CLARO_FACTURACION_TUTORIAL,Conoce cómo entender tu Factura Electrónica Claro,Claro República Dominicana,elena_gomez_rd_969,"La velocidad contratada de 100 megas nunca llega completa, apenas marca 30 en Speedtest.",2026-01-30T10:57:18Z,2,0,Facturación y Tarifas,NEGATIVO
Ugx_CLARO_FA_01176,CLARO_FACTURACION_TUTORIAL,Conoce cómo entender tu Factura Electrónica Claro,Claro República Dominicana,jose_gaming_rd_587,"La velocidad contratada de 100 megas nunca llega completa, apenas marca 30 en Speedtest.",2026-01-30T10:59:46Z,0,0,Facturación y Tarifas,NEGATIVO
Ugx_CLARO_RO_00945,CLARO_ROAMING_PLANES,Viaja Conectado con Claro Roaming Sin Fronteras en USA y LATAM,Claro República Dominicana,elena_gomez_rd_448,"Excelente servicio con la fibra óptica simétrica, tengo 300 megas en Santiago y nunca se cae.",2026-01-30T11:14:41Z,0,1,Planes y Promociones,POSITIVO
Ugx_CLARO_SO_00975,CLARO_SOPORTE_TECNICO,Atención al Cliente 24/7 y Asistencia Técnica Virtual Claro RD,Claro República Dominicana,pedro_perez_do_448,"En la zona de Bávaro la señal 5G casi no entra, se queda en 3G o sin servicio a cada rato.",2026-01-30T14:34:10Z,0,2,Atención al Cliente y Soporte,NEGATIVO
Ugx_CLARO_RO_00907,CLARO_ROAMING_PLANES,Viaja Conectado con Claro Roaming Sin Fronteras en USA y LATAM,Claro República Dominicana,maria_jimenez_c_233,"El 5G en el Distrito Nacional vuela, me dio más de 450 Mbps de bajada en el test.",2026-01-30T16:27:35Z,0,0,Planes y Promociones,POSITIVO
Ugx_CLARO_RO_00677,CLARO_ROAMING_PLANES,Viaja Conectado con Claro Roaming Sin Fronteras en USA y LATAM,Claro República Dominicana,ana_valdez_sd_130,¿En qué horario labora la sucursal de la 27 de Febrero los sábados?,2026-01-30T20:18:20Z,0,7,Planes y Promociones,NEUTRO
Ugx_CLARO_FA_00754,CLARO_FACTURACION_TUTORIAL,Conoce cómo entender tu Factura Electrónica Claro,Claro República Dominicana,patricia_reyes_96,"Muy mal soporte técnico por WhatsApp, un bot que repite lo mismo y no transfiere a un humano.",2026-01-30T23:35:45Z,0,2,Facturación y Tarifas,NEGATIVO
Ugx_CLARO_AP_00931,CLARO_APP_MICLARO,"Gestiona tus Servicios, Paga tu Factura y Compra Paqueticos con Mi Claro",Claro República Dominicana,carlos_m_rd_84,Me cobraron un cargo por reconexión que nunca solicité. Facturación no me da respuesta.,2026-01-31T01:37:30Z,0,0,Atención al Cliente y App,NEGATIVO
Ugx_CLARO_SO_01094,CLARO_SOPORTE_TECNICO,Atención al Cliente 24/7 y Asistencia Técnica Virtual Claro RD,Claro República Dominicana,luis_almonte_sti_433,Aumentaron la tarifa del plan pospago sin avisar previamente por correo o SMS. Un abuso.,2026-01-31T13:36:19Z,1,0,Atención al Cliente y Soporte,NEGATIVO
Ugx_CLARO_SO_00280,CLARO_SOPORTE_TECNICO,Atención al Cliente 24/7 y Asistencia Técnica Virtual Claro RD,Claro República Dominicana,laura_santiago_797,"Pésimo servicio al cliente, llevo 3 días esperando que me reparen una avería de internet en Herrera.",2026-01-31T19:32:53Z,2,0,Atención al Cliente y Soporte,NEGATIVO
Ugx_CLARO_RO_00068,CLARO_ROAMING_PLANES,Viaja Conectado con Claro Roaming Sin Fronteras en USA y LATAM,Claro República Dominicana,laura_santiago_723,El ping en juegos online como Valorant y Warzone me bajó a 35ms con la fibra. Nítido todo.,2026-02-01T02:46:01Z,0,1,Planes y Promociones,POSITIVO
Ugx_CLARO_RO_00040,CLARO_ROAMING_PLANES,Viaja Conectado con Claro Roaming Sin Fronteras en USA y LATAM,Claro República Dominicana,claudia_mella_350,La señal no se corta ni cuando hay tormenta en Santo Domingo Este. Sigan así.,2026-02-01T10:47:00Z,8,1,Planes y Promociones,POSITIVO
Ugx_CLARO_AP_01095,CLARO_APP_MICLARO,"Gestiona tus Servicios, Paga tu Factura y Compra Paqueticos con Mi Claro",Claro República Dominicana,laura_santiago_307,¿Cuándo estará disponible la cobertura de fibra óptica en la Urbanización Real?,2026-02-01T10:54:00Z,0,0,Atención al Cliente y App,NEUTRO
Ugx_CLARO_FA_00197,CLARO_FACTURACION_TUTORIAL,Conoce cómo entender tu Factura Electrónica Claro,Claro República Dominicana,elena_gomez_rd_891,"El 5G en el Distrito Nacional vuela, me dio más de 450 Mbps de bajada en el test.",2026-02-01T11:22:50Z,0,0,Facturación y Tarifas,POSITIVO
Ugx_CLARO_SO_00554,CLARO_SOPORTE_TECNICO,Atención al Cliente 24/7 y Asistencia Técnica Virtual Claro RD,Claro República Dominicana,ana_valdez_sd_886,Dicen que es fibra simétrica pero el ping sube a 200ms en las noches en San Cristóbal. Muy lento.,2026-02-01T12:14:00Z,1,0,Atención al Cliente y Soporte,NEGATIVO
Ugx_CLARO_FA_00756,CLARO_FACTURACION_TUTORIAL,Conoce cómo entender tu Factura Electrónica Claro,Claro República Dominicana,patricia_reyes_409,La señal no se corta ni cuando hay tormenta en Santo Domingo Este. Sigan así.,2026-02-01T13:24:00Z,0,0,Facturación y Tarifas,POSITIVO
Ugx_CLARO_RO_00430,CLARO_ROAMING_PLANES,Viaja Conectado con Claro Roaming Sin Fronteras en USA y LATAM,Claro República Dominicana,carlos_m_rd_576,"La velocidad contratada de 100 megas nunca llega completa, apenas marca 30 en Speedtest.",2026-02-01T16:47:00Z,1,2,Planes y Promociones,NEGATIVO
Ugx_CLARO_SO_00016,CLARO_SOPORTE_TECNICO,Atención al Cliente 24/7 y Asistencia Técnica Virtual Claro RD,Claro República Dominicana,juan_bavaro_29,"El 5G en el Distrito Nacional vuela, me dio más de 450 Mbps de bajada en el test.",2026-02-01T17:20:00Z,0,0,Atención al Cliente y Soporte,POSITIVO
Ugx_CLARO_RO_00171,CLARO_ROAMING_PLANES,Viaja Conectado con Claro Roaming Sin Fronteras en USA y LATAM,Claro República Dominicana,ana_valdez_sd_594,Cobran carísimo por megas adicionales y los paqueticos se consumen demasiado rápido.,2026-02-01T17:22:00Z,1,0,Planes y Promociones,NEGATIVO
Ugx_CLARO_RO_01023,CLARO_ROAMING_PLANES,Viaja Conectado con Claro Roaming Sin Fronteras en USA y LATAM,Claro República Dominicana,pedro_perez_do_315,¿Cuándo estará disponible la cobertura de fibra óptica en la Urbanización Real?,2026-02-01T17:29:00Z,1,0,Planes y Promociones,NEUTRO
Ugx_CLARO_SO_00003,CLARO_SOPORTE_TECNICO,Atención al Cliente 24/7 y Asistencia Técnica Virtual Claro RD,Claro República Dominicana,jose_gaming_rd_724,"Excelente promoción de paqueticos libres, rinden bastante bien en la semana.",2026-02-01T20:51:00Z,0,0,Atención al Cliente y Soporte,POSITIVO
Ugx_CLARO_AP_01140,CLARO_APP_MICLARO,"Gestiona tus Servicios, Paga tu Factura y Compra Paqueticos con Mi Claro",Claro República Dominicana,tecnico_rd23_144,"El 5G en el Distrito Nacional vuela, me dio más de 450 Mbps de bajada en el test.",2026-02-01T22:29:00Z,1,1,Atención al Cliente y App,POSITIVO
Ugx_CLARO_SO_00395,CLARO_SOPORTE_TECNICO,Atención al Cliente 24/7 y Asistencia Técnica Virtual Claro RD,Claro República Dominicana,ana_valdez_sd_373,"Buenas tardes, quisiera saber el precio actual del plan de 500 megas de fibra.",2026-02-01T23:49:38Z,1,0,Atención al Cliente y Soporte,NEUTRO
Ugx_CLARO_AP_00892,CLARO_APP_MICLARO,"Gestiona tus Servicios, Paga tu Factura y Compra Paqueticos con Mi Claro",Claro República Dominicana,tecnico_rd23_627,"La velocidad contratada de 100 megas nunca llega completa, apenas marca 30 en Speedtest.",2026-02-02T05:22:01Z,1,0,Atención al Cliente y App,NEGATIVO
Ugx_CLARO_AP_00822,CLARO_APP_MICLARO,"Gestiona tus Servicios, Paga tu Factura y Compra Paqueticos con Mi Claro",Claro República Dominicana,pedro_perez_do_458,El ping en juegos online como Valorant y Warzone me bajó a 35ms con la fibra. Nítido todo.,2026-02-02T06:59:52Z,0,0,Atención al Cliente y App,POSITIVO
Ugx_CLARO_SO_01119,CLARO_SOPORTE_TECNICO,Atención al Cliente 24/7 y Asistencia Técnica Virtual Claro RD,Claro República Dominicana,laura_santiago_36,¿El roaming sin fronteras incluye llamadas locales dentro del país de destino?,2026-02-02T07:25:07Z,0,0,Atención al Cliente y Soporte,NEUTRO
Ugx_CLARO_SO_00932,CLARO_SOPORTE_TECNICO,Atención al Cliente 24/7 y Asistencia Técnica Virtual Claro RD,Claro República Dominicana,laura_santiago_736,El ping en juegos online como Valorant y Warzone me bajó a 35ms con la fibra. Nítido todo.,2026-02-02T08:16:00Z,0,2,Atención al Cliente y Soporte,POSITIVO
Ugx_CLARO_AP_00790,CLARO_APP_MICLARO,"Gestiona tus Servicios, Paga tu Factura y Compra Paqueticos con Mi Claro",Claro República Dominicana,claudia_mella_372,Cobran carísimo por megas adicionales y los paqueticos se consumen demasiado rápido.,2026-02-02T08:33:01Z,0,7,Atención al Cliente y App,NEGATIVO
Ugx_CLARO_AP_00639,CLARO_APP_MICLARO,"Gestiona tus Servicios, Paga tu Factura y Compra Paqueticos con Mi Claro",Claro República Dominicana,luis_almonte_sti_769,"La cobertura de Claro en carretera y pueblos es la mejor del país por mucho, ninguna otra compañía llega allá.",2026-02-02T08:55:42Z,1,0,Atención al Cliente y App,POSITIVO
Ugx_CLARO_RO_00619,CLARO_ROAMING_PLANES,Viaja Conectado con Claro Roaming Sin Fronteras en USA y LATAM,Claro República Dominicana,maria_jimenez_c_193,Instalaron la fibra en menos de 48 horas en Bella Vista. Muy puntuales los técnicos.,2026-02-02T09:27:00Z,0,0,Planes y Promociones,POSITIVO
Ugx_CLARO_FA_00305,CLARO_FACTURACION_TUTORIAL,Conoce cómo entender tu Factura Electrónica Claro,Claro República Dominicana,gabriel_tech_300,La app Mi Claro vive con errores y se cierra sola cuando voy a pagar la factura.,2026-02-02T09:46:37Z,5,0,Facturación y Tarifas,NEGATIVO
Ugx_CLARO_SO_00333,CLARO_SOPORTE_TECNICO,Atención al Cliente 24/7 y Asistencia Técnica Virtual Claro RD,Claro República Dominicana,tecnico_rd23_105,"La cobertura de Claro en carretera y pueblos es la mejor del país por mucho, ninguna otra compañía llega allá.",2026-02-02T10:45:00Z,0,0,Atención al Cliente y Soporte,POSITIVO
Ugx_CLARO_SO_00685,CLARO_SOPORTE_TECNICO,Atención al Cliente 24/7 y Asistencia Técnica Virtual Claro RD,Claro República Dominicana,laura_santiago_882,Dicen que es fibra simétrica pero el ping sube a 200ms en las noches en San Cristóbal. Muy lento.,2026-02-02T12:08:00Z,0,0,Atención al Cliente y Soporte,NEGATIVO
Ugx_CLARO_RO_01175,CLARO_ROAMING_PLANES,Viaja Conectado con Claro Roaming Sin Fronteras en USA y LATAM,Claro República Dominicana,ramon_santos_sd_704,¿En qué horario labora la sucursal de la 27 de Febrero los sábados?,2026-02-02T12:54:42Z,0,0,Planes y Promociones,NEUTRO
Ugx_CLARO_SO_00796,CLARO_SOPORTE_TECNICO,Atención al Cliente 24/7 y Asistencia Técnica Virtual Claro RD,Claro República Dominicana,jose_gaming_rd_732,¿Cuándo estará disponible la cobertura de fibra óptica en la Urbanización Real?,2026-02-02T15:16:00Z,0,0,Atención al Cliente y Soporte,NEUTRO
Ugx_CLARO_SO_00309,CLARO_SOPORTE_TECNICO,Atención al Cliente 24/7 y Asistencia Técnica Virtual Claro RD,Claro República Dominicana,elena_gomez_rd_107,La app Mi Claro vive con errores y se cierra sola cuando voy a pagar la factura.,2026-02-02T15:37:40Z,1,0,Atención al Cliente y Soporte,NEGATIVO
Ugx_CLARO_SO_00210,CLARO_SOPORTE_TECNICO,Atención al Cliente 24/7 y Asistencia Técnica Virtual Claro RD,Claro República Dominicana,laura_santiago_205,"En la zona de Bávaro la señal 5G casi no entra, se queda en 3G o sin servicio a cada rato.",2026-02-02T17:44:00Z,0,0,Atención al Cliente y Soporte,NEGATIVO
Ugx_CLARO_AP_00211,CLARO_APP_MICLARO,"Gestiona tus Servicios, Paga tu Factura y Compra Paqueticos con Mi Claro",Claro República Dominicana,gabriel_tech_878,La app Mi Claro vive con errores y se cierra sola cuando voy a pagar la factura.,2026-02-02T18:16:14Z,2,0,Atención al Cliente y App,NEGATIVO
Ugx_CLARO_FA_00476,CLARO_FACTURACION_TUTORIAL,Conoce cómo entender tu Factura Electrónica Claro,Claro República Dominicana,jose_gaming_rd_67,"Pésimo servicio al cliente, llevo 3 días esperando que me reparen una avería de internet en Herrera.",2026-02-02T22:36:00Z,0,0,Facturación y Tarifas,NEGATIVO
Ugx_CLARO_RO_01158,CLARO_ROAMING_PLANES,Viaja Conectado con Claro Roaming Sin Fronteras en USA y LATAM,Claro República Dominicana,laura_santiago_234,"Excelente promoción de paqueticos libres, rinden bastante bien en la semana.",2026-02-02T23:31:57Z,0,0,Planes y Promociones,POSITIVO
Ugx_CLARO_FA_00739,CLARO_FACTURACION_TUTORIAL,Conoce cómo entender tu Factura Electrónica Claro,Claro República Dominicana,juan_bavaro_128,"El roaming en Estados Unidos me funcionó perfecto, sin cobros raros ni sorpresas en la factura.",2026-02-03T02:59:40Z,0,0,Facturación y Tarifas,POSITIVO
Ugx_CLARO_FA_00997,CLARO_FACTURACION_TUTORIAL,Conoce cómo entender tu Factura Electrónica Claro,Claro República Dominicana,laura_santiago_740,¿A qué número se puede consultar el balance disponible de paqueticos por mensaje?,2026-02-03T03:37:13Z,0,2,Facturación y Tarifas,NEUTRO
Ugx_CLARO_SO_00518,CLARO_SOPORTE_TECNICO,Atención al Cliente 24/7 y Asistencia Técnica Virtual Claro RD,Claro República Dominicana,laura_santiago_969,"La cobertura de Claro en carretera y pueblos es la mejor del país por mucho, ninguna otra compañía llega allá.",2026-02-03T03:45:01Z,0,2,Atención al Cliente y Soporte,POSITIVO
Ugx_CLARO_FA_00688,CLARO_FACTURACION_TUTORIAL,Conoce cómo entender tu Factura Electrónica Claro,Claro República Dominicana,maria_jimenez_c_603,Me están facturando un paquete de canales que cancelé hace dos meses. Qué desastre.,2026-02-03T09:01:23Z,1,0,Facturación y Tarifas,NEGATIVO
Ugx_CLARO_RO_00564,CLARO_ROAMING_PLANES,Viaja Conectado con Claro Roaming Sin Fronteras en USA y LATAM,Claro República Dominicana,maria_jimenez_c_443,El internet se cae todos los fines de semana por la noche. Muy inestable.,2026-02-03T09:42:00Z,0,0,Planes y Promociones,NEGATIVO
Ugx_CLARO_SO_00996,CLARO_SOPORTE_TECNICO,Atención al Cliente 24/7 y Asistencia Técnica Virtual Claro RD,Claro República Dominicana,ramon_santos_sd_617,"Excelente promoción de paqueticos libres, rinden bastante bien en la semana.",2026-02-03T09:57:57Z,0,0,Atención al Cliente y Soporte,POSITIVO
Ugx_CLARO_FA_00714,CLARO_FACTURACION_TUTORIAL,Conoce cómo entender tu Factura Electrónica Claro,Claro República Dominicana,claudia_mella_464,Dicen que es fibra simétrica pero el ping sube a 200ms en las noches en San Cristóbal. Muy lento.,2026-02-03T11:46:00Z,0,0,Facturación y Tarifas,NEGATIVO
Ugx_CLARO_FA_00151,CLARO_FACTURACION_TUTORIAL,Conoce cómo entender tu Factura Electrónica Claro,Claro República Dominicana,juan_bavaro_48,Buen ancho de banda y la subida simétrica me ayuda un mundo para subir videos a YouTube.,2026-02-03T12:29:00Z,0,0,Facturación y Tarifas,POSITIVO
Ugx_CLARO_SO_00808,CLARO_SOPORTE_TECNICO,Atención al Cliente 24/7 y Asistencia Técnica Virtual Claro RD,Claro República Dominicana,maria_jimenez_c_91,"Muy mal soporte técnico por WhatsApp, un bot que repite lo mismo y no transfiere a un humano.",2026-02-03T12:29:00Z,2,2,Atención al Cliente y Soporte,NEGATIVO
Ugx_CLARO_FA_00063,CLARO_FACTURACION_TUTORIAL,Conoce cómo entender tu Factura Electrónica Claro,Claro República Dominicana,ana_valdez_sd_475,"En la zona de Bávaro la señal 5G casi no entra, se queda en 3G o sin servicio a cada rato.",2026-02-03T13:48:09Z,0,0,Facturación y Tarifas,NEGATIVO
Ugx_CLARO_SO_00225,CLARO_SOPORTE_TECNICO,Atención al Cliente 24/7 y Asistencia Técnica Virtual Claro RD,Claro República Dominicana,jose_gaming_rd_153,¿A qué número se puede consultar el balance disponible de paqueticos por mensaje?,2026-02-03T14:35:38Z,0,0,Atención al Cliente y Soporte,NEUTRO
Ugx_CLARO_FA_01124,CLARO_FACTURACION_TUTORIAL,Conoce cómo entender tu Factura Electrónica Claro,Claro República Dominicana,laura_santiago_225,¿El servicio de 5G requiere cambiar la tarjeta SIM o sirve la misma USIM 4G?,2026-02-03T15:40:00Z,0,0,Facturación y Tarifas,NEUTRO
Ugx_CLARO_RO_00920,CLARO_ROAMING_PLANES,Viaja Conectado con Claro Roaming Sin Fronteras en USA y LATAM,Claro República Dominicana,ana_valdez_sd_496,Información sobre los requisitos para portabilidad numérica desde otra compañía por favor.,2026-02-03T16:24:00Z,1,0,Planes y Promociones,NEUTRO
Ugx_CLARO_SO_00328,CLARO_SOPORTE_TECNICO,Atención al Cliente 24/7 y Asistencia Técnica Virtual Claro RD,Claro República Dominicana,laura_santiago_524,"El 5G en el Distrito Nacional vuela, me dio más de 450 Mbps de bajada en el test.",2026-02-03T17:23:00Z,0,0,Atención al Cliente y Soporte,POSITIVO
Ugx_CLARO_FA_00595,CLARO_FACTURACION_TUTORIAL,Conoce cómo entender tu Factura Electrónica Claro,Claro República Dominicana,carlos_m_rd_260,"Los técnicos vinieron, no revisaron la caja exterior y dijeron que todo estaba bien. Sigo sin internet.",2026-02-03T17:38:00Z,2,2,Facturación y Tarifas,NEGATIVO
Ugx_CLARO_SO_00046,CLARO_SOPORTE_TECNICO,Atención al Cliente 24/7 y Asistencia Técnica Virtual Claro RD,Claro República Dominicana,pedro_perez_do_648,"El roaming en Estados Unidos me funcionó perfecto, sin cobros raros ni sorpresas en la factura.",2026-02-03T18:58:00Z,1,0,Atención al Cliente y Soporte,POSITIVO
Ugx_CLARO_RO_00125,CLARO_ROAMING_PLANES,Viaja Conectado con Claro Roaming Sin Fronteras en USA y LATAM,Claro República Dominicana,ramon_santos_sd_188,"Es una pesadilla cancelar una línea fija, te ponen mil trabas y trámites innecesarios.",2026-02-03T19:40:07Z,45,0,Planes y Promociones,NEGATIVO
Ugx_CLARO_RO_00581,CLARO_ROAMING_PLANES,Viaja Conectado con Claro Roaming Sin Fronteras en USA y LATAM,Claro República Dominicana,juan_bavaro_147,"El 5G en el Distrito Nacional vuela, me dio más de 450 Mbps de bajada en el test.",2026-02-03T19:49:00Z,1,0,Planes y Promociones,POSITIVO
Ugx_CLARO_FA_00186,CLARO_FACTURACION_TUTORIAL,Conoce cómo entender tu Factura Electrónica Claro,Claro República Dominicana,gabriel_tech_337,Me cobraron un cargo por reconexión que nunca solicité. Facturación no me da respuesta.,2026-02-03T20:43:00Z,5,0,Facturación y Tarifas,NEGATIVO
Ugx_CLARO_FA_00980,CLARO_FACTURACION_TUTORIAL,Conoce cómo entender tu Factura Electrónica Claro,Claro República Dominicana,pedro_perez_do_902,Alguien sabe si para solicitar el cambio de router cobran algún costo adicional?,2026-02-03T20:44:00Z,0,0,Facturación y Tarifas,NEUTRO
Ugx_CLARO_AP_00377,CLARO_APP_MICLARO,"Gestiona tus Servicios, Paga tu Factura y Compra Paqueticos con Mi Claro",Claro República Dominicana,carlos_m_rd_186,¿En qué horario labora la sucursal de la 27 de Febrero los sábados?,2026-02-03T20:49:36Z,0,0,Atención al Cliente y App,NEUTRO
Ugx_CLARO_SO_00105,CLARO_SOPORTE_TECNICO,Atención al Cliente 24/7 y Asistencia Técnica Virtual Claro RD,Claro República Dominicana,juan_bavaro_180,¿El servicio de 5G requiere cambiar la tarjeta SIM o sirve la misma USIM 4G?,2026-02-04T03:35:03Z,1,0,Atención al Cliente y Soporte,NEUTRO
Ugx_CLARO_RO_00143,CLARO_ROAMING_PLANES,Viaja Conectado con Claro Roaming Sin Fronteras en USA y LATAM,Claro República Dominicana,tecnico_rd23_345,Llamar al 107 es perder una hora de la vida escuchando una música y nadie resuelve.,2026-02-04T04:59:47Z,0,0,Planes y Promociones,NEGATIVO
Ugx_CLARO_SO_00281,CLARO_SOPORTE_TECNICO,Atención al Cliente 24/7 y Asistencia Técnica Virtual Claro RD,Claro República Dominicana,tecnico_rd23_237,"Muy mal soporte técnico por WhatsApp, un bot que repite lo mismo y no transfiere a un humano.",2026-02-04T08:06:00Z,1,0,Atención al Cliente y Soporte,NEGATIVO
Ugx_CLARO_RO_00785,CLARO_ROAMING_PLANES,Viaja Conectado con Claro Roaming Sin Fronteras en USA y LATAM,Claro República Dominicana,alex_dev_rd_455,Llevo 8 años con Claro y la estabilidad del internet para trabajar remoto es incomparable.,2026-02-04T08:45:00Z,0,1,Planes y Promociones,POSITIVO
Ugx_CLARO_RO_01041,CLARO_ROAMING_PLANES,Viaja Conectado con Claro Roaming Sin Fronteras en USA y LATAM,Claro República Dominicana,patricia_reyes_361,"Los técnicos vinieron, no revisaron la caja exterior y dijeron que todo estaba bien. Sigo sin internet.",2026-02-04T09:34:00Z,28,0,Planes y Promociones,NEGATIVO
Ugx_CLARO_AP_01249,CLARO_APP_MICLARO,"Gestiona tus Servicios, Paga tu Factura y Compra Paqueticos con Mi Claro",Claro República Dominicana,elena_gomez_rd_147,¿A qué número se puede consultar el balance disponible de paqueticos por mensaje?,2026-02-04T10:31:57Z,0,0,Atención al Cliente y App,NEUTRO
Ugx_CLARO_AP_00214,CLARO_APP_MICLARO,"Gestiona tus Servicios, Paga tu Factura y Compra Paqueticos con Mi Claro",Claro República Dominicana,pedro_perez_do_583,¿El servicio de 5G requiere cambiar la tarjeta SIM o sirve la misma USIM 4G?,2026-02-04T11:32:35Z,0,2,Atención al Cliente y App,NEUTRO
Ugx_CLARO_FA_00710,CLARO_FACTURACION_TUTORIAL,Conoce cómo entender tu Factura Electrónica Claro,Claro República Dominicana,maria_jimenez_c_642,El internet se cae todos los fines de semana por la noche. Muy inestable.,2026-02-04T12:01:00Z,2,1,Facturación y Tarifas,NEGATIVO
Ugx_CLARO_SO_00014,CLARO_SOPORTE_TECNICO,Atención al Cliente 24/7 y Asistencia Técnica Virtual Claro RD,Claro República Dominicana,jose_gaming_rd_474,"La velocidad contratada de 100 megas nunca llega completa, apenas marca 30 en Speedtest.",2026-02-04T12:27:00Z,1,0,Atención al Cliente y Soporte,NEGATIVO
Ugx_CLARO_SO_00930,CLARO_SOPORTE_TECNICO,Atención al Cliente 24/7 y Asistencia Técnica Virtual Claro RD,Claro República Dominicana,ramon_santos_sd_117,La señal no se corta ni cuando hay tormenta en Santo Domingo Este. Sigan así.,2026-02-04T13:04:00Z,0,0,Atención al Cliente y Soporte,POSITIVO
Ugx_CLARO_FA_00506,CLARO_FACTURACION_TUTORIAL,Conoce cómo entender tu Factura Electrónica Claro,Claro República Dominicana,patricia_reyes_892,"Pésimo servicio al cliente, llevo 3 días esperando que me reparen una avería de internet en Herrera.",2026-02-04T13:23:00Z,0,0,Facturación y Tarifas,NEGATIVO
Ugx_CLARO_FA_00208,CLARO_FACTURACION_TUTORIAL,Conoce cómo entender tu Factura Electrónica Claro,Claro República Dominicana,luis_almonte_sti_122,Llevo 8 años con Claro y la estabilidad del internet para trabajar remoto es incomparable.,2026-02-04T13:24:41Z,0,3,Facturación y Tarifas,POSITIVO
Ugx_CLARO_SO_00082,CLARO_SOPORTE_TECNICO,Atención al Cliente 24/7 y Asistencia Técnica Virtual Claro RD,Claro República Dominicana,maria_jimenez_c_630,Instalaron la fibra en menos de 48 horas en Bella Vista. Muy puntuales los técnicos.,2026-02-04T16:48:00Z,0,0,Atención al Cliente y Soporte,POSITIVO
Ugx_CLARO_FA_01008,CLARO_FACTURACION_TUTORIAL,Conoce cómo entender tu Factura Electrónica Claro,Claro República Dominicana,maria_jimenez_c_77,"Los técnicos vinieron, no revisaron la caja exterior y dijeron que todo estaba bien. Sigo sin internet.",2026-02-04T18:35:00Z,0,0,Facturación y Tarifas,NEGATIVO
Ugx_CLARO_RO_00029,CLARO_ROAMING_PLANES,Viaja Conectado con Claro Roaming Sin Fronteras en USA y LATAM,Claro República Dominicana,ana_valdez_sd_602,Me cobraron un cargo por reconexión que nunca solicité. Facturación no me da respuesta.,2026-02-04T22:36:00Z,0,0,Planes y Promociones,NEGATIVO
Ugx_CLARO_SO_01214,CLARO_SOPORTE_TECNICO,Atención al Cliente 24/7 y Asistencia Técnica Virtual Claro RD,Claro República Dominicana,claudia_mella_386,Me están facturando un paquete de canales que cancelé hace dos meses. Qué desastre.,2026-02-04T22:39:00Z,1,0,Atención al Cliente y Soporte,NEGATIVO
Ugx_CLARO_RO_00546,CLARO_ROAMING_PLANES,Viaja Conectado con Claro Roaming Sin Fronteras en USA y LATAM,Claro República Dominicana,carlos_m_rd_385,El ping en juegos online como Valorant y Warzone me bajó a 35ms con la fibra. Nítido todo.,2026-02-04T22:43:05Z,1,0,Planes y Promociones,POSITIVO
Ugx_CLARO_FA_00123,CLARO_FACTURACION_TUTORIAL,Conoce cómo entender tu Factura Electrónica Claro,Claro República Dominicana,ana_valdez_sd_138,Llamar al 107 es perder una hora de la vida escuchando una música y nadie resuelve.,2026-02-05T01:50:29Z,1,1,Facturación y Tarifas,NEGATIVO
Ugx_CLARO_SO_01111,CLARO_SOPORTE_TECNICO,Atención al Cliente 24/7 y Asistencia Técnica Virtual Claro RD,Claro República Dominicana,laura_santiago_675,Llevo 8 años con Claro y la estabilidad del internet para trabajar remoto es incomparable.,2026-02-05T03:11:24Z,1,0,Atención al Cliente y Soporte,POSITIVO
Ugx_CLARO_AP_00390,CLARO_APP_MICLARO,"Gestiona tus Servicios, Paga tu Factura y Compra Paqueticos con Mi Claro",Claro República Dominicana,laura_santiago_354,Para mí es la empresa de telecomunicaciones más seria de República Dominicana. Servicio de calidad.,2026-02-05T03:56:09Z,1,7,Atención al Cliente y App,POSITIVO
Ugx_CLARO_SO_00001,CLARO_SOPORTE_TECNICO,Atención al Cliente 24/7 y Asistencia Técnica Virtual Claro RD,Claro República Dominicana,luis_almonte_sti_768,Me están facturando un paquete de canales que cancelé hace dos meses. Qué desastre.,2026-02-05T05:04:49Z,0,2,Atención al Cliente y Soporte,NEGATIVO
Ugx_CLARO_SO_00844,CLARO_SOPORTE_TECNICO,Atención al Cliente 24/7 y Asistencia Técnica Virtual Claro RD,Claro República Dominicana,pedro_perez_do_538,Instalaron la fibra en menos de 48 horas en Bella Vista. Muy puntuales los técnicos.,2026-02-05T09:00:57Z,1,0,Atención al Cliente y Soporte,POSITIVO
Ugx_CLARO_SO_00175,CLARO_SOPORTE_TECNICO,Atención al Cliente 24/7 y Asistencia Técnica Virtual Claro RD,Claro República Dominicana,ramon_santos_sd_976,"El router que instalan es malísimo, a 5 metros ya no llega la señal de Wi-Fi.",2026-02-05T09:45:00Z,2,0,Atención al Cliente y Soporte,NEGATIVO
Ugx_CLARO_SO_00339,CLARO_SOPORTE_TECNICO,Atención al Cliente 24/7 y Asistencia Técnica Virtual Claro RD,Claro República Dominicana,ana_valdez_sd_374,Me están facturando un paquete de canales que cancelé hace dos meses. Qué desastre.,2026-02-05T09:45:00Z,2,0,Atención al Cliente y Soporte,NEGATIVO
Ugx_CLARO_RO_00582,CLARO_ROAMING_PLANES,Viaja Conectado con Claro Roaming Sin Fronteras en USA y LATAM,Claro República Dominicana,ana_valdez_sd_43,Tenía problemas de cobertura con otra telefónica y me cambié a Claro. Santo remedio.,2026-02-05T10:12:00Z,0,0,Planes y Promociones,POSITIVO
Ugx_CLARO_RO_00030,CLARO_ROAMING_PLANES,Viaja Conectado con Claro Roaming Sin Fronteras en USA y LATAM,Claro República Dominicana,ana_valdez_sd_695,"Muy mal soporte técnico por WhatsApp, un bot que repite lo mismo y no transfiere a un humano.",2026-02-05T11:31:07Z,1,0,Planes y Promociones,NEGATIVO
Ugx_CLARO_RO_01088,CLARO_ROAMING_PLANES,Viaja Conectado con Claro Roaming Sin Fronteras en USA y LATAM,Claro República Dominicana,pedro_perez_do_648,"El roaming en Estados Unidos me funcionó perfecto, sin cobros raros ni sorpresas en la factura.",2026-02-05T13:18:00Z,1,1,Planes y Promociones,POSITIVO
Ugx_CLARO_SO_00038,CLARO_SOPORTE_TECNICO,Atención al Cliente 24/7 y Asistencia Técnica Virtual Claro RD,Claro República Dominicana,carlos_m_rd_325,¿El roaming sin fronteras incluye llamadas locales dentro del país de destino?,2026-02-05T14:08:00Z,0,0,Atención al Cliente y Soporte,NEUTRO
Ugx_CLARO_SO_00706,CLARO_SOPORTE_TECNICO,Atención al Cliente 24/7 y Asistencia Técnica Virtual Claro RD,Claro República Dominicana,pedro_perez_do_198,"Buenas tardes, quisiera saber el precio actual del plan de 500 megas de fibra.",2026-02-05T15:16:00Z,0,0,Atención al Cliente y Soporte,NEUTRO
Ugx_CLARO_SO_01105,CLARO_SOPORTE_TECNICO,Atención al Cliente 24/7 y Asistencia Técnica Virtual Claro RD,Claro República Dominicana,pedro_perez_do_126,"El roaming en Estados Unidos me funcionó perfecto, sin cobros raros ni sorpresas en la factura.",2026-02-05T15:55:00Z,1,1,Atención al Cliente y Soporte,POSITIVO
Ugx_CLARO_SO_01020,CLARO_SOPORTE_TECNICO,Atención al Cliente 24/7 y Asistencia Técnica Virtual Claro RD,Claro República Dominicana,carlos_m_rd_442,¿El roaming sin fronteras incluye llamadas locales dentro del país de destino?,2026-02-05T16:22:00Z,1,0,Atención al Cliente y Soporte,NEUTRO
Ugx_CLARO_FA_00985,CLARO_FACTURACION_TUTORIAL,Conoce cómo entender tu Factura Electrónica Claro,Claro República Dominicana,jose_gaming_rd_774,"Es una pesadilla cancelar una línea fija, te ponen mil trabas y trámites innecesarios.",2026-02-05T17:18:00Z,12,0,Facturación y Tarifas,NEGATIVO
Ugx_CLARO_FA_00399,CLARO_FACTURACION_TUTORIAL,Conoce cómo entender tu Factura Electrónica Claro,Claro República Dominicana,luis_almonte_sti_191,"Es una pesadilla cancelar una línea fija, te ponen mil trabas y trámites innecesarios.",2026-02-05T17:45:08Z,2,0,Facturación y Tarifas,NEGATIVO
Ugx_CLARO_FA_00050,CLARO_FACTURACION_TUTORIAL,Conoce cómo entender tu Factura Electrónica Claro,Claro República Dominicana,laura_santiago_848,"Buenas tardes, quisiera saber el precio actual del plan de 500 megas de fibra.",2026-02-05T18:46:01Z,0,3,Facturación y Tarifas,NEUTRO
Ugx_CLARO_SO_00764,CLARO_SOPORTE_TECNICO,Atención al Cliente 24/7 y Asistencia Técnica Virtual Claro RD,Claro República Dominicana,ramon_santos_sd_317,"Excelente promoción de paqueticos libres, rinden bastante bien en la semana.",2026-02-05T19:43:00Z,0,1,Atención al Cliente y Soporte,POSITIVO
Ugx_CLARO_FA_00834,CLARO_FACTURACION_TUTORIAL,Conoce cómo entender tu Factura Electrónica Claro,Claro República Dominicana,elena_gomez_rd_835,¿El roaming sin fronteras incluye llamadas locales dentro del país de destino?,2026-02-05T20:00:00Z,1,0,Facturación y Tarifas,NEUTRO
Ugx_CLARO_RO_00466,CLARO_ROAMING_PLANES,Viaja Conectado con Claro Roaming Sin Fronteras en USA y LATAM,Claro República Dominicana,alex_dev_rd_925,Buen ancho de banda y la subida simétrica me ayuda un mundo para subir videos a YouTube.,2026-02-05T20:04:58Z,1,7,Planes y Promociones,POSITIVO
Ugx_CLARO_FA_01081,CLARO_FACTURACION_TUTORIAL,Conoce cómo entender tu Factura Electrónica Claro,Claro República Dominicana,carlos_m_rd_255,El internet se cae todos los fines de semana por la noche. Muy inestable.,2026-02-05T21:57:41Z,0,0,Facturación y Tarifas,NEGATIVO
Ugx_CLARO_AP_00293,CLARO_APP_MICLARO,"Gestiona tus Servicios, Paga tu Factura y Compra Paqueticos con Mi Claro",Claro República Dominicana,jose_gaming_rd_209,Información sobre los requisitos para portabilidad numérica desde otra compañía por favor.,2026-02-06T00:20:56Z,0,1,Atención al Cliente y App,NEUTRO
Ugx_CLARO_RO_00519,CLARO_ROAMING_PLANES,Viaja Conectado con Claro Roaming Sin Fronteras en USA y LATAM,Claro República Dominicana,patricia_reyes_169,"El router que instalan es malísimo, a 5 metros ya no llega la señal de Wi-Fi.",2026-02-06T03:47:02Z,0,0,Planes y Promociones,NEGATIVO
Ugx_CLARO_RO_00719,CLARO_ROAMING_PLANES,Viaja Conectado con Claro Roaming Sin Fronteras en USA y LATAM,Claro República Dominicana,tecnico_rd23_988,"El 5G en el Distrito Nacional vuela, me dio más de 450 Mbps de bajada en el test.",2026-02-06T05:36:28Z,0,0,Planes y Promociones,POSITIVO
Ugx_CLARO_RO_00364,CLARO_ROAMING_PLANES,Viaja Conectado con Claro Roaming Sin Fronteras en USA y LATAM,Claro República Dominicana,pedro_perez_do_220,¿Cuándo estará disponible la cobertura de fibra óptica en la Urbanización Real?,2026-02-06T08:06:00Z,0,3,Planes y Promociones,NEUTRO
Ugx_CLARO_RO_00541,CLARO_ROAMING_PLANES,Viaja Conectado con Claro Roaming Sin Fronteras en USA y LATAM,Claro República Dominicana,jose_gaming_rd_470,Aumentaron la tarifa del plan pospago sin avisar previamente por correo o SMS. Un abuso.,2026-02-06T09:33:00Z,0,0,Planes y Promociones,NEGATIVO
Ugx_CLARO_AP_00878,CLARO_APP_MICLARO,"Gestiona tus Servicios, Paga tu Factura y Compra Paqueticos con Mi Claro",Claro República Dominicana,jose_gaming_rd_773,"Felicidades a Claro, el soporte telefónico me resolvió un cambio de clave de router súper rápido.",2026-02-06T09:37:00Z,0,0,Atención al Cliente y App,POSITIVO
Ugx_CLARO_FA_00942,CLARO_FACTURACION_TUTORIAL,Conoce cómo entender tu Factura Electrónica Claro,Claro República Dominicana,patricia_reyes_342,"Los técnicos vinieron, no revisaron la caja exterior y dijeron que todo estaba bien. Sigo sin internet.",2026-02-06T12:06:00Z,1,7,Facturación y Tarifas,NEGATIVO
Ugx_CLARO_SO_00394,CLARO_SOPORTE_TECNICO,Atención al Cliente 24/7 y Asistencia Técnica Virtual Claro RD,Claro República Dominicana,juan_bavaro_141,Tengo una duda con respecto al contrato de permanencia mínima de 18 meses.,2026-02-06T12:06:00Z,0,0,Atención al Cliente y Soporte,NEUTRO
Ugx_CLARO_SO_00883,CLARO_SOPORTE_TECNICO,Atención al Cliente 24/7 y Asistencia Técnica Virtual Claro RD,Claro República Dominicana,laura_santiago_651,Me están facturando un paquete de canales que cancelé hace dos meses. Qué desastre.,2026-02-06T13:19:00Z,1,0,Atención al Cliente y Soporte,NEGATIVO
Ugx_CLARO_SO_00275,CLARO_SOPORTE_TECNICO,Atención al Cliente 24/7 y Asistencia Técnica Virtual Claro RD,Claro República Dominicana,tecnico_rd23_762,"Buenas tardes, quisiera saber el precio actual del plan de 500 megas de fibra.",2026-02-06T14:20:00Z,0,0,Atención al Cliente y Soporte,NEUTRO
Ugx_CLARO_FA_00684,CLARO_FACTURACION_TUTORIAL,Conoce cómo entender tu Factura Electrónica Claro,Claro República Dominicana,jose_gaming_rd_478,"Excelente servicio con la fibra óptica simétrica, tengo 300 megas en Santiago y nunca se cae.",2026-02-06T14:23:00Z,8,0,Facturación y Tarifas,POSITIVO
Ugx_CLARO_SO_00799,CLARO_SOPORTE_TECNICO,Atención al Cliente 24/7 y Asistencia Técnica Virtual Claro RD,Claro República Dominicana,laura_santiago_262,Para mí es la empresa de telecomunicaciones más seria de República Dominicana. Servicio de calidad.,2026-02-06T14:58:00Z,32,1,Atención al Cliente y Soporte,POSITIVO
Ugx_CLARO_FA_00671,CLARO_FACTURACION_TUTORIAL,Conoce cómo entender tu Factura Electrónica Claro,Claro República Dominicana,ramon_santos_sd_865,Para mí es la empresa de telecomunicaciones más seria de República Dominicana. Servicio de calidad.,2026-02-06T15:31:04Z,0,7,Facturación y Tarifas,POSITIVO
Ugx_CLARO_SO_00751,CLARO_SOPORTE_TECNICO,Atención al Cliente 24/7 y Asistencia Técnica Virtual Claro RD,Claro República Dominicana,maria_jimenez_c_279,"Excelente promoción de paqueticos libres, rinden bastante bien en la semana.",2026-02-06T16:03:00Z,1,0,Atención al Cliente y Soporte,POSITIVO
Ugx_CLARO_FA_00966,CLARO_FACTURACION_TUTORIAL,Conoce cómo entender tu Factura Electrónica Claro,Claro República Dominicana,juan_bavaro_590,Aumentaron la tarifa del plan pospago sin avisar previamente por correo o SMS. Un abuso.,2026-02-06T16:07:00Z,0,1,Facturación y Tarifas,NEGATIVO
Ugx_CLARO_SO_00015,CLARO_SOPORTE_TECNICO,Atención al Cliente 24/7 y Asistencia Técnica Virtual Claro RD,Claro República Dominicana,gabriel_tech_650,¿En qué horario labora la sucursal de la 27 de Febrero los sábados?,2026-02-06T18:29:02Z,2,0,Atención al Cliente y Soporte,NEUTRO
Ugx_CLARO_FA_00909,CLARO_FACTURACION_TUTORIAL,Conoce cómo entender tu Factura Electrónica Claro,Claro República Dominicana,maria_jimenez_c_471,"El 5G en el Distrito Nacional vuela, me dio más de 450 Mbps de bajada en el test.",2026-02-06T18:39:03Z,1,0,Facturación y Tarifas,POSITIVO
Ugx_CLARO_SO_00798,CLARO_SOPORTE_TECNICO,Atención al Cliente 24/7 y Asistencia Técnica Virtual Claro RD,Claro República Dominicana,gabriel_tech_289,Alguien sabe si para solicitar el cambio de router cobran algún costo adicional?,2026-02-06T19:32:00Z,0,0,Atención al Cliente y Soporte,NEUTRO
Ugx_CLARO_FA_00055,CLARO_FACTURACION_TUTORIAL,Conoce cómo entender tu Factura Electrónica Claro,Claro República Dominicana,juan_bavaro_470,"El roaming en Estados Unidos me funcionó perfecto, sin cobros raros ni sorpresas en la factura.",2026-02-06T19:55:00Z,8,0,Facturación y Tarifas,POSITIVO
Ugx_CLARO_SO_00053,CLARO_SOPORTE_TECNICO,Atención al Cliente 24/7 y Asistencia Técnica Virtual Claro RD,Claro República Dominicana,alex_dev_rd_485,"El router que instalan es malísimo, a 5 metros ya no llega la señal de Wi-Fi.",2026-02-06T20:44:00Z,5,0,Atención al Cliente y Soporte,NEGATIVO
Ugx_CLARO_SO_00897,CLARO_SOPORTE_TECNICO,Atención al Cliente 24/7 y Asistencia Técnica Virtual Claro RD,Claro República Dominicana,pedro_perez_do_20,"Muy satisfecho con la atención en la sucursal de Blue Mall, me atendieron con mucha amabilidad.",2026-02-06T21:00:00Z,0,0,Atención al Cliente y Soporte,POSITIVO
Ugx_CLARO_SO_00412,CLARO_SOPORTE_TECNICO,Atención al Cliente 24/7 y Asistencia Técnica Virtual Claro RD,Claro República Dominicana,gabriel_tech_597,Tengo una duda con respecto al contrato de permanencia mínima de 18 meses.,2026-02-07T03:14:25Z,0,0,Atención al Cliente y Soporte,NEUTRO
Ugx_CLARO_RO_00386,CLARO_ROAMING_PLANES,Viaja Conectado con Claro Roaming Sin Fronteras en USA y LATAM,Claro República Dominicana,luis_almonte_sti_429,¿El servicio de 5G requiere cambiar la tarjeta SIM o sirve la misma USIM 4G?,2026-02-07T07:31:36Z,1,0,Planes y Promociones,NEUTRO
Ugx_CLARO_RO_00159,CLARO_ROAMING_PLANES,Viaja Conectado con Claro Roaming Sin Fronteras en USA y LATAM,Claro República Dominicana,jose_gaming_rd_89,Aumentaron la tarifa del plan pospago sin avisar previamente por correo o SMS. Un abuso.,2026-02-07T11:08:00Z,0,0,Planes y Promociones,NEGATIVO
Ugx_CLARO_FA_00213,CLARO_FACTURACION_TUTORIAL,Conoce cómo entender tu Factura Electrónica Claro,Claro República Dominicana,alex_dev_rd_315,Tengo una duda con respecto al contrato de permanencia mínima de 18 meses.,2026-02-07T11:17:00Z,0,0,Facturación y Tarifas,NEUTRO
Ugx_CLARO_SO_00616,CLARO_SOPORTE_TECNICO,Atención al Cliente 24/7 y Asistencia Técnica Virtual Claro RD,Claro República Dominicana,alex_dev_rd_336,"Los técnicos vinieron, no revisaron la caja exterior y dijeron que todo estaba bien. Sigo sin internet.",2026-02-07T12:17:00Z,2,1,Atención al Cliente y Soporte,NEGATIVO
Ugx_CLARO_RO_00784,CLARO_ROAMING_PLANES,Viaja Conectado con Claro Roaming Sin Fronteras en USA y LATAM,Claro República Dominicana,gabriel_tech_182,"Pésimo servicio al cliente, llevo 3 días esperando que me reparen una avería de internet en Herrera.",2026-02-07T12:44:00Z,12,0,Planes y Promociones,NEGATIVO
Ugx_CLARO_SO_00530,CLARO_SOPORTE_TECNICO,Atención al Cliente 24/7 y Asistencia Técnica Virtual Claro RD,Claro República Dominicana,tecnico_rd23_814,"Excelente servicio con la fibra óptica simétrica, tengo 300 megas en Santiago y nunca se cae.",2026-02-07T13:26:00Z,0,1,Atención al Cliente y Soporte,POSITIVO
Ugx_CLARO_AP_00393,CLARO_APP_MICLARO,"Gestiona tus Servicios, Paga tu Factura y Compra Paqueticos con Mi Claro",Claro República Dominicana,elena_gomez_rd_237,¿A qué número se puede consultar el balance disponible de paqueticos por mensaje?,2026-02-07T13:46:00Z,0,0,Atención al Cliente y App,NEUTRO
Ugx_CLARO_RO_00425,CLARO_ROAMING_PLANES,Viaja Conectado con Claro Roaming Sin Fronteras en USA y LATAM,Claro República Dominicana,juan_bavaro_983,"Muy satisfecho con la atención en la sucursal de Blue Mall, me atendieron con mucha amabilidad.",2026-02-07T18:42:00Z,0,0,Planes y Promociones,POSITIVO
Ugx_CLARO_RO_01082,CLARO_ROAMING_PLANES,Viaja Conectado con Claro Roaming Sin Fronteras en USA y LATAM,Claro República Dominicana,carlos_m_rd_256,Llamar al 107 es perder una hora de la vida escuchando una música y nadie resuelve.,2026-02-07T18:59:00Z,1,0,Planes y Promociones,NEGATIVO
Ugx_CLARO_SO_00672,CLARO_SOPORTE_TECNICO,Atención al Cliente 24/7 y Asistencia Técnica Virtual Claro RD,Claro República Dominicana,patricia_reyes_187,El internet se cae todos los fines de semana por la noche. Muy inestable.,2026-02-07T20:02:00Z,28,0,Atención al Cliente y Soporte,NEGATIVO
Ugx_CLARO_AP_00903,CLARO_APP_MICLARO,"Gestiona tus Servicios, Paga tu Factura y Compra Paqueticos con Mi Claro",Claro República Dominicana,tecnico_rd23_818,Tenía problemas de cobertura con otra telefónica y me cambié a Claro. Santo remedio.,2026-02-07T21:34:00Z,0,0,Atención al Cliente y App,POSITIVO
Ugx_CLARO_SO_00216,CLARO_SOPORTE_TECNICO,Atención al Cliente 24/7 y Asistencia Técnica Virtual Claro RD,Claro República Dominicana,tecnico_rd23_965,"La velocidad contratada de 100 megas nunca llega completa, apenas marca 30 en Speedtest.",2026-02-07T21:34:00Z,1,0,Atención al Cliente y Soporte,NEGATIVO
Ugx_CLARO_FA_01030,CLARO_FACTURACION_TUTORIAL,Conoce cómo entender tu Factura Electrónica Claro,Claro República Dominicana,alex_dev_rd_23,El internet se cae todos los fines de semana por la noche. Muy inestable.,2026-02-08T05:39:47Z,2,1,Facturación y Tarifas,NEGATIVO
Ugx_CLARO_AP_01232,CLARO_APP_MICLARO,"Gestiona tus Servicios, Paga tu Factura y Compra Paqueticos con Mi Claro",Claro República Dominicana,jose_gaming_rd_242,Esperando que extiendan la fibra óptica a la provincia de La Vega.,2026-02-08T09:26:58Z,0,0,Atención al Cliente y App,NEUTRO
Ugx_CLARO_SO_00228,CLARO_SOPORTE_TECNICO,Atención al Cliente 24/7 y Asistencia Técnica Virtual Claro RD,Claro República Dominicana,jose_gaming_rd_475,"El roaming en Estados Unidos me funcionó perfecto, sin cobros raros ni sorpresas en la factura.",2026-02-08T10:30:00Z,0,0,Atención al Cliente y Soporte,POSITIVO
Ugx_CLARO_SO_00622,CLARO_SOPORTE_TECNICO,Atención al Cliente 24/7 y Asistencia Técnica Virtual Claro RD,Claro República Dominicana,claudia_mella_641,"Felicidades a Claro, el soporte telefónico me resolvió un cambio de clave de router súper rápido.",2026-02-08T10:55:00Z,0,0,Atención al Cliente y Soporte,POSITIVO
Ugx_CLARO_SO_00937,CLARO_SOPORTE_TECNICO,Atención al Cliente 24/7 y Asistencia Técnica Virtual Claro RD,Claro República Dominicana,ana_valdez_sd_214,"Pésimo servicio al cliente, llevo 3 días esperando que me reparen una avería de internet en Herrera.",2026-02-08T13:58:00Z,1,0,Atención al Cliente y Soporte,NEGATIVO
Ugx_CLARO_SO_00571,CLARO_SOPORTE_TECNICO,Atención al Cliente 24/7 y Asistencia Técnica Virtual Claro RD,Claro República Dominicana,elena_gomez_rd_111,Tengo una duda con respecto al contrato de permanencia mínima de 18 meses.,2026-02-08T14:32:00Z,1,2,Atención al Cliente y Soporte,NEUTRO
Ugx_CLARO_RO_01148,CLARO_ROAMING_PLANES,Viaja Conectado con Claro Roaming Sin Fronteras en USA y LATAM,Claro República Dominicana,luis_almonte_sti_511,¿A qué número se puede consultar el balance disponible de paqueticos por mensaje?,2026-02-08T17:30:00Z,0,3,Planes y Promociones,NEUTRO
Ugx_CLARO_RO_01167,CLARO_ROAMING_PLANES,Viaja Conectado con Claro Roaming Sin Fronteras en USA y LATAM,Claro República Dominicana,pedro_perez_do_519,Llevo 8 años con Claro y la estabilidad del internet para trabajar remoto es incomparable.,2026-02-08T18:09:00Z,1,0,Planes y Promociones,POSITIVO
Ugx_CLARO_SO_00356,CLARO_SOPORTE_TECNICO,Atención al Cliente 24/7 y Asistencia Técnica Virtual Claro RD,Claro República Dominicana,gabriel_tech_189,Esperando que extiendan la fibra óptica a la provincia de La Vega.,2026-02-08T18:37:00Z,0,0,Atención al Cliente y Soporte,NEUTRO
Ugx_CLARO_RO_00820,CLARO_ROAMING_PLANES,Viaja Conectado con Claro Roaming Sin Fronteras en USA y LATAM,Claro República Dominicana,alex_dev_rd_29,¿Cuándo estará disponible la cobertura de fibra óptica en la Urbanización Real?,2026-02-08T19:03:00Z,0,0,Planes y Promociones,NEUTRO
Ugx_CLARO_RO_00504,CLARO_ROAMING_PLANES,Viaja Conectado con Claro Roaming Sin Fronteras en USA y LATAM,Claro República Dominicana,jose_gaming_rd_65,Esperando que extiendan la fibra óptica a la provincia de La Vega.,2026-02-08T20:36:00Z,0,0,Planes y Promociones,NEUTRO
Ugx_CLARO_FA_00711,CLARO_FACTURACION_TUTORIAL,Conoce cómo entender tu Factura Electrónica Claro,Claro República Dominicana,ramon_santos_sd_294,Aumentaron la tarifa del plan pospago sin avisar previamente por correo o SMS. Un abuso.,2026-02-08T20:59:00Z,0,0,Facturación y Tarifas,NEGATIVO
Ugx_CLARO_SO_00668,CLARO_SOPORTE_TECNICO,Atención al Cliente 24/7 y Asistencia Técnica Virtual Claro RD,Claro República Dominicana,carlos_m_rd_763,"Felicidades a Claro, el soporte telefónico me resolvió un cambio de clave de router súper rápido.",2026-02-08T22:04:00Z,8,0,Atención al Cliente y Soporte,POSITIVO
Ugx_CLARO_FA_00236,CLARO_FACTURACION_TUTORIAL,Conoce cómo entender tu Factura Electrónica Claro,Claro República Dominicana,laura_santiago_192,"Muy mal soporte técnico por WhatsApp, un bot que repite lo mismo y no transfiere a un humano.",2026-02-09T04:50:31Z,28,7,Facturación y Tarifas,NEGATIVO
Ugx_CLARO_AP_00758,CLARO_APP_MICLARO,"Gestiona tus Servicios, Paga tu Factura y Compra Paqueticos con Mi Claro",Claro República Dominicana,luis_almonte_sti_877,Dicen que es fibra simétrica pero el ping sube a 200ms en las noches en San Cristóbal. Muy lento.,2026-02-09T07:20:44Z,0,3,Atención al Cliente y App,NEGATIVO
Ugx_CLARO_SO_01220,CLARO_SOPORTE_TECNICO,Atención al Cliente 24/7 y Asistencia Técnica Virtual Claro RD,Claro República Dominicana,claudia_mella_150,"La cobertura de Claro en carretera y pueblos es la mejor del país por mucho, ninguna otra compañía llega allá.",2026-02-09T09:13:00Z,0,1,Atención al Cliente y Soporte,POSITIVO
Ugx_CLARO_RO_00760,CLARO_ROAMING_PLANES,Viaja Conectado con Claro Roaming Sin Fronteras en USA y LATAM,Claro República Dominicana,ramon_santos_sd_553,"La cobertura de Claro en carretera y pueblos es la mejor del país por mucho, ninguna otra compañía llega allá.",2026-02-09T09:36:00Z,1,0,Planes y Promociones,POSITIVO
Ugx_CLARO_RO_00348,CLARO_ROAMING_PLANES,Viaja Conectado con Claro Roaming Sin Fronteras en USA y LATAM,Claro República Dominicana,pedro_perez_do_621,Tengo una duda con respecto al contrato de permanencia mínima de 18 meses.,2026-02-09T10:01:00Z,1,0,Planes y Promociones,NEUTRO
Ugx_CLARO_FA_01195,CLARO_FACTURACION_TUTORIAL,Conoce cómo entender tu Factura Electrónica Claro,Claro República Dominicana,pedro_perez_do_612,Instalaron la fibra en menos de 48 horas en Bella Vista. Muy puntuales los técnicos.,2026-02-09T10:44:00Z,1,3,Facturación y Tarifas,POSITIVO
Ugx_CLARO_RO_00574,CLARO_ROAMING_PLANES,Viaja Conectado con Claro Roaming Sin Fronteras en USA y LATAM,Claro República Dominicana,pedro_perez_do_928,"Pésimo servicio al cliente, llevo 3 días esperando que me reparen una avería de internet en Herrera.",2026-02-09T11:09:00Z,1,0,Planes y Promociones,NEGATIVO
Ugx_CLARO_SO_00655,CLARO_SOPORTE_TECNICO,Atención al Cliente 24/7 y Asistencia Técnica Virtual Claro RD,Claro República Dominicana,luis_almonte_sti_968,Tenía problemas de cobertura con otra telefónica y me cambié a Claro. Santo remedio.,2026-02-09T12:29:00Z,1,0,Atención al Cliente y Soporte,POSITIVO
Ugx_CLARO_SO_01047,CLARO_SOPORTE_TECNICO,Atención al Cliente 24/7 y Asistencia Técnica Virtual Claro RD,Claro República Dominicana,ana_valdez_sd_313,"La velocidad contratada de 100 megas nunca llega completa, apenas marca 30 en Speedtest.",2026-02-09T12:54:00Z,2,0,Atención al Cliente y Soporte,NEGATIVO
Ugx_CLARO_SO_00890,CLARO_SOPORTE_TECNICO,Atención al Cliente 24/7 y Asistencia Técnica Virtual Claro RD,Claro República Dominicana,juan_bavaro_752,"El router que instalan es malísimo, a 5 metros ya no llega la señal de Wi-Fi.",2026-02-09T13:26:00Z,5,0,Atención al Cliente y Soporte,NEGATIVO
Ugx_CLARO_AP_00344,CLARO_APP_MICLARO,"Gestiona tus Servicios, Paga tu Factura y Compra Paqueticos con Mi Claro",Claro República Dominicana,carlos_m_rd_401,"En la zona de Bávaro la señal 5G casi no entra, se queda en 3G o sin servicio a cada rato.",2026-02-09T14:22:53Z,0,0,Atención al Cliente y App,NEGATIVO
Ugx_CLARO_SO_00088,CLARO_SOPORTE_TECNICO,Atención al Cliente 24/7 y Asistencia Técnica Virtual Claro RD,Claro República Dominicana,juan_bavaro_458,¿En qué horario labora la sucursal de la 27 de Febrero los sábados?,2026-02-09T16:34:00Z,0,0,Atención al Cliente y Soporte,NEUTRO
Ugx_CLARO_RO_00209,CLARO_ROAMING_PLANES,Viaja Conectado con Claro Roaming Sin Fronteras en USA y LATAM,Claro República Dominicana,ramon_santos_sd_602,"La velocidad contratada de 100 megas nunca llega completa, apenas marca 30 en Speedtest.",2026-02-09T18:50:00Z,2,0,Planes y Promociones,NEGATIVO
Ugx_CLARO_SO_00380,CLARO_SOPORTE_TECNICO,Atención al Cliente 24/7 y Asistencia Técnica Virtual Claro RD,Claro República Dominicana,patricia_reyes_671,"Es una pesadilla cancelar una línea fija, te ponen mil trabas y trámites innecesarios.",2026-02-09T19:26:00Z,0,0,Atención al Cliente y Soporte,NEGATIVO
Ugx_CLARO_RO_00300,CLARO_ROAMING_PLANES,Viaja Conectado con Claro Roaming Sin Fronteras en USA y LATAM,Claro República Dominicana,claudia_mella_705,"Muy buena actualización de la app Mi Claro, ahora puedo pagar con tarjeta y se refleja de una vez.",2026-02-09T21:32:00Z,15,1,Planes y Promociones,POSITIVO
Ugx_CLARO_SO_00999,CLARO_SOPORTE_TECNICO,Atención al Cliente 24/7 y Asistencia Técnica Virtual Claro RD,Claro República Dominicana,jose_gaming_rd_892,Alguien sabe si para solicitar el cambio de router cobran algún costo adicional?,2026-02-09T23:58:41Z,1,0,Atención al Cliente y Soporte,NEUTRO
Ugx_CLARO_RO_00411,CLARO_ROAMING_PLANES,Viaja Conectado con Claro Roaming Sin Fronteras en USA y LATAM,Claro República Dominicana,alex_dev_rd_518,Dicen que es fibra simétrica pero el ping sube a 200ms en las noches en San Cristóbal. Muy lento.,2026-02-10T10:02:00Z,5,2,Planes y Promociones,NEGATIVO
Ugx_CLARO_FA_00109,CLARO_FACTURACION_TUTORIAL,Conoce cómo entender tu Factura Electrónica Claro,Claro República Dominicana,gabriel_tech_504,Información sobre los requisitos para portabilidad numérica desde otra compañía por favor.,2026-02-10T11:24:00Z,0,0,Facturación y Tarifas,NEUTRO
Ugx_CLARO_FA_00007,CLARO_FACTURACION_TUTORIAL,Conoce cómo entender tu Factura Electrónica Claro,Claro República Dominicana,ana_valdez_sd_696,"Muy mal soporte técnico por WhatsApp, un bot que repite lo mismo y no transfiere a un humano.",2026-02-10T13:28:40Z,5,0,Facturación y Tarifas,NEGATIVO
Ugx_CLARO_SO_00196,CLARO_SOPORTE_TECNICO,Atención al Cliente 24/7 y Asistencia Técnica Virtual Claro RD,Claro República Dominicana,elena_gomez_rd_71,Tenía problemas de cobertura con otra telefónica y me cambié a Claro. Santo remedio.,2026-02-10T15:04:00Z,15,0,Atención al Cliente y Soporte,POSITIVO
Ugx_CLARO_RO_00955,CLARO_ROAMING_PLANES,Viaja Conectado con Claro Roaming Sin Fronteras en USA y LATAM,Claro República Dominicana,maria_jimenez_c_585,"Excelente promoción de paqueticos libres, rinden bastante bien en la semana.",2026-02-10T15:18:00Z,1,0,Planes y Promociones,POSITIVO
Ugx_CLARO_FA_01103,CLARO_FACTURACION_TUTORIAL,Conoce cómo entender tu Factura Electrónica Claro,Claro República Dominicana,claudia_mella_719,"Excelente promoción de paqueticos libres, rinden bastante bien en la semana.",2026-02-10T15:54:10Z,1,0,Facturación y Tarifas,POSITIVO
Ugx_CLARO_SO_01108,CLARO_SOPORTE_TECNICO,Atención al Cliente 24/7 y Asistencia Técnica Virtual Claro RD,Claro República Dominicana,gabriel_tech_137,"Excelente servicio con la fibra óptica simétrica, tengo 300 megas en Santiago y nunca se cae.",2026-02-10T16:52:00Z,0,0,Atención al Cliente y Soporte,POSITIVO
Ugx_CLARO_RO_00608,CLARO_ROAMING_PLANES,Viaja Conectado con Claro Roaming Sin Fronteras en USA y LATAM,Claro República Dominicana,luis_almonte_sti_333,Esperando que extiendan la fibra óptica a la provincia de La Vega.,2026-02-10T17:46:00Z,1,0,Planes y Promociones,NEUTRO
Ugx_CLARO_RO_00743,CLARO_ROAMING_PLANES,Viaja Conectado con Claro Roaming Sin Fronteras en USA y LATAM,Claro República Dominicana,ramon_santos_sd_740,¿A qué número se puede consultar el balance disponible de paqueticos por mensaje?,2026-02-10T18:10:19Z,0,1,Planes y Promociones,NEUTRO
Ugx_CLARO_RO_00494,CLARO_ROAMING_PLANES,Viaja Conectado con Claro Roaming Sin Fronteras en USA y LATAM,Claro República Dominicana,alex_dev_rd_946,"Pésimo servicio al cliente, llevo 3 días esperando que me reparen una avería de internet en Herrera.",2026-02-10T19:53:00Z,2,0,Planes y Promociones,NEGATIVO
Ugx_CLARO_SO_00297,CLARO_SOPORTE_TECNICO,Atención al Cliente 24/7 y Asistencia Técnica Virtual Claro RD,Claro República Dominicana,juan_bavaro_279,"El 5G en el Distrito Nacional vuela, me dio más de 450 Mbps de bajada en el test.",2026-02-10T21:02:00Z,15,0,Atención al Cliente y Soporte,POSITIVO
Ugx_CLARO_AP_01207,CLARO_APP_MICLARO,"Gestiona tus Servicios, Paga tu Factura y Compra Paqueticos con Mi Claro",Claro República Dominicana,tecnico_rd23_418,"Los técnicos vinieron, no revisaron la caja exterior y dijeron que todo estaba bien. Sigo sin internet.",2026-02-10T22:15:17Z,0,0,Atención al Cliente y App,NEGATIVO
Ugx_CLARO_FA_00173,CLARO_FACTURACION_TUTORIAL,Conoce cómo entender tu Factura Electrónica Claro,Claro República Dominicana,ramon_santos_sd_79,La app Mi Claro vive con errores y se cierra sola cuando voy a pagar la factura.,2026-02-11T00:35:28Z,45,0,Facturación y Tarifas,NEGATIVO
Ugx_CLARO_SO_00517,CLARO_SOPORTE_TECNICO,Atención al Cliente 24/7 y Asistencia Técnica Virtual Claro RD,Claro República Dominicana,elena_gomez_rd_250,"Felicidades a Claro, el soporte telefónico me resolvió un cambio de clave de router súper rápido.",2026-02-11T00:50:27Z,0,0,Atención al Cliente y Soporte,POSITIVO
Ugx_CLARO_SO_00182,CLARO_SOPORTE_TECNICO,Atención al Cliente 24/7 y Asistencia Técnica Virtual Claro RD,Claro República Dominicana,laura_santiago_251,"Pésimo servicio al cliente, llevo 3 días esperando que me reparen una avería de internet en Herrera.",2026-02-11T01:16:01Z,0,1,Atención al Cliente y Soporte,NEGATIVO
Ugx_CLARO_SO_00643,CLARO_SOPORTE_TECNICO,Atención al Cliente 24/7 y Asistencia Técnica Virtual Claro RD,Claro República Dominicana,alex_dev_rd_88,Información sobre los requisitos para portabilidad numérica desde otra compañía por favor.,2026-02-11T03:00:14Z,0,1,Atención al Cliente y Soporte,NEUTRO
Ugx_CLARO_RO_00385,CLARO_ROAMING_PLANES,Viaja Conectado con Claro Roaming Sin Fronteras en USA y LATAM,Claro República Dominicana,carlos_m_rd_405,"Muy buena actualización de la app Mi Claro, ahora puedo pagar con tarjeta y se refleja de una vez.",2026-02-11T03:17:27Z,0,0,Planes y Promociones,POSITIVO
Ugx_CLARO_RO_00632,CLARO_ROAMING_PLANES,Viaja Conectado con Claro Roaming Sin Fronteras en USA y LATAM,Claro República Dominicana,gabriel_tech_41,¿Cuándo estará disponible la cobertura de fibra óptica en la Urbanización Real?,2026-02-11T03:59:38Z,1,0,Planes y Promociones,NEUTRO
Ugx_CLARO_AP_00853,CLARO_APP_MICLARO,"Gestiona tus Servicios, Paga tu Factura y Compra Paqueticos con Mi Claro",Claro República Dominicana,luis_almonte_sti_481,Esperando que extiendan la fibra óptica a la provincia de La Vega.,2026-02-11T05:02:36Z,1,1,Atención al Cliente y App,NEUTRO
Ugx_CLARO_RO_00940,CLARO_ROAMING_PLANES,Viaja Conectado con Claro Roaming Sin Fronteras en USA y LATAM,Claro República Dominicana,maria_jimenez_c_679,La app Mi Claro vive con errores y se cierra sola cuando voy a pagar la factura.,2026-02-11T10:00:00Z,0,0,Planes y Promociones,NEGATIVO
Ugx_CLARO_SO_00288,CLARO_SOPORTE_TECNICO,Atención al Cliente 24/7 y Asistencia Técnica Virtual Claro RD,Claro República Dominicana,laura_santiago_278,Alguien sabe si para solicitar el cambio de router cobran algún costo adicional?,2026-02-11T11:29:00Z,0,0,Atención al Cliente y Soporte,NEUTRO
Ugx_CLARO_SO_00650,CLARO_SOPORTE_TECNICO,Atención al Cliente 24/7 y Asistencia Técnica Virtual Claro RD,Claro República Dominicana,ramon_santos_sd_110,Alguien sabe si para solicitar el cambio de router cobran algún costo adicional?,2026-02-11T12:17:00Z,1,0,Atención al Cliente y Soporte,NEUTRO
Ugx_CLARO_SO_00939,CLARO_SOPORTE_TECNICO,Atención al Cliente 24/7 y Asistencia Técnica Virtual Claro RD,Claro República Dominicana,ana_valdez_sd_649,Me cobraron un cargo por reconexión que nunca solicité. Facturación no me da respuesta.,2026-02-11T16:40:00Z,0,0,Atención al Cliente y Soporte,NEGATIVO
Ugx_CLARO_FA_00304,CLARO_FACTURACION_TUTORIAL,Conoce cómo entender tu Factura Electrónica Claro,Claro República Dominicana,gabriel_tech_74,"Pésimo servicio al cliente, llevo 3 días esperando que me reparen una avería de internet en Herrera.",2026-02-11T16:41:29Z,5,1,Facturación y Tarifas,NEGATIVO
Ugx_CLARO_SO_00781,CLARO_SOPORTE_TECNICO,Atención al Cliente 24/7 y Asistencia Técnica Virtual Claro RD,Claro República Dominicana,laura_santiago_171,Tenía problemas de cobertura con otra telefónica y me cambié a Claro. Santo remedio.,2026-02-11T17:05:00Z,0,0,Atención al Cliente y Soporte,POSITIVO
Ugx_CLARO_FA_00889,CLARO_FACTURACION_TUTORIAL,Conoce cómo entender tu Factura Electrónica Claro,Claro República Dominicana,laura_santiago_115,Información sobre los requisitos para portabilidad numérica desde otra compañía por favor.,2026-02-11T17:12:00Z,0,0,Facturación y Tarifas,NEUTRO
Ugx_CLARO_FA_01179,CLARO_FACTURACION_TUTORIAL,Conoce cómo entender tu Factura Electrónica Claro,Claro República Dominicana,juan_bavaro_372,Cobran carísimo por megas adicionales y los paqueticos se consumen demasiado rápido.,2026-02-11T18:20:36Z,1,0,Facturación y Tarifas,NEGATIVO
Ugx_CLARO_RO_01242,CLARO_ROAMING_PLANES,Viaja Conectado con Claro Roaming Sin Fronteras en USA y LATAM,Claro República Dominicana,elena_gomez_rd_256,Llamar al 107 es perder una hora de la vida escuchando una música y nadie resuelve.,2026-02-11T19:07:00Z,0,0,Planes y Promociones,NEGATIVO
Ugx_CLARO_FA_00874,CLARO_FACTURACION_TUTORIAL,Conoce cómo entender tu Factura Electrónica Claro,Claro República Dominicana,maria_jimenez_c_191,"Muy buena actualización de la app Mi Claro, ahora puedo pagar con tarjeta y se refleja de una vez.",2026-02-11T21:53:35Z,15,1,Facturación y Tarifas,POSITIVO
Ugx_CLARO_AP_00152,CLARO_APP_MICLARO,"Gestiona tus Servicios, Paga tu Factura y Compra Paqueticos con Mi Claro",Claro República Dominicana,maria_jimenez_c_483,"Es una pesadilla cancelar una línea fija, te ponen mil trabas y trámites innecesarios.",2026-02-11T22:23:30Z,28,0,Atención al Cliente y App,NEGATIVO
Ugx_CLARO_SO_00870,CLARO_SOPORTE_TECNICO,Atención al Cliente 24/7 y Asistencia Técnica Virtual Claro RD,Claro República Dominicana,pedro_perez_do_660,Llevo 8 años con Claro y la estabilidad del internet para trabajar remoto es incomparable.,2026-02-11T22:43:00Z,8,0,Atención al Cliente y Soporte,POSITIVO
Ugx_CLARO_AP_00389,CLARO_APP_MICLARO,"Gestiona tus Servicios, Paga tu Factura y Compra Paqueticos con Mi Claro",Claro República Dominicana,luis_almonte_sti_999,"Muy satisfecho con la atención en la sucursal de Blue Mall, me atendieron con mucha amabilidad.",2026-02-12T00:16:03Z,1,1,Atención al Cliente y App,POSITIVO
Ugx_CLARO_FA_00974,CLARO_FACTURACION_TUTORIAL,Conoce cómo entender tu Factura Electrónica Claro,Claro República Dominicana,gabriel_tech_56,Tenía problemas de cobertura con otra telefónica y me cambié a Claro. Santo remedio.,2026-02-12T00:36:19Z,0,3,Facturación y Tarifas,POSITIVO
Ugx_CLARO_SO_00995,CLARO_SOPORTE_TECNICO,Atención al Cliente 24/7 y Asistencia Técnica Virtual Claro RD,Claro República Dominicana,laura_santiago_94,Buen ancho de banda y la subida simétrica me ayuda un mundo para subir videos a YouTube.,2026-02-12T08:07:00Z,0,0,Atención al Cliente y Soporte,POSITIVO
Ugx_CLARO_AP_00326,CLARO_APP_MICLARO,"Gestiona tus Servicios, Paga tu Factura y Compra Paqueticos con Mi Claro",Claro República Dominicana,carlos_m_rd_55,"El router que instalan es malísimo, a 5 metros ya no llega la señal de Wi-Fi.",2026-02-12T08:18:57Z,0,1,Atención al Cliente y App,NEGATIVO
Ugx_CLARO_SO_00669,CLARO_SOPORTE_TECNICO,Atención al Cliente 24/7 y Asistencia Técnica Virtual Claro RD,Claro República Dominicana,carlos_m_rd_186,"La velocidad contratada de 100 megas nunca llega completa, apenas marca 30 en Speedtest.",2026-02-12T08:50:08Z,12,0,Atención al Cliente y Soporte,NEGATIVO
Ugx_CLARO_RO_00485,CLARO_ROAMING_PLANES,Viaja Conectado con Claro Roaming Sin Fronteras en USA y LATAM,Claro República Dominicana,maria_jimenez_c_677,"Excelente promoción de paqueticos libres, rinden bastante bien en la semana.",2026-02-12T09:09:00Z,0,0,Planes y Promociones,POSITIVO
Ugx_CLARO_RO_01065,CLARO_ROAMING_PLANES,Viaja Conectado con Claro Roaming Sin Fronteras en USA y LATAM,Claro República Dominicana,pedro_perez_do_906,Me cobraron un cargo por reconexión que nunca solicité. Facturación no me da respuesta.,2026-02-12T10:58:46Z,2,0,Planes y Promociones,NEGATIVO
Ugx_CLARO_FA_00729,CLARO_FACTURACION_TUTORIAL,Conoce cómo entender tu Factura Electrónica Claro,Claro República Dominicana,pedro_perez_do_152,"La cobertura de Claro en carretera y pueblos es la mejor del país por mucho, ninguna otra compañía llega allá.",2026-02-12T12:44:00Z,0,1,Facturación y Tarifas,POSITIVO
Ugx_CLARO_SO_00701,CLARO_SOPORTE_TECNICO,Atención al Cliente 24/7 y Asistencia Técnica Virtual Claro RD,Claro República Dominicana,elena_gomez_rd_670,La app Mi Claro vive con errores y se cierra sola cuando voy a pagar la factura.,2026-02-12T14:28:00Z,28,0,Atención al Cliente y Soporte,NEGATIVO
Ugx_CLARO_SO_00076,CLARO_SOPORTE_TECNICO,Atención al Cliente 24/7 y Asistencia Técnica Virtual Claro RD,Claro República Dominicana,alex_dev_rd_348,"Muy mal soporte técnico por WhatsApp, un bot que repite lo mismo y no transfiere a un humano.",2026-02-12T14:47:00Z,1,0,Atención al Cliente y Soporte,NEGATIVO
Ugx_CLARO_SO_00335,CLARO_SOPORTE_TECNICO,Atención al Cliente 24/7 y Asistencia Técnica Virtual Claro RD,Claro República Dominicana,ana_valdez_sd_308,Alguien sabe si para solicitar el cambio de router cobran algún costo adicional?,2026-02-12T15:50:14Z,0,0,Atención al Cliente y Soporte,NEUTRO
Ugx_CLARO_SO_00611,CLARO_SOPORTE_TECNICO,Atención al Cliente 24/7 y Asistencia Técnica Virtual Claro RD,Claro República Dominicana,tecnico_rd23_231,¿Cuándo estará disponible la cobertura de fibra óptica en la Urbanización Real?,2026-02-12T15:53:00Z,0,0,Atención al Cliente y Soporte,NEUTRO
Ugx_CLARO_SO_00323,CLARO_SOPORTE_TECNICO,Atención al Cliente 24/7 y Asistencia Técnica Virtual Claro RD,Claro República Dominicana,ramon_santos_sd_852,"Pésimo servicio al cliente, llevo 3 días esperando que me reparen una avería de internet en Herrera.",2026-02-12T16:33:00Z,2,0,Atención al Cliente y Soporte,NEGATIVO
Ugx_CLARO_SO_00503,CLARO_SOPORTE_TECNICO,Atención al Cliente 24/7 y Asistencia Técnica Virtual Claro RD,Claro República Dominicana,juan_bavaro_929,"Excelente servicio con la fibra óptica simétrica, tengo 300 megas en Santiago y nunca se cae.",2026-02-12T17:20:00Z,3,7,Atención al Cliente y Soporte,POSITIVO
Ugx_CLARO_SO_00427,CLARO_SOPORTE_TECNICO,Atención al Cliente 24/7 y Asistencia Técnica Virtual Claro RD,Claro República Dominicana,carlos_m_rd_928,Aumentaron la tarifa del plan pospago sin avisar previamente por correo o SMS. Un abuso.,2026-02-12T19:06:00Z,0,0,Atención al Cliente y Soporte,NEGATIVO
Ugx_CLARO_FA_00927,CLARO_FACTURACION_TUTORIAL,Conoce cómo entender tu Factura Electrónica Claro,Claro República Dominicana,elena_gomez_rd_821,"Excelente servicio con la fibra óptica simétrica, tengo 300 megas en Santiago y nunca se cae.",2026-02-12T19:53:00Z,1,0,Facturación y Tarifas,POSITIVO
Ugx_CLARO_SO_00621,CLARO_SOPORTE_TECNICO,Atención al Cliente 24/7 y Asistencia Técnica Virtual Claro RD,Claro República Dominicana,laura_santiago_842,Alguien sabe si para solicitar el cambio de router cobran algún costo adicional?,2026-02-12T20:40:21Z,2,1,Atención al Cliente y Soporte,NEUTRO
Ugx_CLARO_FA_00487,CLARO_FACTURACION_TUTORIAL,Conoce cómo entender tu Factura Electrónica Claro,Claro República Dominicana,maria_jimenez_c_763,Cobran carísimo por megas adicionales y los paqueticos se consumen demasiado rápido.,2026-02-12T20:45:00Z,1,0,Facturación y Tarifas,NEGATIVO
Ugx_CLARO_SO_00215,CLARO_SOPORTE_TECNICO,Atención al Cliente 24/7 y Asistencia Técnica Virtual Claro RD,Claro República Dominicana,jose_gaming_rd_307,El internet se cae todos los fines de semana por la noche. Muy inestable.,2026-02-12T20:51:00Z,1,0,Atención al Cliente y Soporte,NEGATIVO
Ugx_CLARO_RO_00482,CLARO_ROAMING_PLANES,Viaja Conectado con Claro Roaming Sin Fronteras en USA y LATAM,Claro República Dominicana,elena_gomez_rd_552,"Excelente servicio con la fibra óptica simétrica, tengo 300 megas en Santiago y nunca se cae.",2026-02-12T21:02:00Z,8,0,Planes y Promociones,POSITIVO
Ugx_CLARO_AP_00726,CLARO_APP_MICLARO,"Gestiona tus Servicios, Paga tu Factura y Compra Paqueticos con Mi Claro",Claro República Dominicana,carlos_m_rd_150,Me están facturando un paquete de canales que cancelé hace dos meses. Qué desastre.,2026-02-12T21:09:00Z,2,0,Atención al Cliente y App,NEGATIVO
Ugx_CLARO_FA_00235,CLARO_FACTURACION_TUTORIAL,Conoce cómo entender tu Factura Electrónica Claro,Claro República Dominicana,juan_bavaro_900,La app Mi Claro vive con errores y se cierra sola cuando voy a pagar la factura.,2026-02-12T22:24:00Z,0,2,Facturación y Tarifas,NEGATIVO
Ugx_CLARO_RO_00350,CLARO_ROAMING_PLANES,Viaja Conectado con Claro Roaming Sin Fronteras en USA y LATAM,Claro República Dominicana,gabriel_tech_187,¿Cuándo estará disponible la cobertura de fibra óptica en la Urbanización Real?,2026-02-12T22:53:00Z,1,0,Planes y Promociones,NEUTRO
Ugx_CLARO_SO_00034,CLARO_SOPORTE_TECNICO,Atención al Cliente 24/7 y Asistencia Técnica Virtual Claro RD,Claro República Dominicana,tecnico_rd23_128,Tenía problemas de cobertura con otra telefónica y me cambié a Claro. Santo remedio.,2026-02-13T03:46:17Z,3,2,Atención al Cliente y Soporte,POSITIVO
Ugx_CLARO_FA_01191,CLARO_FACTURACION_TUTORIAL,Conoce cómo entender tu Factura Electrónica Claro,Claro República Dominicana,tecnico_rd23_44,"Buenas tardes, quisiera saber el precio actual del plan de 500 megas de fibra.",2026-02-13T08:37:00Z,0,0,Facturación y Tarifas,NEUTRO
Ugx_CLARO_SO_00287,CLARO_SOPORTE_TECNICO,Atención al Cliente 24/7 y Asistencia Técnica Virtual Claro RD,Claro República Dominicana,ana_valdez_sd_220,El ping en juegos online como Valorant y Warzone me bajó a 35ms con la fibra. Nítido todo.,2026-02-13T08:45:00Z,0,0,Atención al Cliente y Soporte,POSITIVO
Ugx_CLARO_SO_01120,CLARO_SOPORTE_TECNICO,Atención al Cliente 24/7 y Asistencia Técnica Virtual Claro RD,Claro República Dominicana,elena_gomez_rd_143,"Buenas tardes, quisiera saber el precio actual del plan de 500 megas de fibra.",2026-02-13T08:47:00Z,0,7,Atención al Cliente y Soporte,NEUTRO
Ugx_CLARO_SO_00776,CLARO_SOPORTE_TECNICO,Atención al Cliente 24/7 y Asistencia Técnica Virtual Claro RD,Claro República Dominicana,maria_jimenez_c_959,"El router que instalan es malísimo, a 5 metros ya no llega la señal de Wi-Fi.",2026-02-13T08:58:00Z,2,3,Atención al Cliente y Soporte,NEGATIVO
Ugx_CLARO_FA_00989,CLARO_FACTURACION_TUTORIAL,Conoce cómo entender tu Factura Electrónica Claro,Claro República Dominicana,pedro_perez_do_780,Cobran carísimo por megas adicionales y los paqueticos se consumen demasiado rápido.,2026-02-13T09:08:00Z,2,1,Facturación y Tarifas,NEGATIVO
Ugx_CLARO_RO_00558,CLARO_ROAMING_PLANES,Viaja Conectado con Claro Roaming Sin Fronteras en USA y LATAM,Claro República Dominicana,carlos_m_rd_953,Alguien sabe si para solicitar el cambio de router cobran algún costo adicional?,2026-02-13T09:49:00Z,0,1,Planes y Promociones,NEUTRO
Ugx_CLARO_RO_01040,CLARO_ROAMING_PLANES,Viaja Conectado con Claro Roaming Sin Fronteras en USA y LATAM,Claro República Dominicana,laura_santiago_143,"Muy buena actualización de la app Mi Claro, ahora puedo pagar con tarjeta y se refleja de una vez.",2026-02-13T09:56:00Z,0,0,Planes y Promociones,POSITIVO
Ugx_CLARO_SO_01194,CLARO_SOPORTE_TECNICO,Atención al Cliente 24/7 y Asistencia Técnica Virtual Claro RD,Claro República Dominicana,gabriel_tech_670,"Muy buena actualización de la app Mi Claro, ahora puedo pagar con tarjeta y se refleja de una vez.",2026-02-13T09:58:00Z,0,0,Atención al Cliente y Soporte,POSITIVO
Ugx_CLARO_SO_00854,CLARO_SOPORTE_TECNICO,Atención al Cliente 24/7 y Asistencia Técnica Virtual Claro RD,Claro República Dominicana,maria_jimenez_c_357,"Muy satisfecho con la atención en la sucursal de Blue Mall, me atendieron con mucha amabilidad.",2026-02-13T11:57:00Z,1,0,Atención al Cliente y Soporte,POSITIVO
Ugx_CLARO_FA_00988,CLARO_FACTURACION_TUTORIAL,Conoce cómo entender tu Factura Electrónica Claro,Claro República Dominicana,luis_almonte_sti_494,Llevo 8 años con Claro y la estabilidad del internet para trabajar remoto es incomparable.,2026-02-13T13:27:00Z,15,7,Facturación y Tarifas,POSITIVO
Ugx_CLARO_AP_00722,CLARO_APP_MICLARO,"Gestiona tus Servicios, Paga tu Factura y Compra Paqueticos con Mi Claro",Claro República Dominicana,elena_gomez_rd_599,"Felicidades a Claro, el soporte telefónico me resolvió un cambio de clave de router súper rápido.",2026-02-13T13:35:16Z,15,0,Atención al Cliente y App,POSITIVO
Ugx_CLARO_FA_00276,CLARO_FACTURACION_TUTORIAL,Conoce cómo entender tu Factura Electrónica Claro,Claro República Dominicana,laura_santiago_964,¿El servicio de 5G requiere cambiar la tarjeta SIM o sirve la misma USIM 4G?,2026-02-13T14:18:22Z,0,0,Facturación y Tarifas,NEUTRO
Ugx_CLARO_SO_01069,CLARO_SOPORTE_TECNICO,Atención al Cliente 24/7 y Asistencia Técnica Virtual Claro RD,Claro República Dominicana,juan_bavaro_561,Información sobre los requisitos para portabilidad numérica desde otra compañía por favor.,2026-02-13T14:35:00Z,1,0,Atención al Cliente y Soporte,NEUTRO
Ugx_CLARO_AP_00433,CLARO_APP_MICLARO,"Gestiona tus Servicios, Paga tu Factura y Compra Paqueticos con Mi Claro",Claro República Dominicana,tecnico_rd23_873,Esperando que extiendan la fibra óptica a la provincia de La Vega.,2026-02-13T15:01:39Z,1,0,Atención al Cliente y App,NEUTRO
Ugx_CLARO_SO_00858,CLARO_SOPORTE_TECNICO,Atención al Cliente 24/7 y Asistencia Técnica Virtual Claro RD,Claro República Dominicana,juan_bavaro_892,Información sobre los requisitos para portabilidad numérica desde otra compañía por favor.,2026-02-13T17:02:00Z,0,2,Atención al Cliente y Soporte,NEUTRO
Ugx_CLARO_FA_00296,CLARO_FACTURACION_TUTORIAL,Conoce cómo entender tu Factura Electrónica Claro,Claro República Dominicana,alex_dev_rd_852,"La cobertura de Claro en carretera y pueblos es la mejor del país por mucho, ninguna otra compañía llega allá.",2026-02-13T19:46:26Z,1,1,Facturación y Tarifas,POSITIVO
Ugx_CLARO_RO_01226,CLARO_ROAMING_PLANES,Viaja Conectado con Claro Roaming Sin Fronteras en USA y LATAM,Claro República Dominicana,luis_almonte_sti_304,El ping en juegos online como Valorant y Warzone me bajó a 35ms con la fibra. Nítido todo.,2026-02-13T19:59:00Z,3,1,Planes y Promociones,POSITIVO
Ugx_CLARO_FA_00584,CLARO_FACTURACION_TUTORIAL,Conoce cómo entender tu Factura Electrónica Claro,Claro República Dominicana,patricia_reyes_762,Esperando que extiendan la fibra óptica a la provincia de La Vega.,2026-02-13T20:02:00Z,0,1,Facturación y Tarifas,NEUTRO
Ugx_CLARO_SO_00979,CLARO_SOPORTE_TECNICO,Atención al Cliente 24/7 y Asistencia Técnica Virtual Claro RD,Claro República Dominicana,ana_valdez_sd_746,"La cobertura de Claro en carretera y pueblos es la mejor del país por mucho, ninguna otra compañía llega allá.",2026-02-13T20:17:00Z,0,0,Atención al Cliente y Soporte,POSITIVO
Ugx_CLARO_RO_00914,CLARO_ROAMING_PLANES,Viaja Conectado con Claro Roaming Sin Fronteras en USA y LATAM,Claro República Dominicana,ramon_santos_sd_681,¿Cuándo estará disponible la cobertura de fibra óptica en la Urbanización Real?,2026-02-13T21:37:00Z,1,0,Planes y Promociones,NEUTRO
Ugx_CLARO_FA_00661,CLARO_FACTURACION_TUTORIAL,Conoce cómo entender tu Factura Electrónica Claro,Claro República Dominicana,ramon_santos_sd_841,"Excelente promoción de paqueticos libres, rinden bastante bien en la semana.",2026-02-13T21:46:00Z,1,1,Facturación y Tarifas,POSITIVO
Ugx_CLARO_SO_00836,CLARO_SOPORTE_TECNICO,Atención al Cliente 24/7 y Asistencia Técnica Virtual Claro RD,Claro República Dominicana,elena_gomez_rd_576,"Los técnicos vinieron, no revisaron la caja exterior y dijeron que todo estaba bien. Sigo sin internet.",2026-02-13T22:43:00Z,0,2,Atención al Cliente y Soporte,NEGATIVO
Ugx_CLARO_AP_01127,CLARO_APP_MICLARO,"Gestiona tus Servicios, Paga tu Factura y Compra Paqueticos con Mi Claro",Claro República Dominicana,alex_dev_rd_789,¿El servicio de 5G requiere cambiar la tarjeta SIM o sirve la misma USIM 4G?,2026-02-14T00:50:19Z,0,0,Atención al Cliente y App,NEUTRO
Ugx_CLARO_SO_00218,CLARO_SOPORTE_TECNICO,Atención al Cliente 24/7 y Asistencia Técnica Virtual Claro RD,Claro República Dominicana,carlos_m_rd_997,El internet se cae todos los fines de semana por la noche. Muy inestable.,2026-02-14T03:39:38Z,1,0,Atención al Cliente y Soporte,NEGATIVO
Ugx_CLARO_SO_00665,CLARO_SOPORTE_TECNICO,Atención al Cliente 24/7 y Asistencia Técnica Virtual Claro RD,Claro República Dominicana,carlos_m_rd_207,"Felicidades a Claro, el soporte telefónico me resolvió un cambio de clave de router súper rápido.",2026-02-14T06:53:53Z,0,0,Atención al Cliente y Soporte,POSITIVO
Ugx_CLARO_FA_00251,CLARO_FACTURACION_TUTORIAL,Conoce cómo entender tu Factura Electrónica Claro,Claro República Dominicana,pedro_perez_do_433,Me están facturando un paquete de canales que cancelé hace dos meses. Qué desastre.,2026-02-14T07:23:44Z,1,0,Facturación y Tarifas,NEGATIVO
Ugx_CLARO_FA_01117,CLARO_FACTURACION_TUTORIAL,Conoce cómo entender tu Factura Electrónica Claro,Claro República Dominicana,maria_jimenez_c_755,La app Mi Claro vive con errores y se cierra sola cuando voy a pagar la factura.,2026-02-14T10:40:00Z,0,0,Facturación y Tarifas,NEGATIVO
Ugx_CLARO_RO_00850,CLARO_ROAMING_PLANES,Viaja Conectado con Claro Roaming Sin Fronteras en USA y LATAM,Claro República Dominicana,juan_bavaro_38,Aumentaron la tarifa del plan pospago sin avisar previamente por correo o SMS. Un abuso.,2026-02-14T11:02:28Z,0,1,Planes y Promociones,NEGATIVO
Ugx_CLARO_AP_01166,CLARO_APP_MICLARO,"Gestiona tus Servicios, Paga tu Factura y Compra Paqueticos con Mi Claro",Claro República Dominicana,ramon_santos_sd_689,"Pésimo servicio al cliente, llevo 3 días esperando que me reparen una avería de internet en Herrera.",2026-02-14T12:09:03Z,5,1,Atención al Cliente y App,NEGATIVO
Ugx_CLARO_AP_00192,CLARO_APP_MICLARO,"Gestiona tus Servicios, Paga tu Factura y Compra Paqueticos con Mi Claro",Claro República Dominicana,claudia_mella_300,Aumentaron la tarifa del plan pospago sin avisar previamente por correo o SMS. Un abuso.,2026-02-14T12:35:53Z,12,1,Atención al Cliente y App,NEGATIVO
Ugx_CLARO_RO_00083,CLARO_ROAMING_PLANES,Viaja Conectado con Claro Roaming Sin Fronteras en USA y LATAM,Claro República Dominicana,patricia_reyes_71,Cobran carísimo por megas adicionales y los paqueticos se consumen demasiado rápido.,2026-02-14T12:36:00Z,0,0,Planes y Promociones,NEGATIVO
Ugx_CLARO_FA_00809,CLARO_FACTURACION_TUTORIAL,Conoce cómo entender tu Factura Electrónica Claro,Claro República Dominicana,carlos_m_rd_574,Me cobraron un cargo por reconexión que nunca solicité. Facturación no me da respuesta.,2026-02-14T12:36:00Z,2,0,Facturación y Tarifas,NEGATIVO
Ugx_CLARO_SO_00561,CLARO_SOPORTE_TECNICO,Atención al Cliente 24/7 y Asistencia Técnica Virtual Claro RD,Claro República Dominicana,maria_jimenez_c_161,El ping en juegos online como Valorant y Warzone me bajó a 35ms con la fibra. Nítido todo.,2026-02-14T12:50:00Z,15,0,Atención al Cliente y Soporte,POSITIVO
Ugx_CLARO_FA_00740,CLARO_FACTURACION_TUTORIAL,Conoce cómo entender tu Factura Electrónica Claro,Claro República Dominicana,maria_jimenez_c_203,Llevo 8 años con Claro y la estabilidad del internet para trabajar remoto es incomparable.,2026-02-14T12:54:00Z,1,1,Facturación y Tarifas,POSITIVO
Ugx_CLARO_SO_00895,CLARO_SOPORTE_TECNICO,Atención al Cliente 24/7 y Asistencia Técnica Virtual Claro RD,Claro República Dominicana,laura_santiago_475,Información sobre los requisitos para portabilidad numérica desde otra compañía por favor.,2026-02-14T13:10:00Z,0,2,Atención al Cliente y Soporte,NEUTRO
Ugx_CLARO_SO_00917,CLARO_SOPORTE_TECNICO,Atención al Cliente 24/7 y Asistencia Técnica Virtual Claro RD,Claro República Dominicana,patricia_reyes_904,"En la zona de Bávaro la señal 5G casi no entra, se queda en 3G o sin servicio a cada rato.",2026-02-14T13:38:32Z,1,0,Atención al Cliente y Soporte,NEGATIVO
Ugx_CLARO_SO_00918,CLARO_SOPORTE_TECNICO,Atención al Cliente 24/7 y Asistencia Técnica Virtual Claro RD,Claro República Dominicana,ramon_santos_sd_423,"El router que instalan es malísimo, a 5 metros ya no llega la señal de Wi-Fi.",2026-02-14T14:43:00Z,2,1,Atención al Cliente y Soporte,NEGATIVO
Ugx_CLARO_SO_00633,CLARO_SOPORTE_TECNICO,Atención al Cliente 24/7 y Asistencia Técnica Virtual Claro RD,Claro República Dominicana,luis_almonte_sti_187,Tenía problemas de cobertura con otra telefónica y me cambié a Claro. Santo remedio.,2026-02-14T16:13:00Z,0,0,Atención al Cliente y Soporte,POSITIVO
Ugx_CLARO_RO_00522,CLARO_ROAMING_PLANES,Viaja Conectado con Claro Roaming Sin Fronteras en USA y LATAM,Claro República Dominicana,luis_almonte_sti_556,"El roaming en Estados Unidos me funcionó perfecto, sin cobros raros ni sorpresas en la factura.",2026-02-14T16:40:00Z,1,0,Planes y Promociones,POSITIVO
Ugx_CLARO_FA_00636,CLARO_FACTURACION_TUTORIAL,Conoce cómo entender tu Factura Electrónica Claro,Claro República Dominicana,juan_bavaro_403,Información sobre los requisitos para portabilidad numérica desde otra compañía por favor.,2026-02-14T16:52:00Z,1,0,Facturación y Tarifas,NEUTRO
Ugx_CLARO_SO_00145,CLARO_SOPORTE_TECNICO,Atención al Cliente 24/7 y Asistencia Técnica Virtual Claro RD,Claro República Dominicana,elena_gomez_rd_665,"Pésimo servicio al cliente, llevo 3 días esperando que me reparen una avería de internet en Herrera.",2026-02-14T17:25:00Z,1,0,Atención al Cliente y Soporte,NEGATIVO
Ugx_CLARO_RO_00626,CLARO_ROAMING_PLANES,Viaja Conectado con Claro Roaming Sin Fronteras en USA y LATAM,Claro República Dominicana,pedro_perez_do_567,"En la zona de Bávaro la señal 5G casi no entra, se queda en 3G o sin servicio a cada rato.",2026-02-14T17:50:00Z,0,0,Planes y Promociones,NEGATIVO
Ugx_CLARO_SO_00278,CLARO_SOPORTE_TECNICO,Atención al Cliente 24/7 y Asistencia Técnica Virtual Claro RD,Claro República Dominicana,luis_almonte_sti_320,"Es una pesadilla cancelar una línea fija, te ponen mil trabas y trámites innecesarios.",2026-02-14T18:10:44Z,2,0,Atención al Cliente y Soporte,NEGATIVO
Ugx_CLARO_SO_00069,CLARO_SOPORTE_TECNICO,Atención al Cliente 24/7 y Asistencia Técnica Virtual Claro RD,Claro República Dominicana,laura_santiago_528,"La cobertura de Claro en carretera y pueblos es la mejor del país por mucho, ninguna otra compañía llega allá.",2026-02-14T18:23:00Z,3,0,Atención al Cliente y Soporte,POSITIVO
Ugx_CLARO_FA_01204,CLARO_FACTURACION_TUTORIAL,Conoce cómo entender tu Factura Electrónica Claro,Claro República Dominicana,gabriel_tech_82,"Muy buena actualización de la app Mi Claro, ahora puedo pagar con tarjeta y se refleja de una vez.",2026-02-14T18:24:00Z,1,0,Facturación y Tarifas,POSITIVO
Ugx_CLARO_SO_01077,CLARO_SOPORTE_TECNICO,Atención al Cliente 24/7 y Asistencia Técnica Virtual Claro RD,Claro República Dominicana,juan_bavaro_577,"El router que instalan es malísimo, a 5 metros ya no llega la señal de Wi-Fi.",2026-02-14T18:56:00Z,0,0,Atención al Cliente y Soporte,NEGATIVO
Ugx_CLARO_SO_00959,CLARO_SOPORTE_TECNICO,Atención al Cliente 24/7 y Asistencia Técnica Virtual Claro RD,Claro República Dominicana,ana_valdez_sd_499,Me están facturando un paquete de canales que cancelé hace dos meses. Qué desastre.,2026-02-14T19:15:00Z,1,0,Atención al Cliente y Soporte,NEGATIVO
Ugx_CLARO_SO_00694,CLARO_SOPORTE_TECNICO,Atención al Cliente 24/7 y Asistencia Técnica Virtual Claro RD,Claro República Dominicana,elena_gomez_rd_978,"La velocidad contratada de 100 megas nunca llega completa, apenas marca 30 en Speedtest.",2026-02-14T20:17:00Z,2,0,Atención al Cliente y Soporte,NEGATIVO
Ugx_CLARO_RO_00954,CLARO_ROAMING_PLANES,Viaja Conectado con Claro Roaming Sin Fronteras en USA y LATAM,Claro República Dominicana,ramon_santos_sd_938,El ping en juegos online como Valorant y Warzone me bajó a 35ms con la fibra. Nítido todo.,2026-02-14T21:05:00Z,3,2,Planes y Promociones,POSITIVO
Ugx_CLARO_RO_00819,CLARO_ROAMING_PLANES,Viaja Conectado con Claro Roaming Sin Fronteras en USA y LATAM,Claro República Dominicana,elena_gomez_rd_602,¿A qué número se puede consultar el balance disponible de paqueticos por mensaje?,2026-02-14T21:31:00Z,0,0,Planes y Promociones,NEUTRO
Ugx_CLARO_SO_00071,CLARO_SOPORTE_TECNICO,Atención al Cliente 24/7 y Asistencia Técnica Virtual Claro RD,Claro República Dominicana,patricia_reyes_284,Tenía problemas de cobertura con otra telefónica y me cambié a Claro. Santo remedio.,2026-02-14T21:46:00Z,0,0,Atención al Cliente y Soporte,POSITIVO
Ugx_CLARO_FA_00011,CLARO_FACTURACION_TUTORIAL,Conoce cómo entender tu Factura Electrónica Claro,Claro República Dominicana,maria_jimenez_c_380,Me cobraron un cargo por reconexión que nunca solicité. Facturación no me da respuesta.,2026-02-14T22:37:00Z,0,0,Facturación y Tarifas,NEGATIVO
Ugx_CLARO_FA_00941,CLARO_FACTURACION_TUTORIAL,Conoce cómo entender tu Factura Electrónica Claro,Claro República Dominicana,carlos_m_rd_78,Llamar al 107 es perder una hora de la vida escuchando una música y nadie resuelve.,2026-02-14T23:39:49Z,0,2,Facturación y Tarifas,NEGATIVO
Ugx_CLARO_SO_00950,CLARO_SOPORTE_TECNICO,Atención al Cliente 24/7 y Asistencia Técnica Virtual Claro RD,Claro República Dominicana,ana_valdez_sd_138,"Es una pesadilla cancelar una línea fija, te ponen mil trabas y trámites innecesarios.",2026-02-15T01:53:49Z,1,0,Atención al Cliente y Soporte,NEGATIVO
Ugx_CLARO_FA_00566,CLARO_FACTURACION_TUTORIAL,Conoce cómo entender tu Factura Electrónica Claro,Claro República Dominicana,jose_gaming_rd_785,"Felicidades a Claro, el soporte telefónico me resolvió un cambio de clave de router súper rápido.",2026-02-15T07:16:13Z,0,0,Facturación y Tarifas,POSITIVO
Ugx_CLARO_SO_00419,CLARO_SOPORTE_TECNICO,Atención al Cliente 24/7 y Asistencia Técnica Virtual Claro RD,Claro República Dominicana,tecnico_rd23_680,"Buenas tardes, quisiera saber el precio actual del plan de 500 megas de fibra.",2026-02-15T08:04:00Z,0,0,Atención al Cliente y Soporte,NEUTRO
Ugx_CLARO_SO_00491,CLARO_SOPORTE_TECNICO,Atención al Cliente 24/7 y Asistencia Técnica Virtual Claro RD,Claro República Dominicana,gabriel_tech_682,¿Cuándo estará disponible la cobertura de fibra óptica en la Urbanización Real?,2026-02-15T08:12:00Z,1,2,Atención al Cliente y Soporte,NEUTRO
Ugx_CLARO_RO_00102,CLARO_ROAMING_PLANES,Viaja Conectado con Claro Roaming Sin Fronteras en USA y LATAM,Claro República Dominicana,jose_gaming_rd_429,Tengo una duda con respecto al contrato de permanencia mínima de 18 meses.,2026-02-15T08:46:00Z,1,2,Planes y Promociones,NEUTRO
Ugx_CLARO_SO_00699,CLARO_SOPORTE_TECNICO,Atención al Cliente 24/7 y Asistencia Técnica Virtual Claro RD,Claro República Dominicana,maria_jimenez_c_929,¿En qué horario labora la sucursal de la 27 de Febrero los sábados?,2026-02-15T09:05:00Z,0,0,Atención al Cliente y Soporte,NEUTRO
Ugx_CLARO_SO_01162,CLARO_SOPORTE_TECNICO,Atención al Cliente 24/7 y Asistencia Técnica Virtual Claro RD,Claro República Dominicana,luis_almonte_sti_495,Aumentaron la tarifa del plan pospago sin avisar previamente por correo o SMS. Un abuso.,2026-02-15T10:00:00Z,2,0,Atención al Cliente y Soporte,NEGATIVO
Ugx_CLARO_SO_00286,CLARO_SOPORTE_TECNICO,Atención al Cliente 24/7 y Asistencia Técnica Virtual Claro RD,Claro República Dominicana,maria_jimenez_c_654,Me cobraron un cargo por reconexión que nunca solicité. Facturación no me da respuesta.,2026-02-15T11:51:00Z,1,0,Atención al Cliente y Soporte,NEGATIVO
Ugx_CLARO_FA_00121,CLARO_FACTURACION_TUTORIAL,Conoce cómo entender tu Factura Electrónica Claro,Claro República Dominicana,pedro_perez_do_111,Llevo 8 años con Claro y la estabilidad del internet para trabajar remoto es incomparable.,2026-02-15T11:54:00Z,0,7,Facturación y Tarifas,POSITIVO
Ugx_CLARO_SO_00703,CLARO_SOPORTE_TECNICO,Atención al Cliente 24/7 y Asistencia Técnica Virtual Claro RD,Claro República Dominicana,jose_gaming_rd_929,Esperando que extiendan la fibra óptica a la provincia de La Vega.,2026-02-15T12:36:00Z,0,1,Atención al Cliente y Soporte,NEUTRO
Ugx_CLARO_RO_00132,CLARO_ROAMING_PLANES,Viaja Conectado con Claro Roaming Sin Fronteras en USA y LATAM,Claro República Dominicana,elena_gomez_rd_107,"El 5G en el Distrito Nacional vuela, me dio más de 450 Mbps de bajada en el test.",2026-02-15T14:26:00Z,0,0,Planes y Promociones,POSITIVO
Ugx_CLARO_AP_00944,CLARO_APP_MICLARO,"Gestiona tus Servicios, Paga tu Factura y Compra Paqueticos con Mi Claro",Claro República Dominicana,luis_almonte_sti_769,Esperando que extiendan la fibra óptica a la provincia de La Vega.,2026-02-15T14:32:00Z,0,0,Atención al Cliente y App,NEUTRO
Ugx_CLARO_SO_00625,CLARO_SOPORTE_TECNICO,Atención al Cliente 24/7 y Asistencia Técnica Virtual Claro RD,Claro República Dominicana,maria_jimenez_c_254,Tengo una duda con respecto al contrato de permanencia mínima de 18 meses.,2026-02-15T14:37:00Z,0,0,Atención al Cliente y Soporte,NEUTRO
Ugx_CLARO_RO_00928,CLARO_ROAMING_PLANES,Viaja Conectado con Claro Roaming Sin Fronteras en USA y LATAM,Claro República Dominicana,luis_almonte_sti_197,"Buenas tardes, quisiera saber el precio actual del plan de 500 megas de fibra.",2026-02-15T14:58:00Z,0,0,Planes y Promociones,NEUTRO
Ugx_CLARO_SO_00848,CLARO_SOPORTE_TECNICO,Atención al Cliente 24/7 y Asistencia Técnica Virtual Claro RD,Claro República Dominicana,elena_gomez_rd_170,"El roaming en Estados Unidos me funcionó perfecto, sin cobros raros ni sorpresas en la factura.",2026-02-15T15:02:00Z,1,3,Atención al Cliente y Soporte,POSITIVO
Ugx_CLARO_RO_01096,CLARO_ROAMING_PLANES,Viaja Conectado con Claro Roaming Sin Fronteras en USA y LATAM,Claro República Dominicana,alex_dev_rd_931,El internet se cae todos los fines de semana por la noche. Muy inestable.,2026-02-15T15:41:00Z,0,1,Planes y Promociones,NEGATIVO
Ugx_CLARO_SO_00097,CLARO_SOPORTE_TECNICO,Atención al Cliente 24/7 y Asistencia Técnica Virtual Claro RD,Claro República Dominicana,maria_jimenez_c_205,Me están facturando un paquete de canales que cancelé hace dos meses. Qué desastre.,2026-02-15T16:09:00Z,0,2,Atención al Cliente y Soporte,NEGATIVO
Ugx_CLARO_SO_00871,CLARO_SOPORTE_TECNICO,Atención al Cliente 24/7 y Asistencia Técnica Virtual Claro RD,Claro República Dominicana,carlos_m_rd_945,"El 5G en el Distrito Nacional vuela, me dio más de 450 Mbps de bajada en el test.",2026-02-15T17:21:00Z,1,0,Atención al Cliente y Soporte,POSITIVO
Ugx_CLARO_FA_00381,CLARO_FACTURACION_TUTORIAL,Conoce cómo entender tu Factura Electrónica Claro,Claro República Dominicana,gabriel_tech_67,"Es una pesadilla cancelar una línea fija, te ponen mil trabas y trámites innecesarios.",2026-02-15T18:48:18Z,1,0,Facturación y Tarifas,NEGATIVO
Ugx_CLARO_SO_00579,CLARO_SOPORTE_TECNICO,Atención al Cliente 24/7 y Asistencia Técnica Virtual Claro RD,Claro República Dominicana,gabriel_tech_925,Aumentaron la tarifa del plan pospago sin avisar previamente por correo o SMS. Un abuso.,2026-02-15T19:59:00Z,5,0,Atención al Cliente y Soporte,NEGATIVO
Ugx_CLARO_RO_00282,CLARO_ROAMING_PLANES,Viaja Conectado con Claro Roaming Sin Fronteras en USA y LATAM,Claro República Dominicana,patricia_reyes_717,"El roaming en Estados Unidos me funcionó perfecto, sin cobros raros ni sorpresas en la factura.",2026-02-15T20:43:00Z,1,0,Planes y Promociones,POSITIVO
Ugx_CLARO_FA_00117,CLARO_FACTURACION_TUTORIAL,Conoce cómo entender tu Factura Electrónica Claro,Claro República Dominicana,laura_santiago_701,Me están facturando un paquete de canales que cancelé hace dos meses. Qué desastre.,2026-02-15T23:14:55Z,2,0,Facturación y Tarifas,NEGATIVO
Ugx_CLARO_SO_01087,CLARO_SOPORTE_TECNICO,Atención al Cliente 24/7 y Asistencia Técnica Virtual Claro RD,Claro República Dominicana,ramon_santos_sd_745,Me están facturando un paquete de canales que cancelé hace dos meses. Qué desastre.,2026-02-15T23:49:09Z,0,0,Atención al Cliente y Soporte,NEGATIVO
Ugx_CLARO_RO_00733,CLARO_ROAMING_PLANES,Viaja Conectado con Claro Roaming Sin Fronteras en USA y LATAM,Claro República Dominicana,luis_almonte_sti_20,El internet se cae todos los fines de semana por la noche. Muy inestable.,2026-02-16T02:24:43Z,12,1,Planes y Promociones,NEGATIVO
Ugx_CLARO_RO_00977,CLARO_ROAMING_PLANES,Viaja Conectado con Claro Roaming Sin Fronteras en USA y LATAM,Claro República Dominicana,gabriel_tech_699,¿El roaming sin fronteras incluye llamadas locales dentro del país de destino?,2026-02-16T03:10:15Z,0,7,Planes y Promociones,NEUTRO
Ugx_CLARO_SO_00489,CLARO_SOPORTE_TECNICO,Atención al Cliente 24/7 y Asistencia Técnica Virtual Claro RD,Claro República Dominicana,juan_bavaro_958,"Excelente servicio con la fibra óptica simétrica, tengo 300 megas en Santiago y nunca se cae.",2026-02-16T03:18:59Z,0,0,Atención al Cliente y Soporte,POSITIVO
Ugx_CLARO_AP_00354,CLARO_APP_MICLARO,"Gestiona tus Servicios, Paga tu Factura y Compra Paqueticos con Mi Claro",Claro República Dominicana,gabriel_tech_383,Me cobraron un cargo por reconexión que nunca solicité. Facturación no me da respuesta.,2026-02-16T04:02:18Z,1,3,Atención al Cliente y App,NEGATIVO
Ugx_CLARO_SO_00509,CLARO_SOPORTE_TECNICO,Atención al Cliente 24/7 y Asistencia Técnica Virtual Claro RD,Claro República Dominicana,ramon_santos_sd_992,Llamar al 107 es perder una hora de la vida escuchando una música y nadie resuelve.,2026-02-16T07:08:18Z,1,0,Atención al Cliente y Soporte,NEGATIVO
Ugx_CLARO_SO_00260,CLARO_SOPORTE_TECNICO,Atención al Cliente 24/7 y Asistencia Técnica Virtual Claro RD,Claro República Dominicana,carlos_m_rd_729,¿Cuándo estará disponible la cobertura de fibra óptica en la Urbanización Real?,2026-02-16T08:40:00Z,0,0,Atención al Cliente y Soporte,NEUTRO
Ugx_CLARO_SO_00119,CLARO_SOPORTE_TECNICO,Atención al Cliente 24/7 y Asistencia Técnica Virtual Claro RD,Claro República Dominicana,ana_valdez_sd_918,La app Mi Claro vive con errores y se cierra sola cuando voy a pagar la factura.,2026-02-16T09:06:00Z,0,0,Atención al Cliente y Soporte,NEGATIVO
Ugx_CLARO_RO_00294,CLARO_ROAMING_PLANES,Viaja Conectado con Claro Roaming Sin Fronteras en USA y LATAM,Claro República Dominicana,patricia_reyes_41,"Felicidades a Claro, el soporte telefónico me resolvió un cambio de clave de router súper rápido.",2026-02-16T10:05:00Z,0,1,Planes y Promociones,POSITIVO
Ugx_CLARO_SO_00645,CLARO_SOPORTE_TECNICO,Atención al Cliente 24/7 y Asistencia Técnica Virtual Claro RD,Claro República Dominicana,alex_dev_rd_892,"En la zona de Bávaro la señal 5G casi no entra, se queda en 3G o sin servicio a cada rato.",2026-02-16T10:51:00Z,0,0,Atención al Cliente y Soporte,NEGATIVO
Ugx_CLARO_RO_00248,CLARO_ROAMING_PLANES,Viaja Conectado con Claro Roaming Sin Fronteras en USA y LATAM,Claro República Dominicana,claudia_mella_25,"Excelente promoción de paqueticos libres, rinden bastante bien en la semana.",2026-02-16T12:07:22Z,0,0,Planes y Promociones,POSITIVO
Ugx_CLARO_SO_00825,CLARO_SOPORTE_TECNICO,Atención al Cliente 24/7 y Asistencia Técnica Virtual Claro RD,Claro República Dominicana,ana_valdez_sd_580,Instalaron la fibra en menos de 48 horas en Bella Vista. Muy puntuales los técnicos.,2026-02-16T12:15:00Z,0,0,Atención al Cliente y Soporte,POSITIVO
Ugx_CLARO_SO_00957,CLARO_SOPORTE_TECNICO,Atención al Cliente 24/7 y Asistencia Técnica Virtual Claro RD,Claro República Dominicana,patricia_reyes_82,La app Mi Claro vive con errores y se cierra sola cuando voy a pagar la factura.,2026-02-16T12:41:00Z,12,0,Atención al Cliente y Soporte,NEGATIVO
Ugx_CLARO_RO_00099,CLARO_ROAMING_PLANES,Viaja Conectado con Claro Roaming Sin Fronteras en USA y LATAM,Claro República Dominicana,alex_dev_rd_791,Tenía problemas de cobertura con otra telefónica y me cambié a Claro. Santo remedio.,2026-02-16T13:21:00Z,0,0,Planes y Promociones,POSITIVO
Ugx_CLARO_AP_00602,CLARO_APP_MICLARO,"Gestiona tus Servicios, Paga tu Factura y Compra Paqueticos con Mi Claro",Claro República Dominicana,luis_almonte_sti_519,Para mí es la empresa de telecomunicaciones más seria de República Dominicana. Servicio de calidad.,2026-02-16T16:46:00Z,0,0,Atención al Cliente y App,POSITIVO
Ugx_CLARO_SO_00817,CLARO_SOPORTE_TECNICO,Atención al Cliente 24/7 y Asistencia Técnica Virtual Claro RD,Claro República Dominicana,juan_bavaro_442,¿El roaming sin fronteras incluye llamadas locales dentro del país de destino?,2026-02-16T16:52:22Z,0,0,Atención al Cliente y Soporte,NEUTRO
Ugx_CLARO_RO_00028,CLARO_ROAMING_PLANES,Viaja Conectado con Claro Roaming Sin Fronteras en USA y LATAM,Claro República Dominicana,gabriel_tech_553,"Excelente servicio con la fibra óptica simétrica, tengo 300 megas en Santiago y nunca se cae.",2026-02-16T16:58:00Z,1,0,Planes y Promociones,POSITIVO
Ugx_CLARO_RO_00384,CLARO_ROAMING_PLANES,Viaja Conectado con Claro Roaming Sin Fronteras en USA y LATAM,Claro República Dominicana,jose_gaming_rd_993,"La velocidad contratada de 100 megas nunca llega completa, apenas marca 30 en Speedtest.",2026-02-16T17:28:00Z,0,2,Planes y Promociones,NEGATIVO
Ugx_CLARO_SO_00986,CLARO_SOPORTE_TECNICO,Atención al Cliente 24/7 y Asistencia Técnica Virtual Claro RD,Claro República Dominicana,ana_valdez_sd_516,Aumentaron la tarifa del plan pospago sin avisar previamente por correo o SMS. Un abuso.,2026-02-16T18:53:00Z,0,0,Atención al Cliente y Soporte,NEGATIVO
Ugx_CLARO_AP_01245,CLARO_APP_MICLARO,"Gestiona tus Servicios, Paga tu Factura y Compra Paqueticos con Mi Claro",Claro República Dominicana,ramon_santos_sd_212,El internet se cae todos los fines de semana por la noche. Muy inestable.,2026-02-16T18:56:00Z,1,2,Atención al Cliente y App,NEGATIVO
Ugx_CLARO_AP_00638,CLARO_APP_MICLARO,"Gestiona tus Servicios, Paga tu Factura y Compra Paqueticos con Mi Claro",Claro República Dominicana,jose_gaming_rd_757,"Pésimo servicio al cliente, llevo 3 días esperando que me reparen una avería de internet en Herrera.",2026-02-16T19:05:00Z,1,0,Atención al Cliente y App,NEGATIVO
Ugx_CLARO_SO_00837,CLARO_SOPORTE_TECNICO,Atención al Cliente 24/7 y Asistencia Técnica Virtual Claro RD,Claro República Dominicana,elena_gomez_rd_423,La señal no se corta ni cuando hay tormenta en Santo Domingo Este. Sigan así.,2026-02-16T19:12:58Z,0,0,Atención al Cliente y Soporte,POSITIVO
Ugx_CLARO_RO_00497,CLARO_ROAMING_PLANES,Viaja Conectado con Claro Roaming Sin Fronteras en USA y LATAM,Claro República Dominicana,ramon_santos_sd_357,Información sobre los requisitos para portabilidad numérica desde otra compañía por favor.,2026-02-16T20:15:00Z,0,3,Planes y Promociones,NEUTRO
Ugx_CLARO_SO_00782,CLARO_SOPORTE_TECNICO,Atención al Cliente 24/7 y Asistencia Técnica Virtual Claro RD,Claro República Dominicana,jose_gaming_rd_276,"Buenas tardes, quisiera saber el precio actual del plan de 500 megas de fibra.",2026-02-16T21:47:00Z,1,0,Atención al Cliente y Soporte,NEUTRO
Ugx_CLARO_FA_00994,CLARO_FACTURACION_TUTORIAL,Conoce cómo entender tu Factura Electrónica Claro,Claro República Dominicana,ramon_santos_sd_718,"El roaming en Estados Unidos me funcionó perfecto, sin cobros raros ni sorpresas en la factura.",2026-02-16T23:46:03Z,1,7,Facturación y Tarifas,POSITIVO
Ugx_CLARO_SO_01250,CLARO_SOPORTE_TECNICO,Atención al Cliente 24/7 y Asistencia Técnica Virtual Claro RD,Claro República Dominicana,claudia_mella_17,La señal no se corta ni cuando hay tormenta en Santo Domingo Este. Sigan así.,2026-02-17T03:03:02Z,3,0,Atención al Cliente y Soporte,POSITIVO
Ugx_CLARO_SO_00391,CLARO_SOPORTE_TECNICO,Atención al Cliente 24/7 y Asistencia Técnica Virtual Claro RD,Claro República Dominicana,alex_dev_rd_793,Dicen que es fibra simétrica pero el ping sube a 200ms en las noches en San Cristóbal. Muy lento.,2026-02-17T06:51:28Z,0,0,Atención al Cliente y Soporte,NEGATIVO
Ugx_CLARO_RO_01045,CLARO_ROAMING_PLANES,Viaja Conectado con Claro Roaming Sin Fronteras en USA y LATAM,Claro República Dominicana,juan_bavaro_778,Me están facturando un paquete de canales que cancelé hace dos meses. Qué desastre.,2026-02-17T09:10:00Z,0,0,Planes y Promociones,NEGATIVO
Ugx_CLARO_SO_00617,CLARO_SOPORTE_TECNICO,Atención al Cliente 24/7 y Asistencia Técnica Virtual Claro RD,Claro República Dominicana,alex_dev_rd_368,Me cobraron un cargo por reconexión que nunca solicité. Facturación no me da respuesta.,2026-02-17T09:13:00Z,0,0,Atención al Cliente y Soporte,NEGATIVO
Ugx_CLARO_SO_00153,CLARO_SOPORTE_TECNICO,Atención al Cliente 24/7 y Asistencia Técnica Virtual Claro RD,Claro República Dominicana,juan_bavaro_115,Esperando que extiendan la fibra óptica a la provincia de La Vega.,2026-02-17T10:03:00Z,1,1,Atención al Cliente y Soporte,NEUTRO
Ugx_CLARO_SO_00445,CLARO_SOPORTE_TECNICO,Atención al Cliente 24/7 y Asistencia Técnica Virtual Claro RD,Claro República Dominicana,alex_dev_rd_79,Tenía problemas de cobertura con otra telefónica y me cambié a Claro. Santo remedio.,2026-02-17T11:11:00Z,0,1,Atención al Cliente y Soporte,POSITIVO
Ugx_CLARO_RO_00098,CLARO_ROAMING_PLANES,Viaja Conectado con Claro Roaming Sin Fronteras en USA y LATAM,Claro República Dominicana,carlos_m_rd_299,Instalaron la fibra en menos de 48 horas en Bella Vista. Muy puntuales los técnicos.,2026-02-17T12:52:00Z,3,0,Planes y Promociones,POSITIVO
Ugx_CLARO_RO_00325,CLARO_ROAMING_PLANES,Viaja Conectado con Claro Roaming Sin Fronteras en USA y LATAM,Claro República Dominicana,juan_bavaro_889,Me están facturando un paquete de canales que cancelé hace dos meses. Qué desastre.,2026-02-17T13:03:00Z,28,0,Planes y Promociones,NEGATIVO
Ugx_CLARO_RO_01156,CLARO_ROAMING_PLANES,Viaja Conectado con Claro Roaming Sin Fronteras en USA y LATAM,Claro República Dominicana,juan_bavaro_289,La app Mi Claro vive con errores y se cierra sola cuando voy a pagar la factura.,2026-02-17T13:03:00Z,0,0,Planes y Promociones,NEGATIVO
Ugx_CLARO_SO_00551,CLARO_SOPORTE_TECNICO,Atención al Cliente 24/7 y Asistencia Técnica Virtual Claro RD,Claro República Dominicana,jose_gaming_rd_556,"La cobertura de Claro en carretera y pueblos es la mejor del país por mucho, ninguna otra compañía llega allá.",2026-02-17T13:42:00Z,0,7,Atención al Cliente y Soporte,POSITIVO
Ugx_CLARO_RO_00189,CLARO_ROAMING_PLANES,Viaja Conectado con Claro Roaming Sin Fronteras en USA y LATAM,Claro República Dominicana,maria_jimenez_c_853,"La velocidad contratada de 100 megas nunca llega completa, apenas marca 30 en Speedtest.",2026-02-17T14:49:00Z,0,0,Planes y Promociones,NEGATIVO
Ugx_CLARO_SO_00488,CLARO_SOPORTE_TECNICO,Atención al Cliente 24/7 y Asistencia Técnica Virtual Claro RD,Claro República Dominicana,pedro_perez_do_830,Llamar al 107 es perder una hora de la vida escuchando una música y nadie resuelve.,2026-02-17T14:50:00Z,1,0,Atención al Cliente y Soporte,NEGATIVO
Ugx_CLARO_RO_00998,CLARO_ROAMING_PLANES,Viaja Conectado con Claro Roaming Sin Fronteras en USA y LATAM,Claro República Dominicana,alex_dev_rd_867,"Es una pesadilla cancelar una línea fija, te ponen mil trabas y trámites innecesarios.",2026-02-17T15:04:00Z,2,0,Planes y Promociones,NEGATIVO
Ugx_CLARO_RO_00206,CLARO_ROAMING_PLANES,Viaja Conectado con Claro Roaming Sin Fronteras en USA y LATAM,Claro República Dominicana,patricia_reyes_924,"Pésimo servicio al cliente, llevo 3 días esperando que me reparen una avería de internet en Herrera.",2026-02-17T15:09:00Z,0,0,Planes y Promociones,NEGATIVO
Ugx_CLARO_FA_01110,CLARO_FACTURACION_TUTORIAL,Conoce cómo entender tu Factura Electrónica Claro,Claro República Dominicana,tecnico_rd23_875,Cobran carísimo por megas adicionales y los paqueticos se consumen demasiado rápido.,2026-02-17T15:52:11Z,1,0,Facturación y Tarifas,NEGATIVO
Ugx_CLARO_RO_00687,CLARO_ROAMING_PLANES,Viaja Conectado con Claro Roaming Sin Fronteras en USA y LATAM,Claro República Dominicana,ana_valdez_sd_615,Información sobre los requisitos para portabilidad numérica desde otra compañía por favor.,2026-02-17T15:55:00Z,2,0,Planes y Promociones,NEUTRO
Ugx_CLARO_SO_00698,CLARO_SOPORTE_TECNICO,Atención al Cliente 24/7 y Asistencia Técnica Virtual Claro RD,Claro República Dominicana,laura_santiago_491,"Excelente servicio con la fibra óptica simétrica, tengo 300 megas en Santiago y nunca se cae.",2026-02-17T16:53:00Z,0,0,Atención al Cliente y Soporte,POSITIVO
Ugx_CLARO_SO_00735,CLARO_SOPORTE_TECNICO,Atención al Cliente 24/7 y Asistencia Técnica Virtual Claro RD,Claro República Dominicana,laura_santiago_849,Información sobre los requisitos para portabilidad numérica desde otra compañía por favor.,2026-02-17T17:04:00Z,0,0,Atención al Cliente y Soporte,NEUTRO
Ugx_CLARO_SO_00791,CLARO_SOPORTE_TECNICO,Atención al Cliente 24/7 y Asistencia Técnica Virtual Claro RD,Claro República Dominicana,tecnico_rd23_414,Información sobre los requisitos para portabilidad numérica desde otra compañía por favor.,2026-02-17T17:24:00Z,1,0,Atención al Cliente y Soporte,NEUTRO
Ugx_CLARO_FA_01112,CLARO_FACTURACION_TUTORIAL,Conoce cómo entender tu Factura Electrónica Claro,Claro República Dominicana,carlos_m_rd_693,Me están facturando un paquete de canales que cancelé hace dos meses. Qué desastre.,2026-02-17T17:51:00Z,2,0,Facturación y Tarifas,NEGATIVO
Ugx_CLARO_SO_00925,CLARO_SOPORTE_TECNICO,Atención al Cliente 24/7 y Asistencia Técnica Virtual Claro RD,Claro República Dominicana,juan_bavaro_292,Instalaron la fibra en menos de 48 horas en Bella Vista. Muy puntuales los técnicos.,2026-02-17T19:43:00Z,1,0,Atención al Cliente y Soporte,POSITIVO
Ugx_CLARO_SO_00420,CLARO_SOPORTE_TECNICO,Atención al Cliente 24/7 y Asistencia Técnica Virtual Claro RD,Claro República Dominicana,patricia_reyes_107,¿El roaming sin fronteras incluye llamadas locales dentro del país de destino?,2026-02-17T19:44:00Z,1,0,Atención al Cliente y Soporte,NEUTRO
Ugx_CLARO_SO_01109,CLARO_SOPORTE_TECNICO,Atención al Cliente 24/7 y Asistencia Técnica Virtual Claro RD,Claro República Dominicana,laura_santiago_958,¿A qué número se puede consultar el balance disponible de paqueticos por mensaje?,2026-02-17T20:21:00Z,0,0,Atención al Cliente y Soporte,NEUTRO
Ugx_CLARO_RO_00375,CLARO_ROAMING_PLANES,Viaja Conectado con Claro Roaming Sin Fronteras en USA y LATAM,Claro República Dominicana,laura_santiago_434,Dicen que es fibra simétrica pero el ping sube a 200ms en las noches en San Cristóbal. Muy lento.,2026-02-17T20:26:00Z,1,0,Planes y Promociones,NEGATIVO
Ugx_CLARO_SO_00172,CLARO_SOPORTE_TECNICO,Atención al Cliente 24/7 y Asistencia Técnica Virtual Claro RD,Claro República Dominicana,alex_dev_rd_30,"Excelente promoción de paqueticos libres, rinden bastante bien en la semana.",2026-02-17T20:32:00Z,15,0,Atención al Cliente y Soporte,POSITIVO
Ugx_CLARO_FA_00372,CLARO_FACTURACION_TUTORIAL,Conoce cómo entender tu Factura Electrónica Claro,Claro República Dominicana,luis_almonte_sti_645,La app Mi Claro vive con errores y se cierra sola cuando voy a pagar la factura.,2026-02-17T20:36:00Z,12,0,Facturación y Tarifas,NEGATIVO
Ugx_CLARO_FA_00059,CLARO_FACTURACION_TUTORIAL,Conoce cómo entender tu Factura Electrónica Claro,Claro República Dominicana,juan_bavaro_16,"El router que instalan es malísimo, a 5 metros ya no llega la señal de Wi-Fi.",2026-02-17T20:57:36Z,1,3,Facturación y Tarifas,NEGATIVO
Ugx_CLARO_FA_00628,CLARO_FACTURACION_TUTORIAL,Conoce cómo entender tu Factura Electrónica Claro,Claro República Dominicana,pedro_perez_do_516,La app Mi Claro vive con errores y se cierra sola cuando voy a pagar la factura.,2026-02-17T21:42:52Z,0,0,Facturación y Tarifas,NEGATIVO
Ugx_CLARO_FA_01099,CLARO_FACTURACION_TUTORIAL,Conoce cómo entender tu Factura Electrónica Claro,Claro República Dominicana,carlos_m_rd_968,Llamar al 107 es perder una hora de la vida escuchando una música y nadie resuelve.,2026-02-17T21:53:04Z,0,1,Facturación y Tarifas,NEGATIVO
Ugx_CLARO_SO_01161,CLARO_SOPORTE_TECNICO,Atención al Cliente 24/7 y Asistencia Técnica Virtual Claro RD,Claro República Dominicana,patricia_reyes_498,"Los técnicos vinieron, no revisaron la caja exterior y dijeron que todo estaba bien. Sigo sin internet.",2026-02-17T22:44:00Z,0,0,Atención al Cliente y Soporte,NEGATIVO
Ugx_CLARO_RO_00666,CLARO_ROAMING_PLANES,Viaja Conectado con Claro Roaming Sin Fronteras en USA y LATAM,Claro República Dominicana,juan_bavaro_556,La app Mi Claro vive con errores y se cierra sola cuando voy a pagar la factura.,2026-02-17T23:25:32Z,0,3,Planes y Promociones,NEGATIVO
Ugx_CLARO_SO_00919,CLARO_SOPORTE_TECNICO,Atención al Cliente 24/7 y Asistencia Técnica Virtual Claro RD,Claro República Dominicana,pedro_perez_do_591,"Muy buena actualización de la app Mi Claro, ahora puedo pagar con tarjeta y se refleja de una vez.",2026-02-18T05:03:56Z,1,0,Atención al Cliente y Soporte,POSITIVO
Ugx_CLARO_RO_00457,CLARO_ROAMING_PLANES,Viaja Conectado con Claro Roaming Sin Fronteras en USA y LATAM,Claro República Dominicana,carlos_m_rd_15,"Muy mal soporte técnico por WhatsApp, un bot que repite lo mismo y no transfiere a un humano.",2026-02-18T10:07:00Z,0,0,Planes y Promociones,NEGATIVO
Ugx_CLARO_SO_00707,CLARO_SOPORTE_TECNICO,Atención al Cliente 24/7 y Asistencia Técnica Virtual Claro RD,Claro República Dominicana,tecnico_rd23_134,Aumentaron la tarifa del plan pospago sin avisar previamente por correo o SMS. Un abuso.,2026-02-18T10:34:00Z,28,2,Atención al Cliente y Soporte,NEGATIVO
Ugx_CLARO_RO_00136,CLARO_ROAMING_PLANES,Viaja Conectado con Claro Roaming Sin Fronteras en USA y LATAM,Claro República Dominicana,ramon_santos_sd_295,Instalaron la fibra en menos de 48 horas en Bella Vista. Muy puntuales los técnicos.,2026-02-18T13:07:00Z,1,0,Planes y Promociones,POSITIVO
Ugx_CLARO_RO_00243,CLARO_ROAMING_PLANES,Viaja Conectado con Claro Roaming Sin Fronteras en USA y LATAM,Claro República Dominicana,pedro_perez_do_974,Dicen que es fibra simétrica pero el ping sube a 200ms en las noches en San Cristóbal. Muy lento.,2026-02-18T15:03:00Z,0,0,Planes y Promociones,NEGATIVO
Ugx_CLARO_FA_00846,CLARO_FACTURACION_TUTORIAL,Conoce cómo entender tu Factura Electrónica Claro,Claro República Dominicana,maria_jimenez_c_902,El internet se cae todos los fines de semana por la noche. Muy inestable.,2026-02-18T16:49:00Z,0,0,Facturación y Tarifas,NEGATIVO
Ugx_CLARO_FA_00510,CLARO_FACTURACION_TUTORIAL,Conoce cómo entender tu Factura Electrónica Claro,Claro República Dominicana,ramon_santos_sd_508,"Buenas tardes, quisiera saber el precio actual del plan de 500 megas de fibra.",2026-02-18T19:20:00Z,0,0,Facturación y Tarifas,NEUTRO
Ugx_CLARO_FA_00100,CLARO_FACTURACION_TUTORIAL,Conoce cómo entender tu Factura Electrónica Claro,Claro República Dominicana,ana_valdez_sd_886,¿El servicio de 5G requiere cambiar la tarjeta SIM o sirve la misma USIM 4G?,2026-02-18T20:49:06Z,2,1,Facturación y Tarifas,NEUTRO
Ugx_CLARO_SO_01121,CLARO_SOPORTE_TECNICO,Atención al Cliente 24/7 y Asistencia Técnica Virtual Claro RD,Claro República Dominicana,elena_gomez_rd_808,"Muy buena actualización de la app Mi Claro, ahora puedo pagar con tarjeta y se refleja de una vez.",2026-02-18T21:15:00Z,0,1,Atención al Cliente y Soporte,POSITIVO
Ugx_CLARO_FA_00144,CLARO_FACTURACION_TUTORIAL,Conoce cómo entender tu Factura Electrónica Claro,Claro República Dominicana,ramon_santos_sd_372,Instalaron la fibra en menos de 48 horas en Bella Vista. Muy puntuales los técnicos.,2026-02-18T21:42:00Z,0,0,Facturación y Tarifas,POSITIVO
Ugx_CLARO_RO_00662,CLARO_ROAMING_PLANES,Viaja Conectado con Claro Roaming Sin Fronteras en USA y LATAM,Claro República Dominicana,pedro_perez_do_708,La app Mi Claro vive con errores y se cierra sola cuando voy a pagar la factura.,2026-02-18T22:22:00Z,28,0,Planes y Promociones,NEGATIVO
Ugx_CLARO_AP_00193,CLARO_APP_MICLARO,"Gestiona tus Servicios, Paga tu Factura y Compra Paqueticos con Mi Claro",Claro República Dominicana,laura_santiago_524,Cobran carísimo por megas adicionales y los paqueticos se consumen demasiado rápido.,2026-02-18T22:22:14Z,0,0,Atención al Cliente y App,NEGATIVO
Ugx_CLARO_SO_00872,CLARO_SOPORTE_TECNICO,Atención al Cliente 24/7 y Asistencia Técnica Virtual Claro RD,Claro República Dominicana,elena_gomez_rd_510,Información sobre los requisitos para portabilidad numérica desde otra compañía por favor.,2026-02-18T22:44:00Z,0,1,Atención al Cliente y Soporte,NEUTRO
Ugx_CLARO_FA_00572,CLARO_FACTURACION_TUTORIAL,Conoce cómo entender tu Factura Electrónica Claro,Claro República Dominicana,carlos_m_rd_50,¿El roaming sin fronteras incluye llamadas locales dentro del país de destino?,2026-02-18T22:45:00Z,0,0,Facturación y Tarifas,NEUTRO
Ugx_CLARO_SO_00512,CLARO_SOPORTE_TECNICO,Atención al Cliente 24/7 y Asistencia Técnica Virtual Claro RD,Claro República Dominicana,tecnico_rd23_362,Me están facturando un paquete de canales que cancelé hace dos meses. Qué desastre.,2026-02-18T22:51:00Z,0,0,Atención al Cliente y Soporte,NEGATIVO
Ugx_CLARO_FA_00660,CLARO_FACTURACION_TUTORIAL,Conoce cómo entender tu Factura Electrónica Claro,Claro República Dominicana,tecnico_rd23_165,"En la zona de Bávaro la señal 5G casi no entra, se queda en 3G o sin servicio a cada rato.",2026-02-19T01:22:39Z,0,0,Facturación y Tarifas,NEGATIVO
Ugx_CLARO_RO_00916,CLARO_ROAMING_PLANES,Viaja Conectado con Claro Roaming Sin Fronteras en USA y LATAM,Claro República Dominicana,gabriel_tech_202,"El roaming en Estados Unidos me funcionó perfecto, sin cobros raros ni sorpresas en la factura.",2026-02-19T03:07:35Z,3,0,Planes y Promociones,POSITIVO
Ugx_CLARO_SO_00537,CLARO_SOPORTE_TECNICO,Atención al Cliente 24/7 y Asistencia Técnica Virtual Claro RD,Claro República Dominicana,juan_bavaro_103,Para mí es la empresa de telecomunicaciones más seria de República Dominicana. Servicio de calidad.,2026-02-19T09:03:20Z,0,0,Atención al Cliente y Soporte,POSITIVO
Ugx_CLARO_SO_00508,CLARO_SOPORTE_TECNICO,Atención al Cliente 24/7 y Asistencia Técnica Virtual Claro RD,Claro República Dominicana,luis_almonte_sti_244,"Muy buena actualización de la app Mi Claro, ahora puedo pagar con tarjeta y se refleja de una vez.",2026-02-19T10:36:00Z,3,1,Atención al Cliente y Soporte,POSITIVO
Ugx_CLARO_RO_00351,CLARO_ROAMING_PLANES,Viaja Conectado con Claro Roaming Sin Fronteras en USA y LATAM,Claro República Dominicana,ana_valdez_sd_866,Me están facturando un paquete de canales que cancelé hace dos meses. Qué desastre.,2026-02-19T10:36:00Z,2,7,Planes y Promociones,NEGATIVO
Ugx_CLARO_SO_01222,CLARO_SOPORTE_TECNICO,Atención al Cliente 24/7 y Asistencia Técnica Virtual Claro RD,Claro República Dominicana,gabriel_tech_998,"La cobertura de Claro en carretera y pueblos es la mejor del país por mucho, ninguna otra compañía llega allá.",2026-02-19T14:19:00Z,0,0,Atención al Cliente y Soporte,POSITIVO
Ugx_CLARO_AP_00043,CLARO_APP_MICLARO,"Gestiona tus Servicios, Paga tu Factura y Compra Paqueticos con Mi Claro",Claro República Dominicana,pedro_perez_do_971,¿En qué horario labora la sucursal de la 27 de Febrero los sábados?,2026-02-19T14:33:06Z,0,0,Atención al Cliente y App,NEUTRO
Ugx_CLARO_SO_00279,CLARO_SOPORTE_TECNICO,Atención al Cliente 24/7 y Asistencia Técnica Virtual Claro RD,Claro República Dominicana,alex_dev_rd_955,La app Mi Claro vive con errores y se cierra sola cuando voy a pagar la factura.,2026-02-19T14:34:00Z,2,2,Atención al Cliente y Soporte,NEGATIVO
Ugx_CLARO_SO_01240,CLARO_SOPORTE_TECNICO,Atención al Cliente 24/7 y Asistencia Técnica Virtual Claro RD,Claro República Dominicana,luis_almonte_sti_571,"El router que instalan es malísimo, a 5 metros ya no llega la señal de Wi-Fi.",2026-02-19T16:36:00Z,45,0,Atención al Cliente y Soporte,NEGATIVO
Ugx_CLARO_SO_00262,CLARO_SOPORTE_TECNICO,Atención al Cliente 24/7 y Asistencia Técnica Virtual Claro RD,Claro República Dominicana,jose_gaming_rd_961,Esperando que extiendan la fibra óptica a la provincia de La Vega.,2026-02-19T18:02:00Z,0,1,Atención al Cliente y Soporte,NEUTRO
Ugx_CLARO_SO_00224,CLARO_SOPORTE_TECNICO,Atención al Cliente 24/7 y Asistencia Técnica Virtual Claro RD,Claro República Dominicana,ana_valdez_sd_189,Llevo 8 años con Claro y la estabilidad del internet para trabajar remoto es incomparable.,2026-02-19T18:48:00Z,1,0,Atención al Cliente y Soporte,POSITIVO
Ugx_CLARO_SO_00800,CLARO_SOPORTE_TECNICO,Atención al Cliente 24/7 y Asistencia Técnica Virtual Claro RD,Claro República Dominicana,gabriel_tech_341,Aumentaron la tarifa del plan pospago sin avisar previamente por correo o SMS. Un abuso.,2026-02-19T22:06:00Z,0,0,Atención al Cliente y Soporte,NEGATIVO
Ugx_CLARO_RO_00150,CLARO_ROAMING_PLANES,Viaja Conectado con Claro Roaming Sin Fronteras en USA y LATAM,Claro República Dominicana,jose_gaming_rd_460,La señal no se corta ni cuando hay tormenta en Santo Domingo Este. Sigan así.,2026-02-19T22:50:10Z,8,0,Planes y Promociones,POSITIVO
Ugx_CLARO_AP_00543,CLARO_APP_MICLARO,"Gestiona tus Servicios, Paga tu Factura y Compra Paqueticos con Mi Claro",Claro República Dominicana,gabriel_tech_406,¿El servicio de 5G requiere cambiar la tarjeta SIM o sirve la misma USIM 4G?,2026-02-19T23:58:03Z,0,0,Atención al Cliente y App,NEUTRO
Ugx_CLARO_AP_00093,CLARO_APP_MICLARO,"Gestiona tus Servicios, Paga tu Factura y Compra Paqueticos con Mi Claro",Claro República Dominicana,juan_bavaro_433,"El router que instalan es malísimo, a 5 metros ya no llega la señal de Wi-Fi.",2026-02-20T00:02:30Z,1,0,Atención al Cliente y App,NEGATIVO
Ugx_CLARO_AP_00438,CLARO_APP_MICLARO,"Gestiona tus Servicios, Paga tu Factura y Compra Paqueticos con Mi Claro",Claro República Dominicana,carlos_m_rd_377,Instalaron la fibra en menos de 48 horas en Bella Vista. Muy puntuales los técnicos.,2026-02-20T07:25:38Z,3,1,Atención al Cliente y App,POSITIVO
Ugx_CLARO_SO_00421,CLARO_SOPORTE_TECNICO,Atención al Cliente 24/7 y Asistencia Técnica Virtual Claro RD,Claro República Dominicana,luis_almonte_sti_966,Aumentaron la tarifa del plan pospago sin avisar previamente por correo o SMS. Un abuso.,2026-02-20T08:00:00Z,2,0,Atención al Cliente y Soporte,NEGATIVO
Ugx_CLARO_AP_00606,CLARO_APP_MICLARO,"Gestiona tus Servicios, Paga tu Factura y Compra Paqueticos con Mi Claro",Claro República Dominicana,jose_gaming_rd_208,"La cobertura de Claro en carretera y pueblos es la mejor del país por mucho, ninguna otra compañía llega allá.",2026-02-20T08:53:00Z,1,0,Atención al Cliente y App,POSITIVO
Ugx_CLARO_SO_00008,CLARO_SOPORTE_TECNICO,Atención al Cliente 24/7 y Asistencia Técnica Virtual Claro RD,Claro República Dominicana,juan_bavaro_398,Para mí es la empresa de telecomunicaciones más seria de República Dominicana. Servicio de calidad.,2026-02-20T08:54:47Z,1,0,Atención al Cliente y Soporte,POSITIVO
Ugx_CLARO_SO_00455,CLARO_SOPORTE_TECNICO,Atención al Cliente 24/7 y Asistencia Técnica Virtual Claro RD,Claro República Dominicana,ramon_santos_sd_958,Tengo una duda con respecto al contrato de permanencia mínima de 18 meses.,2026-02-20T09:18:00Z,1,0,Atención al Cliente y Soporte,NEUTRO
Ugx_CLARO_SO_01033,CLARO_SOPORTE_TECNICO,Atención al Cliente 24/7 y Asistencia Técnica Virtual Claro RD,Claro República Dominicana,gabriel_tech_615,"Es una pesadilla cancelar una línea fija, te ponen mil trabas y trámites innecesarios.",2026-02-20T10:12:00Z,1,0,Atención al Cliente y Soporte,NEGATIVO
Ugx_CLARO_FA_01243,CLARO_FACTURACION_TUTORIAL,Conoce cómo entender tu Factura Electrónica Claro,Claro República Dominicana,ramon_santos_sd_438,Aumentaron la tarifa del plan pospago sin avisar previamente por correo o SMS. Un abuso.,2026-02-20T11:28:00Z,1,0,Facturación y Tarifas,NEGATIVO
Ugx_CLARO_FA_01169,CLARO_FACTURACION_TUTORIAL,Conoce cómo entender tu Factura Electrónica Claro,Claro República Dominicana,patricia_reyes_437,¿El roaming sin fronteras incluye llamadas locales dentro del país de destino?,2026-02-20T12:03:30Z,0,3,Facturación y Tarifas,NEUTRO
Ugx_CLARO_SO_00078,CLARO_SOPORTE_TECNICO,Atención al Cliente 24/7 y Asistencia Técnica Virtual Claro RD,Claro República Dominicana,gabriel_tech_208,Llamar al 107 es perder una hora de la vida escuchando una música y nadie resuelve.,2026-02-20T12:06:00Z,2,0,Atención al Cliente y Soporte,NEGATIVO
Ugx_CLARO_RO_01138,CLARO_ROAMING_PLANES,Viaja Conectado con Claro Roaming Sin Fronteras en USA y LATAM,Claro República Dominicana,gabriel_tech_337,Alguien sabe si para solicitar el cambio de router cobran algún costo adicional?,2026-02-20T15:50:43Z,0,0,Planes y Promociones,NEUTRO
Ugx_CLARO_RO_01003,CLARO_ROAMING_PLANES,Viaja Conectado con Claro Roaming Sin Fronteras en USA y LATAM,Claro República Dominicana,ana_valdez_sd_714,Para mí es la empresa de telecomunicaciones más seria de República Dominicana. Servicio de calidad.,2026-02-20T16:32:00Z,0,0,Planes y Promociones,POSITIVO
Ugx_CLARO_SO_00970,CLARO_SOPORTE_TECNICO,Atención al Cliente 24/7 y Asistencia Técnica Virtual Claro RD,Claro República Dominicana,tecnico_rd23_964,"Excelente servicio con la fibra óptica simétrica, tengo 300 megas en Santiago y nunca se cae.",2026-02-20T16:48:00Z,0,0,Atención al Cliente y Soporte,POSITIVO
Ugx_CLARO_SO_01126,CLARO_SOPORTE_TECNICO,Atención al Cliente 24/7 y Asistencia Técnica Virtual Claro RD,Claro República Dominicana,carlos_m_rd_172,"Excelente servicio con la fibra óptica simétrica, tengo 300 megas en Santiago y nunca se cae.",2026-02-20T17:34:00Z,0,0,Atención al Cliente y Soporte,POSITIVO
Ugx_CLARO_RO_00107,CLARO_ROAMING_PLANES,Viaja Conectado con Claro Roaming Sin Fronteras en USA y LATAM,Claro República Dominicana,juan_bavaro_944,Instalaron la fibra en menos de 48 horas en Bella Vista. Muy puntuales los técnicos.,2026-02-20T18:15:00Z,0,0,Planes y Promociones,POSITIVO
Ugx_CLARO_AP_00435,CLARO_APP_MICLARO,"Gestiona tus Servicios, Paga tu Factura y Compra Paqueticos con Mi Claro",Claro República Dominicana,elena_gomez_rd_662,"Buenas tardes, quisiera saber el precio actual del plan de 500 megas de fibra.",2026-02-20T18:20:46Z,2,0,Atención al Cliente y App,NEUTRO
Ugx_CLARO_SO_00111,CLARO_SOPORTE_TECNICO,Atención al Cliente 24/7 y Asistencia Técnica Virtual Claro RD,Claro República Dominicana,ana_valdez_sd_661,¿Cuándo estará disponible la cobertura de fibra óptica en la Urbanización Real?,2026-02-20T20:22:00Z,1,0,Atención al Cliente y Soporte,NEUTRO
Ugx_CLARO_RO_00763,CLARO_ROAMING_PLANES,Viaja Conectado con Claro Roaming Sin Fronteras en USA y LATAM,Claro República Dominicana,claudia_mella_454,Información sobre los requisitos para portabilidad numérica desde otra compañía por favor.,2026-02-20T21:49:00Z,0,2,Planes y Promociones,NEUTRO
Ugx_CLARO_SO_01007,CLARO_SOPORTE_TECNICO,Atención al Cliente 24/7 y Asistencia Técnica Virtual Claro RD,Claro República Dominicana,maria_jimenez_c_851,"El 5G en el Distrito Nacional vuela, me dio más de 450 Mbps de bajada en el test.",2026-02-20T22:01:31Z,1,0,Atención al Cliente y Soporte,POSITIVO
Ugx_CLARO_FA_00289,CLARO_FACTURACION_TUTORIAL,Conoce cómo entender tu Factura Electrónica Claro,Claro República Dominicana,patricia_reyes_126,Tenía problemas de cobertura con otra telefónica y me cambié a Claro. Santo remedio.,2026-02-20T22:15:25Z,0,0,Facturación y Tarifas,POSITIVO
Ugx_CLARO_FA_00432,CLARO_FACTURACION_TUTORIAL,Conoce cómo entender tu Factura Electrónica Claro,Claro República Dominicana,ramon_santos_sd_264,Para mí es la empresa de telecomunicaciones más seria de República Dominicana. Servicio de calidad.,2026-02-20T22:44:00Z,8,0,Facturación y Tarifas,POSITIVO
Ugx_CLARO_FA_00233,CLARO_FACTURACION_TUTORIAL,Conoce cómo entender tu Factura Electrónica Claro,Claro República Dominicana,tecnico_rd23_846,"Excelente promoción de paqueticos libres, rinden bastante bien en la semana.",2026-02-21T00:47:33Z,0,0,Facturación y Tarifas,POSITIVO
Ugx_CLARO_FA_00110,CLARO_FACTURACION_TUTORIAL,Conoce cómo entender tu Factura Electrónica Claro,Claro República Dominicana,tecnico_rd23_18,Para mí es la empresa de telecomunicaciones más seria de República Dominicana. Servicio de calidad.,2026-02-21T00:47:55Z,0,0,Facturación y Tarifas,POSITIVO
Ugx_CLARO_FA_00741,CLARO_FACTURACION_TUTORIAL,Conoce cómo entender tu Factura Electrónica Claro,Claro República Dominicana,juan_bavaro_545,Tengo una duda con respecto al contrato de permanencia mínima de 18 meses.,2026-02-21T03:49:45Z,0,0,Facturación y Tarifas,NEUTRO
Ugx_CLARO_SO_00547,CLARO_SOPORTE_TECNICO,Atención al Cliente 24/7 y Asistencia Técnica Virtual Claro RD,Claro República Dominicana,alex_dev_rd_771,"La velocidad contratada de 100 megas nunca llega completa, apenas marca 30 en Speedtest.",2026-02-21T08:23:00Z,12,2,Atención al Cliente y Soporte,NEGATIVO
Ugx_CLARO_RO_01168,CLARO_ROAMING_PLANES,Viaja Conectado con Claro Roaming Sin Fronteras en USA y LATAM,Claro República Dominicana,claudia_mella_651,El ping en juegos online como Valorant y Warzone me bajó a 35ms con la fibra. Nítido todo.,2026-02-21T09:17:00Z,0,0,Planes y Promociones,POSITIVO
Ugx_CLARO_SO_00285,CLARO_SOPORTE_TECNICO,Atención al Cliente 24/7 y Asistencia Técnica Virtual Claro RD,Claro República Dominicana,ramon_santos_sd_178,"La cobertura de Claro en carretera y pueblos es la mejor del país por mucho, ninguna otra compañía llega allá.",2026-02-21T09:43:00Z,0,2,Atención al Cliente y Soporte,POSITIVO
Ugx_CLARO_SO_00544,CLARO_SOPORTE_TECNICO,Atención al Cliente 24/7 y Asistencia Técnica Virtual Claro RD,Claro República Dominicana,laura_santiago_545,"Excelente promoción de paqueticos libres, rinden bastante bien en la semana.",2026-02-21T13:07:00Z,0,0,Atención al Cliente y Soporte,POSITIVO
Ugx_CLARO_AP_00033,CLARO_APP_MICLARO,"Gestiona tus Servicios, Paga tu Factura y Compra Paqueticos con Mi Claro",Claro República Dominicana,elena_gomez_rd_319,¿El servicio de 5G requiere cambiar la tarjeta SIM o sirve la misma USIM 4G?,2026-02-21T15:57:13Z,0,0,Atención al Cliente y App,NEUTRO
Ugx_CLARO_RO_00090,CLARO_ROAMING_PLANES,Viaja Conectado con Claro Roaming Sin Fronteras en USA y LATAM,Claro República Dominicana,tecnico_rd23_195,¿En qué horario labora la sucursal de la 27 de Febrero los sábados?,2026-02-21T15:58:00Z,0,7,Planes y Promociones,NEUTRO
Ugx_CLARO_RO_00459,CLARO_ROAMING_PLANES,Viaja Conectado con Claro Roaming Sin Fronteras en USA y LATAM,Claro República Dominicana,tecnico_rd23_697,¿El servicio de 5G requiere cambiar la tarjeta SIM o sirve la misma USIM 4G?,2026-02-21T16:04:00Z,0,0,Planes y Promociones,NEUTRO
Ugx_CLARO_SO_01106,CLARO_SOPORTE_TECNICO,Atención al Cliente 24/7 y Asistencia Técnica Virtual Claro RD,Claro República Dominicana,carlos_m_rd_233,Cobran carísimo por megas adicionales y los paqueticos se consumen demasiado rápido.,2026-02-21T17:06:00Z,2,0,Atención al Cliente y Soporte,NEGATIVO
Ugx_CLARO_SO_00563,CLARO_SOPORTE_TECNICO,Atención al Cliente 24/7 y Asistencia Técnica Virtual Claro RD,Claro República Dominicana,alex_dev_rd_640,Me cobraron un cargo por reconexión que nunca solicité. Facturación no me da respuesta.,2026-02-21T17:12:00Z,1,7,Atención al Cliente y Soporte,NEGATIVO
Ugx_CLARO_SO_00936,CLARO_SOPORTE_TECNICO,Atención al Cliente 24/7 y Asistencia Técnica Virtual Claro RD,Claro República Dominicana,luis_almonte_sti_928,"Muy mal soporte técnico por WhatsApp, un bot que repite lo mismo y no transfiere a un humano.",2026-02-21T18:45:00Z,1,0,Atención al Cliente y Soporte,NEGATIVO
Ugx_CLARO_RO_00981,CLARO_ROAMING_PLANES,Viaja Conectado con Claro Roaming Sin Fronteras en USA y LATAM,Claro República Dominicana,alex_dev_rd_999,Para mí es la empresa de telecomunicaciones más seria de República Dominicana. Servicio de calidad.,2026-02-21T18:50:00Z,0,1,Planes y Promociones,POSITIVO
Ugx_CLARO_AP_00060,CLARO_APP_MICLARO,"Gestiona tus Servicios, Paga tu Factura y Compra Paqueticos con Mi Claro",Claro República Dominicana,ramon_santos_sd_627,"Muy satisfecho con la atención en la sucursal de Blue Mall, me atendieron con mucha amabilidad.",2026-02-21T19:35:45Z,8,2,Atención al Cliente y App,POSITIVO
Ugx_CLARO_SO_00855,CLARO_SOPORTE_TECNICO,Atención al Cliente 24/7 y Asistencia Técnica Virtual Claro RD,Claro República Dominicana,elena_gomez_rd_326,¿En qué horario labora la sucursal de la 27 de Febrero los sábados?,2026-02-21T20:49:00Z,0,0,Atención al Cliente y Soporte,NEUTRO
Ugx_CLARO_RO_01053,CLARO_ROAMING_PLANES,Viaja Conectado con Claro Roaming Sin Fronteras en USA y LATAM,Claro República Dominicana,ramon_santos_sd_414,"En la zona de Bávaro la señal 5G casi no entra, se queda en 3G o sin servicio a cada rato.",2026-02-21T20:54:00Z,0,0,Planes y Promociones,NEGATIVO
Ugx_CLARO_FA_00458,CLARO_FACTURACION_TUTORIAL,Conoce cómo entender tu Factura Electrónica Claro,Claro República Dominicana,jose_gaming_rd_174,"La cobertura de Claro en carretera y pueblos es la mejor del país por mucho, ninguna otra compañía llega allá.",2026-02-21T21:32:00Z,0,0,Facturación y Tarifas,POSITIVO
Ugx_CLARO_AP_01181,CLARO_APP_MICLARO,"Gestiona tus Servicios, Paga tu Factura y Compra Paqueticos con Mi Claro",Claro República Dominicana,claudia_mella_589,Información sobre los requisitos para portabilidad numérica desde otra compañía por favor.,2026-02-21T22:36:21Z,0,2,Atención al Cliente y App,NEUTRO
Ugx_CLARO_AP_00933,CLARO_APP_MICLARO,"Gestiona tus Servicios, Paga tu Factura y Compra Paqueticos con Mi Claro",Claro República Dominicana,luis_almonte_sti_258,"Felicidades a Claro, el soporte telefónico me resolvió un cambio de clave de router súper rápido.",2026-02-22T03:00:19Z,0,0,Atención al Cliente y App,POSITIVO
Ugx_CLARO_RO_00231,CLARO_ROAMING_PLANES,Viaja Conectado con Claro Roaming Sin Fronteras en USA y LATAM,Claro República Dominicana,gabriel_tech_542,¿El servicio de 5G requiere cambiar la tarjeta SIM o sirve la misma USIM 4G?,2026-02-22T05:59:26Z,0,0,Planes y Promociones,NEUTRO
Ugx_CLARO_SO_00367,CLARO_SOPORTE_TECNICO,Atención al Cliente 24/7 y Asistencia Técnica Virtual Claro RD,Claro República Dominicana,luis_almonte_sti_308,"Felicidades a Claro, el soporte telefónico me resolvió un cambio de clave de router súper rápido.",2026-02-22T07:32:05Z,0,3,Atención al Cliente y Soporte,POSITIVO
Ugx_CLARO_RO_00613,CLARO_ROAMING_PLANES,Viaja Conectado con Claro Roaming Sin Fronteras en USA y LATAM,Claro República Dominicana,jose_gaming_rd_797,Aumentaron la tarifa del plan pospago sin avisar previamente por correo o SMS. Un abuso.,2026-02-22T11:17:59Z,12,2,Planes y Promociones,NEGATIVO
Ugx_CLARO_RO_00630,CLARO_ROAMING_PLANES,Viaja Conectado con Claro Roaming Sin Fronteras en USA y LATAM,Claro República Dominicana,claudia_mella_455,"El 5G en el Distrito Nacional vuela, me dio más de 450 Mbps de bajada en el test.",2026-02-22T12:58:00Z,0,0,Planes y Promociones,POSITIVO
Ugx_CLARO_RO_00573,CLARO_ROAMING_PLANES,Viaja Conectado con Claro Roaming Sin Fronteras en USA y LATAM,Claro República Dominicana,luis_almonte_sti_319,"En la zona de Bávaro la señal 5G casi no entra, se queda en 3G o sin servicio a cada rato.",2026-02-22T13:22:00Z,0,0,Planes y Promociones,NEGATIVO
Ugx_CLARO_SO_00440,CLARO_SOPORTE_TECNICO,Atención al Cliente 24/7 y Asistencia Técnica Virtual Claro RD,Claro República Dominicana,carlos_m_rd_23,"Muy mal soporte técnico por WhatsApp, un bot que repite lo mismo y no transfiere a un humano.",2026-02-22T13:35:00Z,0,0,Atención al Cliente y Soporte,NEGATIVO
Ugx_CLARO_RO_00695,CLARO_ROAMING_PLANES,Viaja Conectado con Claro Roaming Sin Fronteras en USA y LATAM,Claro República Dominicana,carlos_m_rd_123,Alguien sabe si para solicitar el cambio de router cobran algún costo adicional?,2026-02-22T13:56:00Z,0,0,Planes y Promociones,NEUTRO
Ugx_CLARO_SO_00475,CLARO_SOPORTE_TECNICO,Atención al Cliente 24/7 y Asistencia Técnica Virtual Claro RD,Claro República Dominicana,ana_valdez_sd_614,¿El servicio de 5G requiere cambiar la tarjeta SIM o sirve la misma USIM 4G?,2026-02-22T15:30:00Z,0,0,Atención al Cliente y Soporte,NEUTRO
Ugx_CLARO_AP_00599,CLARO_APP_MICLARO,"Gestiona tus Servicios, Paga tu Factura y Compra Paqueticos con Mi Claro",Claro República Dominicana,laura_santiago_309,"La velocidad contratada de 100 megas nunca llega completa, apenas marca 30 en Speedtest.",2026-02-22T15:33:30Z,0,0,Atención al Cliente y App,NEGATIVO
Ugx_CLARO_RO_00569,CLARO_ROAMING_PLANES,Viaja Conectado con Claro Roaming Sin Fronteras en USA y LATAM,Claro República Dominicana,tecnico_rd23_184,"El roaming en Estados Unidos me funcionó perfecto, sin cobros raros ni sorpresas en la factura.",2026-02-22T16:02:00Z,32,0,Planes y Promociones,POSITIVO
Ugx_CLARO_RO_01241,CLARO_ROAMING_PLANES,Viaja Conectado con Claro Roaming Sin Fronteras en USA y LATAM,Claro República Dominicana,juan_bavaro_334,"Muy satisfecho con la atención en la sucursal de Blue Mall, me atendieron con mucha amabilidad.",2026-02-22T16:33:00Z,8,0,Planes y Promociones,POSITIVO
Ugx_CLARO_SO_01019,CLARO_SOPORTE_TECNICO,Atención al Cliente 24/7 y Asistencia Técnica Virtual Claro RD,Claro República Dominicana,patricia_reyes_469,La app Mi Claro vive con errores y se cierra sola cuando voy a pagar la factura.,2026-02-22T17:02:00Z,2,3,Atención al Cliente y Soporte,NEGATIVO
Ugx_CLARO_RO_00744,CLARO_ROAMING_PLANES,Viaja Conectado con Claro Roaming Sin Fronteras en USA y LATAM,Claro República Dominicana,juan_bavaro_533,"El router que instalan es malísimo, a 5 metros ya no llega la señal de Wi-Fi.",2026-02-22T17:25:00Z,5,0,Planes y Promociones,NEGATIVO
Ugx_CLARO_SO_01063,CLARO_SOPORTE_TECNICO,Atención al Cliente 24/7 y Asistencia Técnica Virtual Claro RD,Claro República Dominicana,laura_santiago_239,"La velocidad contratada de 100 megas nunca llega completa, apenas marca 30 en Speedtest.",2026-02-22T17:54:23Z,2,0,Atención al Cliente y Soporte,NEGATIVO
Ugx_CLARO_RO_00019,CLARO_ROAMING_PLANES,Viaja Conectado con Claro Roaming Sin Fronteras en USA y LATAM,Claro República Dominicana,juan_bavaro_931,"El 5G en el Distrito Nacional vuela, me dio más de 450 Mbps de bajada en el test.",2026-02-22T18:23:00Z,8,0,Planes y Promociones,POSITIVO
Ugx_CLARO_SO_00035,CLARO_SOPORTE_TECNICO,Atención al Cliente 24/7 y Asistencia Técnica Virtual Claro RD,Claro República Dominicana,tecnico_rd23_527,Llevo 8 años con Claro y la estabilidad del internet para trabajar remoto es incomparable.,2026-02-22T18:54:00Z,0,0,Atención al Cliente y Soporte,POSITIVO
Ugx_CLARO_SO_00086,CLARO_SOPORTE_TECNICO,Atención al Cliente 24/7 y Asistencia Técnica Virtual Claro RD,Claro República Dominicana,ana_valdez_sd_445,Alguien sabe si para solicitar el cambio de router cobran algún costo adicional?,2026-02-22T20:59:00Z,0,0,Atención al Cliente y Soporte,NEUTRO
Ugx_CLARO_RO_00371,CLARO_ROAMING_PLANES,Viaja Conectado con Claro Roaming Sin Fronteras en USA y LATAM,Claro República Dominicana,juan_bavaro_596,"Pésimo servicio al cliente, llevo 3 días esperando que me reparen una avería de internet en Herrera.",2026-02-22T21:59:00Z,5,2,Planes y Promociones,NEGATIVO
Ugx_CLARO_AP_00500,CLARO_APP_MICLARO,"Gestiona tus Servicios, Paga tu Factura y Compra Paqueticos con Mi Claro",Claro República Dominicana,claudia_mella_192,El internet se cae todos los fines de semana por la noche. Muy inestable.,2026-02-23T02:46:05Z,0,0,Atención al Cliente y App,NEGATIVO
Ugx_CLARO_AP_00005,CLARO_APP_MICLARO,"Gestiona tus Servicios, Paga tu Factura y Compra Paqueticos con Mi Claro",Claro República Dominicana,tecnico_rd23_859,Esperando que extiendan la fibra óptica a la provincia de La Vega.,2026-02-23T02:52:08Z,0,0,Atención al Cliente y App,NEUTRO
Ugx_CLARO_RO_00358,CLARO_ROAMING_PLANES,Viaja Conectado con Claro Roaming Sin Fronteras en USA y LATAM,Claro República Dominicana,elena_gomez_rd_89,"Los técnicos vinieron, no revisaron la caja exterior y dijeron que todo estaba bien. Sigo sin internet.",2026-02-23T05:07:14Z,0,0,Planes y Promociones,NEGATIVO
Ugx_CLARO_SO_00187,CLARO_SOPORTE_TECNICO,Atención al Cliente 24/7 y Asistencia Técnica Virtual Claro RD,Claro República Dominicana,ramon_santos_sd_380,Cobran carísimo por megas adicionales y los paqueticos se consumen demasiado rápido.,2026-02-23T05:44:04Z,0,0,Atención al Cliente y Soporte,NEGATIVO
Ugx_CLARO_RO_00780,CLARO_ROAMING_PLANES,Viaja Conectado con Claro Roaming Sin Fronteras en USA y LATAM,Claro República Dominicana,carlos_m_rd_666,La app Mi Claro vive con errores y se cierra sola cuando voy a pagar la factura.,2026-02-23T08:48:00Z,1,0,Planes y Promociones,NEGATIVO
Ugx_CLARO_RO_01059,CLARO_ROAMING_PLANES,Viaja Conectado con Claro Roaming Sin Fronteras en USA y LATAM,Claro República Dominicana,jose_gaming_rd_501,"Pésimo servicio al cliente, llevo 3 días esperando que me reparen una avería de internet en Herrera.",2026-02-23T09:12:00Z,28,1,Planes y Promociones,NEGATIVO
Ugx_CLARO_SO_00943,CLARO_SOPORTE_TECNICO,Atención al Cliente 24/7 y Asistencia Técnica Virtual Claro RD,Claro República Dominicana,luis_almonte_sti_789,"La velocidad contratada de 100 megas nunca llega completa, apenas marca 30 en Speedtest.",2026-02-23T12:05:22Z,28,2,Atención al Cliente y Soporte,NEGATIVO
Ugx_CLARO_FA_00061,CLARO_FACTURACION_TUTORIAL,Conoce cómo entender tu Factura Electrónica Claro,Claro República Dominicana,elena_gomez_rd_179,La app Mi Claro vive con errores y se cierra sola cuando voy a pagar la factura.,2026-02-23T12:14:17Z,1,1,Facturación y Tarifas,NEGATIVO
Ugx_CLARO_SO_00452,CLARO_SOPORTE_TECNICO,Atención al Cliente 24/7 y Asistencia Técnica Virtual Claro RD,Claro República Dominicana,laura_santiago_85,Alguien sabe si para solicitar el cambio de router cobran algún costo adicional?,2026-02-23T13:02:00Z,1,0,Atención al Cliente y Soporte,NEUTRO
Ugx_CLARO_RO_00972,CLARO_ROAMING_PLANES,Viaja Conectado con Claro Roaming Sin Fronteras en USA y LATAM,Claro República Dominicana,gabriel_tech_919,Aumentaron la tarifa del plan pospago sin avisar previamente por correo o SMS. Un abuso.,2026-02-23T14:46:00Z,5,2,Planes y Promociones,NEGATIVO
Ugx_CLARO_SO_00168,CLARO_SOPORTE_TECNICO,Atención al Cliente 24/7 y Asistencia Técnica Virtual Claro RD,Claro República Dominicana,ramon_santos_sd_732,Buen ancho de banda y la subida simétrica me ayuda un mundo para subir videos a YouTube.,2026-02-23T21:08:00Z,0,0,Atención al Cliente y Soporte,POSITIVO
Ugx_CLARO_RO_00614,CLARO_ROAMING_PLANES,Viaja Conectado con Claro Roaming Sin Fronteras en USA y LATAM,Claro República Dominicana,laura_santiago_14,Instalaron la fibra en menos de 48 horas en Bella Vista. Muy puntuales los técnicos.,2026-02-23T21:33:00Z,0,0,Planes y Promociones,POSITIVO
Ugx_CLARO_SO_00589,CLARO_SOPORTE_TECNICO,Atención al Cliente 24/7 y Asistencia Técnica Virtual Claro RD,Claro República Dominicana,juan_bavaro_614,El ping en juegos online como Valorant y Warzone me bajó a 35ms con la fibra. Nítido todo.,2026-02-24T00:54:25Z,0,2,Atención al Cliente y Soporte,POSITIVO
Ugx_CLARO_SO_00983,CLARO_SOPORTE_TECNICO,Atención al Cliente 24/7 y Asistencia Técnica Virtual Claro RD,Claro República Dominicana,carlos_m_rd_614,Información sobre los requisitos para portabilidad numérica desde otra compañía por favor.,2026-02-24T08:19:00Z,0,0,Atención al Cliente y Soporte,NEUTRO
Ugx_CLARO_RO_00620,CLARO_ROAMING_PLANES,Viaja Conectado con Claro Roaming Sin Fronteras en USA y LATAM,Claro República Dominicana,gabriel_tech_212,"El roaming en Estados Unidos me funcionó perfecto, sin cobros raros ni sorpresas en la factura.",2026-02-24T11:22:32Z,1,0,Planes y Promociones,POSITIVO
Ugx_CLARO_SO_00964,CLARO_SOPORTE_TECNICO,Atención al Cliente 24/7 y Asistencia Técnica Virtual Claro RD,Claro República Dominicana,elena_gomez_rd_417,Alguien sabe si para solicitar el cambio de router cobran algún costo adicional?,2026-02-24T11:59:00Z,0,0,Atención al Cliente y Soporte,NEUTRO
Ugx_CLARO_FA_00091,CLARO_FACTURACION_TUTORIAL,Conoce cómo entender tu Factura Electrónica Claro,Claro República Dominicana,pedro_perez_do_338,"Felicidades a Claro, el soporte telefónico me resolvió un cambio de clave de router súper rápido.",2026-02-24T12:40:07Z,15,0,Facturación y Tarifas,POSITIVO
Ugx_CLARO_FA_00303,CLARO_FACTURACION_TUTORIAL,Conoce cómo entender tu Factura Electrónica Claro,Claro República Dominicana,claudia_mella_908,El internet se cae todos los fines de semana por la noche. Muy inestable.,2026-02-24T12:44:00Z,1,0,Facturación y Tarifas,NEGATIVO
Ugx_CLARO_FA_00264,CLARO_FACTURACION_TUTORIAL,Conoce cómo entender tu Factura Electrónica Claro,Claro República Dominicana,laura_santiago_457,"Excelente promoción de paqueticos libres, rinden bastante bien en la semana.",2026-02-24T13:03:00Z,0,0,Facturación y Tarifas,POSITIVO
Ugx_CLARO_FA_00314,CLARO_FACTURACION_TUTORIAL,Conoce cómo entender tu Factura Electrónica Claro,Claro República Dominicana,maria_jimenez_c_332,Alguien sabe si para solicitar el cambio de router cobran algún costo adicional?,2026-02-24T14:22:00Z,1,1,Facturación y Tarifas,NEUTRO
Ugx_CLARO_SO_00720,CLARO_SOPORTE_TECNICO,Atención al Cliente 24/7 y Asistencia Técnica Virtual Claro RD,Claro República Dominicana,juan_bavaro_938,Tenía problemas de cobertura con otra telefónica y me cambié a Claro. Santo remedio.,2026-02-24T15:11:17Z,1,0,Atención al Cliente y Soporte,POSITIVO
Ugx_CLARO_SO_01192,CLARO_SOPORTE_TECNICO,Atención al Cliente 24/7 y Asistencia Técnica Virtual Claro RD,Claro República Dominicana,carlos_m_rd_172,"Excelente servicio con la fibra óptica simétrica, tengo 300 megas en Santiago y nunca se cae.",2026-02-24T15:17:00Z,8,0,Atención al Cliente y Soporte,POSITIVO
Ugx_CLARO_RO_00169,CLARO_ROAMING_PLANES,Viaja Conectado con Claro Roaming Sin Fronteras en USA y LATAM,Claro República Dominicana,maria_jimenez_c_123,El internet se cae todos los fines de semana por la noche. Muy inestable.,2026-02-24T17:33:00Z,0,1,Planes y Promociones,NEGATIVO
Ugx_CLARO_RO_00253,CLARO_ROAMING_PLANES,Viaja Conectado con Claro Roaming Sin Fronteras en USA y LATAM,Claro República Dominicana,juan_bavaro_481,Esperando que extiendan la fibra óptica a la provincia de La Vega.,2026-02-24T18:47:00Z,0,0,Planes y Promociones,NEUTRO
Ugx_CLARO_FA_00120,CLARO_FACTURACION_TUTORIAL,Conoce cómo entender tu Factura Electrónica Claro,Claro República Dominicana,claudia_mella_434,Tenía problemas de cobertura con otra telefónica y me cambié a Claro. Santo remedio.,2026-02-24T19:09:00Z,8,0,Facturación y Tarifas,POSITIVO
Ugx_CLARO_SO_00915,CLARO_SOPORTE_TECNICO,Atención al Cliente 24/7 y Asistencia Técnica Virtual Claro RD,Claro República Dominicana,juan_bavaro_249,Buen ancho de banda y la subida simétrica me ayuda un mundo para subir videos a YouTube.,2026-02-24T19:13:00Z,15,0,Atención al Cliente y Soporte,POSITIVO
Ugx_CLARO_FA_00533,CLARO_FACTURACION_TUTORIAL,Conoce cómo entender tu Factura Electrónica Claro,Claro República Dominicana,alex_dev_rd_691,Esperando que extiendan la fibra óptica a la provincia de La Vega.,2026-02-24T20:06:00Z,0,7,Facturación y Tarifas,NEUTRO
Ugx_CLARO_AP_00269,CLARO_APP_MICLARO,"Gestiona tus Servicios, Paga tu Factura y Compra Paqueticos con Mi Claro",Claro República Dominicana,alex_dev_rd_427,El internet se cae todos los fines de semana por la noche. Muy inestable.,2026-02-24T20:16:45Z,0,0,Atención al Cliente y App,NEGATIVO
Ugx_CLARO_SO_00156,CLARO_SOPORTE_TECNICO,Atención al Cliente 24/7 y Asistencia Técnica Virtual Claro RD,Claro República Dominicana,claudia_mella_627,Aumentaron la tarifa del plan pospago sin avisar previamente por correo o SMS. Un abuso.,2026-02-24T21:42:00Z,0,2,Atención al Cliente y Soporte,NEGATIVO
Ugx_CLARO_RO_00177,CLARO_ROAMING_PLANES,Viaja Conectado con Claro Roaming Sin Fronteras en USA y LATAM,Claro República Dominicana,luis_almonte_sti_349,"Excelente servicio con la fibra óptica simétrica, tengo 300 megas en Santiago y nunca se cae.",2026-02-25T08:55:00Z,3,0,Planes y Promociones,POSITIVO
Ugx_CLARO_FA_00881,CLARO_FACTURACION_TUTORIAL,Conoce cómo entender tu Factura Electrónica Claro,Claro República Dominicana,elena_gomez_rd_239,"Muy mal soporte técnico por WhatsApp, un bot que repite lo mismo y no transfiere a un humano.",2026-02-25T08:56:00Z,1,0,Facturación y Tarifas,NEGATIVO
Ugx_CLARO_RO_00376,CLARO_ROAMING_PLANES,Viaja Conectado con Claro Roaming Sin Fronteras en USA y LATAM,Claro República Dominicana,tecnico_rd23_898,Buen ancho de banda y la subida simétrica me ayuda un mundo para subir videos a YouTube.,2026-02-25T09:50:00Z,15,0,Planes y Promociones,POSITIVO
Ugx_CLARO_RO_00155,CLARO_ROAMING_PLANES,Viaja Conectado con Claro Roaming Sin Fronteras en USA y LATAM,Claro República Dominicana,patricia_reyes_63,Instalaron la fibra en menos de 48 horas en Bella Vista. Muy puntuales los técnicos.,2026-02-25T13:43:00Z,0,1,Planes y Promociones,POSITIVO
Ugx_CLARO_SO_00357,CLARO_SOPORTE_TECNICO,Atención al Cliente 24/7 y Asistencia Técnica Virtual Claro RD,Claro República Dominicana,jose_gaming_rd_626,Instalaron la fibra en menos de 48 horas en Bella Vista. Muy puntuales los técnicos.,2026-02-25T17:02:00Z,0,0,Atención al Cliente y Soporte,POSITIVO
Ugx_CLARO_FA_00552,CLARO_FACTURACION_TUTORIAL,Conoce cómo entender tu Factura Electrónica Claro,Claro República Dominicana,gabriel_tech_753,Tengo una duda con respecto al contrato de permanencia mínima de 18 meses.,2026-02-25T18:27:00Z,0,0,Facturación y Tarifas,NEUTRO
Ugx_CLARO_RO_01070,CLARO_ROAMING_PLANES,Viaja Conectado con Claro Roaming Sin Fronteras en USA y LATAM,Claro República Dominicana,elena_gomez_rd_234,"El 5G en el Distrito Nacional vuela, me dio más de 450 Mbps de bajada en el test.",2026-02-25T19:51:00Z,0,0,Planes y Promociones,POSITIVO
Ugx_CLARO_RO_00331,CLARO_ROAMING_PLANES,Viaja Conectado con Claro Roaming Sin Fronteras en USA y LATAM,Claro República Dominicana,jose_gaming_rd_16,Aumentaron la tarifa del plan pospago sin avisar previamente por correo o SMS. Un abuso.,2026-02-25T20:15:00Z,1,2,Planes y Promociones,NEGATIVO
