comment_id,video_id,video_title,channel_title,author,comment_text,published_at,like_count,reply_count,service_category,clean_text,tokens_analisis,topic_category,sentiment_label,sentiment_score
Ugw0TB4CCxNZNmBk2BF4AaABAg,z5VRwDNAoJY,Claro RD - La Conexión que nos une,Claro RD,@esperanzaraposo9198,Pueden aser.esa publicidad más corta,2026-08-30T19:05:27Z,0,0,Experiencia General de Marca,pueden aser esa publicidad ma s corta,pueden aser publicidad corta,Experiencia General de Marca,NEUTRO,0.6
UgzjchBHvjAc4chsB0N4AaABAg,tFedIElQiLs,0800 CLARO 🔴 Número de Teléfono de Atención al Cliente (2026),Claro RD,@donuba1945,Me obligan a poner recarga amenazándome con eliminar la línea soy Ubaldo Gutiérrez Cadena de tercera edad y discapacitado,2026-08-26T16:54:27Z,0,0,Facturación y Tarifas,me obligan a poner recarga amenaza ndome con eliminar la li nea soy ubaldo gutie rrez cadena de tercera edad y discapacitado,obligan poner recarga amenaza ndome eliminar nea ubaldo gutie rrez cadena tercera edad discapacitado,Facturación y Tarifas,NEUTRO,0.6
Ugy5I6OSoXT4i6mfJjZ4AaABAg,tFedIElQiLs,0800 CLARO 🔴 Número de Teléfono de Atención al Cliente (2026),Claro RD,@JuniorDelgado-e2s,Mi numero,2026-08-24T21:44:26Z,0,0,Experiencia General de Marca,mi numero,numero,Experiencia General de Marca,NEUTRO,0.6
Ugw4Vsx_yophrsUf85N4AaABAg,LS31ag67aww,Claro RD - Pasos para activar Red 5G en tu equipo Android,Claro RD,@EddinVargas,"Es muy inestable se va y viene mucho, no recomiendo k ka usen aun",2026-08-23T15:12:53Z,0,0,Red Móvil y Cobertura 5G,es muy inestable se va y viene mucho no recomiendo k ka usen aun,inestable viene recomiendo usen aun,Experiencia General de Marca,POSITIVO,0.85
UgxwiRawshLIY-NNTkJ4AaABAg,OwIQi9ngosg,La red 5G de Claro llega a más ciudades,Claro RD,@WilmerChoc-d8r9n,La señal LTE mas rapido,2026-08-21T21:59:38Z,0,0,Red Móvil y Cobertura 5G,la sen al lte mas rapido,sen lte mas rapido,Red Móvil y Cobertura 5G,POSITIVO,0.75
UgzIQrPpISl3VlCr0fh4AaABAg,z5VRwDNAoJY,Claro RD - La Conexión que nos une,Claro RD,@RuthEstherRosadoGomez-l7f3g,😊,2026-08-21T14:03:44Z,3,0,Experiencia General de Marca,,,Experiencia General de Marca,NEUTRO,0.5
UgxBOnVqujA1ji43J4R4AaABAg,cXJfXbWC248,👉CON ESTE CODIGO EVITAS que CLARO te CONSUMA SALDO SIN PERMISO.,Claro RD,@EstibenSigal-r1c,Ese código es de yamar emergencia 😅,2026-08-21T12:53:19Z,0,0,Experiencia General de Marca,ese co digo es de yamar emergencia,digo yamar emergencia,Experiencia General de Marca,NEUTRO,0.6
UgxFBO64-nspwuQRmyZ4AaABAg,z5VRwDNAoJY,Claro RD - La Conexión que nos une,Claro RD,@adrianourena3554,Buenas tardes espero que estés bien como representante de nuestra sierra y comunidad de Celestina y el proyecto de plan sierra la Celestina le solicitamos una antena y para pananao y todavía no tenemos respuesta merecemos un mejor servicio pero no lo tenemos unidos somos más ➕,2026-08-19T22:05:31Z,3,0,Atención al Cliente y Soporte,buenas tardes espero que este s bien como representante de nuestra sierra y comunidad de celestina y el proyecto de plan sierra la celestina le solicitamos una antena y para pananao y todavi a no tenemos respuesta merecemos un mejor servicio pero no lo tenemos unidos somos ma s,buenas espero bien representante sierra comunidad celestina proyecto plan sierra celestina solicitamos antena pananao todavi respuesta merecemos mejor servicio unidos,Atención al Cliente y Soporte,POSITIVO,0.75
UgwlRB5LGS_qVzGl_SB4AaABAg,z5VRwDNAoJY,Claro RD - La Conexión que nos une,Claro RD,@jennycastillom4878,En el sector Jerusalénl ( los paredones) de santo Domingo este no tenemos internet de claro ni líneas telefónicas. Me mudé hace 5 años aquí ese tiempo tengo esperando para volver a tener internet de claro.,2026-08-18T23:34:14Z,2,1,Fibra Óptica e Internet Hogar,en el sector jerusale nl los paredones de santo domingo este no tenemos internet de claro ni li neas telefo nicas me mude hace an os aqui ese tiempo tengo esperando para volver a tener internet de claro,sector jerusale paredones santo domingo internet neas telefo nicas mude hace aqui tiempo esperando volver tener internet,Fibra Óptica e Internet Hogar,NEGATIVO,0.75
UgwxRnERKMPhj9GFOzd4AaABAg,z5VRwDNAoJY,Claro RD - La Conexión que nos une,Claro RD,@mayobanexvargas314,"Cuando pondrán fibra óptica para acá en El Nieto, Bajos de Haina?? Para así tener combo triple al tiempo",2026-08-18T21:48:54Z,1,1,Fibra Óptica e Internet Hogar,cuando pondra n fibra o ptica para aca en el nieto bajos de haina para asi tener combo triple al tiempo,pondra fibra ptica aca nieto bajos haina asi tener combo triple tiempo,Fibra Óptica e Internet Hogar,NEUTRO,0.6
UgyQukzpAc2SPUYiKLV4AaABAg,z5VRwDNAoJY,Claro RD - La Conexión que nos une,Claro RD,@Rey_supremoMichael,En mata larga aqui es muy mala la señal mejorenla,2026-08-18T20:43:23Z,0,1,Experiencia General de Marca,en mata larga aqui es muy mala la sen al mejorenla,mata larga aqui mala sen mejorenla,Experiencia General de Marca,POSITIVO,0.75
UgxniIEd3LwhSmJUfTJ4AaABAg,z5VRwDNAoJY,Claro RD - La Conexión que nos une,Claro RD,@susanaabreu1486,Amenn,2026-08-18T20:28:48Z,1,1,Experiencia General de Marca,amenn,amenn,Experiencia General de Marca,NEUTRO,0.6
Ugw6nUzcs8Yev69Vl3R4AaABAg,z5VRwDNAoJY,Claro RD - La Conexión que nos une,Claro RD,@harolisnovas2914,"Tengo más de un año solicitando una fibra en casa, y por qué me está  un quilmetro del pueblo lo la ponen, y Neiva es más lejos y lo traen de allá.",2026-08-18T20:15:58Z,0,1,Fibra Óptica e Internet Hogar,tengo ma s de un an o solicitando una fibra en casa y por que me esta un quilmetro del pueblo lo la ponen y neiva es ma s lejos y lo traen de alla,solicitando fibra casa quilmetro pueblo ponen neiva lejos traen alla,Fibra Óptica e Internet Hogar,NEUTRO,0.6
UgxNwyc-cLKCuTLqLl14AaABAg,z5VRwDNAoJY,Claro RD - La Conexión que nos une,Claro RD,@RamonNuñez-z5y,Yo vivo en el ensanche espallaten santo Domingo oeste y no hay fibras óptica claros no as tirado alambre de la fibras óptica,2026-08-18T19:31:26Z,0,1,Fibra Óptica e Internet Hogar,yo vivo en el ensanche espallaten santo domingo oeste y no hay fibras o ptica claros no as tirado alambre de la fibras o ptica,vivo ensanche espallaten santo domingo oeste fibras ptica claros tirado alambre fibras ptica,Fibra Óptica e Internet Hogar,NEUTRO,0.6
Ugxu3fiZ7FnoE2rMTpB4AaABAg,lAvgw83L_dw,Claro RD - Activa la Red 5G en tu iPhone,Claro RD,@Mickeyjunior16,Si la sim card no tiene 5G para que activarlos ? Para gastar batería en searching todo el tiempo 😑,2026-08-18T19:01:17Z,0,0,Red Móvil y Cobertura 5G,si la sim card no tiene g para que activarlos para gastar bateri a en searching todo el tiempo,sim card activarlos gastar bateri searching tiempo,Red Móvil y Cobertura 5G,NEUTRO,0.6
UgwMO31yAaJOQWp8DQN4AaABAg,z5VRwDNAoJY,Claro RD - La Conexión que nos une,Claro RD,@free8615,Claro RD La mejor compañía ❤🎉🎉🎉yo no cambio de ninguna compañía,2026-08-18T18:47:28Z,4,1,Experiencia General de Marca,claro rd la mejor compan i a yo no cambio de ninguna compan i a,mejor compan cambio ninguna compan,Planes y Promociones,POSITIVO,0.75
UgwHflf93WZdK71pJZZ4AaABAg,z5VRwDNAoJY,Claro RD - La Conexión que nos une,Claro RD,@guillermofigueroa7360,Necesitamos más covertura celular en la Cordillera central montañas de padres las casas en el camino a constanza,2026-08-18T18:41:05Z,3,1,Planes y Promociones,necesitamos ma s covertura celular en la cordillera central montan as de padres las casas en el camino a constanza,necesitamos covertura celular cordillera central montan padres casas camino constanza,Planes y Promociones,NEUTRO,0.6
Ugxx-nfyszUe49qbyrJ4AaABAg,z5VRwDNAoJY,Claro RD - La Conexión que nos une,Claro RD,@luisalfredoreyes1935,"Conmigo....no han cumplido.  Mientras tanto, seguiré pensando que es solo publicidad engañosa...😢",2026-08-18T17:07:45Z,0,0,Experiencia General de Marca,conmigo no han cumplido mientras tanto seguire pensando que es solo publicidad engan osa,conmigo cumplido mientras seguire pensando solo publicidad engan osa,Experiencia General de Marca,NEUTRO,0.6
UgwEAuT53Xl5cTitCm14AaABAg,z5VRwDNAoJY,Claro RD - La Conexión que nos une,Claro RD,@juansilie7601,"Yo definitivamente estoy totalmente de acuerdo de que CLARO es la compañía telefónica de mis y mejor cobertura, la más eficiente!",2026-08-18T16:40:04Z,1,1,Red Móvil y Cobertura 5G,yo definitivamente estoy totalmente de acuerdo de que claro es la compan i a telefo nica de mis y mejor cobertura la ma s eficiente,definitivamente totalmente acuerdo compan telefo nica mejor cobertura eficiente,Red Móvil y Cobertura 5G,POSITIVO,0.85
UgwthRjhxADqitrdMfp4AaABAg,z5VRwDNAoJY,Claro RD - La Conexión que nos une,Claro RD,@Genesis-0102,"Pongan antena aquí , en mi sector , soy de burende la
Vega , en un sector quele dicen guaco los Garcia",2026-08-18T16:16:46Z,1,1,Experiencia General de Marca,pongan antena aqui en mi sector soy de burende la vega en un sector quele dicen guaco los garcia,pongan antena aqui sector burende vega sector quele dicen guaco garcia,Experiencia General de Marca,NEUTRO,0.6
Ugy3y1p4smQ-hAprkKR4AaABAg,z5VRwDNAoJY,Claro RD - La Conexión que nos une,Claro RD,@Genesis-0102,"Buenas tarde excelente conpañia, una de la mejores  sin duda, estoy en esta compañía uffff desde hace mucho años, hasta hoy nome
A fallado en nada , espero que sigan así bendiciones para todos",2026-08-18T16:14:43Z,1,1,Experiencia General de Marca,buenas tarde excelente conpan ia una de la mejores sin duda estoy en esta compan i a uffff desde hace mucho an os hasta hoy nome a fallado en nada espero que sigan asi bendiciones para todos,buenas tarde excelente conpan mejores duda compan uffff hace hoy nome fallado espero sigan asi bendiciones,Experiencia General de Marca,POSITIVO,0.85
UgwPAmr8QHAj3DMv7pt4AaABAg,z5VRwDNAoJY,Claro RD - La Conexión que nos une,Claro RD,@NeidoCastillo-x9g,Bueno ojalá y cambie pero claro en mi pueblo lo tumbó altice un campo del cercado k ante era claro aora está oscuro,2026-08-18T15:54:52Z,11,0,Experiencia General de Marca,bueno ojala y cambie pero claro en mi pueblo lo tumbo altice un campo del cercado k ante era claro aora esta oscuro,bueno ojala cambie pueblo tumbo altice campo cercado aora oscuro,Experiencia General de Marca,POSITIVO,0.75
UgyxDtsWxPUI8BN8um94AaABAg,z5VRwDNAoJY,Claro RD - La Conexión que nos une,Claro RD,@josegarrido2051,jajaj digo lo mismo en higuey en mismo algunos barrio lo vecino tienen que escuchar lo que uno habla pero ellos no van arreglar eso porque como  venden el internet fijo no le combine,2026-08-18T15:28:37Z,4,0,Fibra Óptica e Internet Hogar,jajaj digo lo mismo en higuey en mismo algunos barrio lo vecino tienen que escuchar lo que uno habla pero ellos no van arreglar eso porque como venden el internet fijo no le combine,jajaj digo mismo higuey mismo barrio vecino escuchar habla van arreglar venden internet fijo combine,Fibra Óptica e Internet Hogar,NEUTRO,0.6
Ugw726UR1mgVl0HO9wx4AaABAg,z5VRwDNAoJY,Claro RD - La Conexión que nos une,Claro RD,@Jo-kv2ho,"Pero no tienen fibra óptica en manoguayabo, hato nuevo, caballo a y muchos lugares de SD Oeste.",2026-08-18T15:24:24Z,1,2,Fibra Óptica e Internet Hogar,pero no tienen fibra o ptica en manoguayabo hato nuevo caballo a y muchos lugares de sd oeste,fibra ptica manoguayabo hato nuevo caballo lugares oeste,Fibra Óptica e Internet Hogar,NEUTRO,0.6
UgzksMaBVxZsm-iLHUR4AaABAg,z5VRwDNAoJY,Claro RD - La Conexión que nos une,Claro RD,@luiyialexanderborromeguerr6851,Pongan antenas en el barrio 24 abril San pedro de macoris  la señal es muy crítica adentro de la casa no hay señal,2026-08-18T15:01:41Z,0,1,Experiencia General de Marca,pongan antenas en el barrio abril san pedro de macoris la sen al es muy cri tica adentro de la casa no hay sen al,pongan antenas barrio abril san pedro macoris sen cri tica adentro casa sen,Experiencia General de Marca,NEUTRO,0.6
UgyYELLtdtuEjHoFwfJ4AaABAg,z5VRwDNAoJY,Claro RD - La Conexión que nos une,Claro RD,@katiuskatrinidadsanchezgar7760,La necesitamos por los estudiantes de la zona muchas gracias,2026-08-18T14:12:50Z,3,0,Experiencia General de Marca,la necesitamos por los estudiantes de la zona muchas gracias,necesitamos estudiantes zona muchas gracias,Experiencia General de Marca,NEUTRO,0.6
UgyRJyDxfPugbGgqM394AaABAg,z5VRwDNAoJY,Claro RD - La Conexión que nos une,Claro RD,@FelixBeltranF,"Es una MENTIRA, vivo en un barrio de la capital y allá no llegan en fibra óptica, a estas fechas.",2026-08-18T14:12:24Z,8,2,Fibra Óptica e Internet Hogar,es una mentira vivo en un barrio de la capital y alla no llegan en fibra o ptica a estas fechas,mentira vivo barrio capital alla llegan fibra ptica fechas,Fibra Óptica e Internet Hogar,NEUTRO,0.6
UgxwD4fww9fmythwSmh4AaABAg,z5VRwDNAoJY,Claro RD - La Conexión que nos une,Claro RD,@katiuskatrinidadsanchezgar7760,Me encanta el anuncio pero no hay fibra optica en el Invi CEA de Andres Boca Chica,2026-08-18T14:10:00Z,1,1,Fibra Óptica e Internet Hogar,me encanta el anuncio pero no hay fibra optica en el invi cea de andres boca chica,encanta anuncio fibra optica invi cea andres boca chica,Fibra Óptica e Internet Hogar,NEUTRO,0.6
UgyqAz116-kYBrtQ4kB4AaABAg,km5bSERHQuQ,cómo poner señal 5g en tu teléfono,Claro RD,@TobiVasquez-i9z,Mi celular samsung no trae esto como te sale a ti,2026-08-17T23:44:51Z,0,0,Red Móvil y Cobertura 5G,mi celular samsung no trae esto como te sale a ti,celular samsung trae sale,Planes y Promociones,NEUTRO,0.6
Ugx9Rg-HoCm7P2m7lal4AaABAg,LS31ag67aww,Claro RD - Pasos para activar Red 5G en tu equipo Android,Claro RD,@carlosolivares1,"Pues ya lo he probado antes y resulta que el 4G aunque supuestamente es más lento es más estable y rápido en la práctica. Pueden cambiar el nombre a Ultra 8G++, pero en la práctica es lo que funcione.",2026-08-17T22:50:59Z,1,2,Fibra Óptica e Internet Hogar,pues ya lo he probado antes y resulta que el g aunque supuestamente es ma s lento es ma s estable y ra pido en la pra ctica pueden cambiar el nombre a ultra g pero en la pra ctica es lo que funcione,pues probado resulta aunque supuestamente lento estable pido pra ctica pueden cambiar nombre ultra pra ctica funcione,Fibra Óptica e Internet Hogar,NEUTRO,0.6
UgxFuLjCaUAhpYpg_Ah4AaABAg,LS31ag67aww,Claro RD - Pasos para activar Red 5G en tu equipo Android,Claro RD,@Orange1117,"Un asco y basura de recepción, el peor error fue dejar Altice por ustedes. Esperando a que se cumplan los 18 meses para salir de ustedes.",2026-08-17T21:41:12Z,0,0,Red Móvil y Cobertura 5G,un asco y basura de recepcio n el peor error fue dejar altice por ustedes esperando a que se cumplan los meses para salir de ustedes,asco basura recepcio peor error dejar altice ustedes esperando cumplan meses salir ustedes,Atención al Cliente y Soporte,NEGATIVO,0.95
Ugz7cif3fpcRc7NCbaJ4AaABAg,km5bSERHQuQ,cómo poner señal 5g en tu teléfono,Claro RD,@UlisesJuarez-g2z,A que no te baja a 3g😢,2026-08-16T19:48:41Z,0,0,Red Móvil y Cobertura 5G,a que no te baja a g,baja,Experiencia General de Marca,NEUTRO,0.6
UgxmLgoYezBOX8k-mlV4AaABAg,qLxWDavp0bg,¿Cómo llamar a CLARO Servicio al cliente? en TODOS los países,Claro RD,@LuisMalespin-i7u,Nesecito que me llame cualquier persona para una pregunta  por favor,2026-08-14T15:22:54Z,1,1,Atención al Cliente y Soporte,nesecito que me llame cualquier persona para una pregunta por favor,nesecito llame cualquier persona pregunta favor,Experiencia General de Marca,NEUTRO,0.6
UgzMn5L96CVzy-8lFBB4AaABAg,tWxuCoObAJ4,Claro RD - ¿En serio? ¿lo estás pensando para activar tu 5G en tu celular? 📱,Claro RD,@zoofosil7750,El diablo que cringe,2026-08-14T00:40:42Z,0,0,Red Móvil y Cobertura 5G,el diablo que cringe,diablo cringe,Experiencia General de Marca,NEUTRO,0.6
UgyFVAdHg9kkA3Ooylp4AaABAg,z5VRwDNAoJY,Claro RD - La Conexión que nos une,Claro RD,@Gavisama,"Me encanta su publicidad, siempre excelente!",2026-08-12T00:36:15Z,11,3,Experiencia General de Marca,me encanta su publicidad siempre excelente,encanta publicidad siempre excelente,Experiencia General de Marca,POSITIVO,0.75
UgzE860y4XUUNjVBCFt4AaABAg,wlVtVw0_lPc,Registra tu línea prepago 📱🤩,Claro RD,@JuanAlbertoGonzález-z1j,Quiero verificar m numero,2026-08-11T21:47:23Z,0,0,Facturación y Tarifas,quiero verificar m numero,quiero verificar numero,Experiencia General de Marca,NEUTRO,0.6
UgzezTac5yeITo89wLJ4AaABAg,32ad78KOfW4,CÓMO LLAMAR A SERVICIOS DE CLARO,Claro RD,@JoseAdalberto-s2i1g,No ahi mas opciones compremos radios y  no utilisemos cel,2026-08-09T16:21:50Z,0,0,Atención al Cliente y Soporte,no ahi mas opciones compremos radios y no utilisemos cel,ahi mas opciones compremos radios utilisemos cel,Experiencia General de Marca,NEUTRO,0.6
UgwZqh15CZPjt_aHeLZ4AaABAg,32ad78KOfW4,CÓMO LLAMAR A SERVICIOS DE CLARO,Claro RD,@JoseAdalberto-s2i1g,Le ofresen planes para amarrarlo despues no contestan,2026-08-09T16:19:54Z,0,0,Atención al Cliente y Soporte,le ofresen planes para amarrarlo despues no contestan,ofresen planes amarrarlo despues contestan,Planes y Promociones,NEUTRO,0.6
Ugw4rzVe-IUK9aHrvEh4AaABAg,32ad78KOfW4,CÓMO LLAMAR A SERVICIOS DE CLARO,Claro RD,@JoseAdalberto-s2i1g,Yo compro pte para 6 dias y me roban un dia siepre,2026-08-09T16:18:23Z,0,0,Atención al Cliente y Soporte,yo compro pte para dias y me roban un dia siepre,compro pte dias roban dia siepre,Experiencia General de Marca,NEUTRO,0.6
Ugy0I-LXUhpjgs_t7Mx4AaABAg,32ad78KOfW4,CÓMO LLAMAR A SERVICIOS DE CLARO,Claro RD,@JoseAdalberto-s2i1g,Es mejor volver al radio yelefono estas empresas solo les interesa dinero volvamos sl  radio telefono no tenemos alternatova,2026-08-09T16:16:42Z,0,0,Red Móvil y Cobertura 5G,es mejor volver al radio yelefono estas empresas solo les interesa dinero volvamos sl radio telefono no tenemos alternatova,mejor volver radio yelefono empresas solo interesa dinero volvamos radio telefono alternatova,Red Móvil y Cobertura 5G,POSITIVO,0.75
UgxrsPonXiUubrE3tMR4AaABAg,32ad78KOfW4,CÓMO LLAMAR A SERVICIOS DE CLARO,Claro RD,@JoseAdalberto-s2i1g,Yo coloco pte para 6 dias a los 5 dias estoi sin dstos q pasa o nos ba a tocar volver al radio telefono,2026-08-09T16:10:31Z,0,0,Atención al Cliente y Soporte,yo coloco pte para dias a los dias estoi sin dstos q pasa o nos ba a tocar volver al radio telefono,coloco pte dias dias estoi dstos pasa tocar volver radio telefono,Experiencia General de Marca,NEUTRO,0.6
UgxNXlXwwJnrQCkdhHd4AaABAg,32ad78KOfW4,CÓMO LLAMAR A SERVICIOS DE CLARO,Claro RD,@JoseAdalberto-s2i1g,Nececito ablar con alguien de claro o es q solo somos tontos utiles para la empresa,2026-08-09T16:07:48Z,0,0,Atención al Cliente y Soporte,nececito ablar con alguien de claro o es q solo somos tontos utiles para la empresa,nececito ablar alguien solo tontos utiles empresa,Experiencia General de Marca,NEUTRO,0.6
UgyHxPdTroevUT6vgRV4AaABAg,wlVtVw0_lPc,Registra tu línea prepago 📱🤩,Claro RD,@NeyderLiconapuentes,Y si eres menor de edad,2026-08-07T20:42:05Z,0,1,Facturación y Tarifas,y si eres menor de edad,menor edad,Experiencia General de Marca,NEUTRO,0.6
Ugy-XSUG76eFQRqCEFV4AaABAg,-KjuHqko6Sc,Claro RD - 4ta. Generación de Fibra Óptica,Claro RD,@yogastly8118,"Mucha fibra óptica, pero los módem son una porquería. De todas las empresas y a nivel mundial",2026-07-31T23:23:57Z,0,0,Fibra Óptica e Internet Hogar,mucha fibra o ptica pero los mo dem son una porqueri a de todas las empresas y a nivel mundial,mucha fibra ptica dem porqueri todas empresas nivel mundial,Fibra Óptica e Internet Hogar,NEUTRO,0.6
Ugx8cFlyWJHq4AqiGyN4AaABAg,LS31ag67aww,Claro RD - Pasos para activar Red 5G en tu equipo Android,Claro RD,@luisarielsoto0,🎉😊hello🎉😊,2026-07-31T16:48:31Z,0,0,Red Móvil y Cobertura 5G,hello,hello,Experiencia General de Marca,NEUTRO,0.6
Ugymj1wOGfeg8rNi6hd4AaABAg,LS31ag67aww,Claro RD - Pasos para activar Red 5G en tu equipo Android,Claro RD,@luisarielsoto0,🎉hola🎉,2026-07-28T00:09:35Z,0,0,Red Móvil y Cobertura 5G,hola,,Experiencia General de Marca,NEUTRO,0.6
UgwNJ2SndESI-08ZvFp4AaABAg,LS31ag67aww,Claro RD - Pasos para activar Red 5G en tu equipo Android,Claro RD,@probemosrd,El 5G no funciona en los dispositivos Google Pixel,2026-07-27T17:36:05Z,0,0,Red Móvil y Cobertura 5G,el g no funciona en los dispositivos google pixel,funciona dispositivos google pixel,Red Móvil y Cobertura 5G,NEUTRO,0.6
UgxWqbvgioj4J6ngsrZ4AaABAg,LS31ag67aww,Claro RD - Pasos para activar Red 5G en tu equipo Android,Claro RD,@jonathancandelario9912,Como se hace en un LG?,2026-07-27T15:00:09Z,0,0,Red Móvil y Cobertura 5G,como se hace en un lg,hace,Experiencia General de Marca,NEUTRO,0.6
UgwtjXYKKat8oQX44D94AaABAg,32ad78KOfW4,CÓMO LLAMAR A SERVICIOS DE CLARO,Claro RD,@SilviajuliaYost,Necesito hablar con un asesor,2026-07-23T21:50:40Z,0,0,Atención al Cliente y Soporte,necesito hablar con un asesor,necesito hablar asesor,Experiencia General de Marca,NEUTRO,0.6
UgxZLHSZ34L1KzYz6rN4AaABAg,qLxWDavp0bg,¿Cómo llamar a CLARO Servicio al cliente? en TODOS los países,Claro RD,@monicacasas9686,A qué número llamó de España a a claro Perú,2026-07-23T13:45:06Z,1,1,Atención al Cliente y Soporte,a que nu mero llamo de espan a a a claro peru,mero llamo espan peru,Experiencia General de Marca,NEUTRO,0.6
Ugy6JOOEmBtG_sKwpEh4AaABAg,-KjuHqko6Sc,Claro RD - 4ta. Generación de Fibra Óptica,Claro RD,@Toti2024Ramos,¡145M vistas!,2026-07-09T21:54:30Z,1,1,Fibra Óptica e Internet Hogar,m vistas,vistas,Experiencia General de Marca,NEUTRO,0.6
UgyE33EwoU7pgSgpMxZ4AaABAg,LS31ag67aww,Claro RD - Pasos para activar Red 5G en tu equipo Android,Claro RD,@EdwinRodriguezsosa,Cómo lo puedo hacer en mi Orbic 5G,2026-07-05T04:31:56Z,0,0,Red Móvil y Cobertura 5G,co mo lo puedo hacer en mi orbic g,puedo hacer orbic,Red Móvil y Cobertura 5G,NEUTRO,0.6
UgySgNUZXhR9QIc7mxp4AaABAg,km5bSERHQuQ,cómo poner señal 5g en tu teléfono,Claro RD,@AlexVargas-l6b4d,No sirve para nada,2026-07-05T03:03:19Z,0,0,Red Móvil y Cobertura 5G,no sirve para nada,sirve,Experiencia General de Marca,NEUTRO,0.6
UgyRthD4xtRMfsWfXJt4AaABAg,wlVtVw0_lPc,Registra tu línea prepago 📱🤩,Claro RD,@JoseFernandoMunoz-xq6zo,Claro tú me llamate hoy,2026-07-03T20:26:24Z,0,0,Facturación y Tarifas,claro tu me llamate hoy,llamate hoy,Experiencia General de Marca,NEUTRO,0.6
UgwzWhrvAE5evJXxzAZ4AaABAg,wlVtVw0_lPc,Registra tu línea prepago 📱🤩,Claro RD,@MarisolMotato,Me tiene cansada esa llamadera de los de claro con sus tales planes,2026-06-30T14:13:45Z,0,0,Facturación y Tarifas,me tiene cansada esa llamadera de los de claro con sus tales planes,cansada llamadera tales planes,Planes y Promociones,NEUTRO,0.6
UgyZeVLy8aNbvDBDrV54AaABAg,wlVtVw0_lPc,Registra tu línea prepago 📱🤩,Claro RD,@hugocesarvalladareslopez4783,Muchos de los chip ya están registrados,2026-06-30T02:23:56Z,0,0,Red Móvil y Cobertura 5G,muchos de los chip ya esta n registrados,chip registrados,Red Móvil y Cobertura 5G,NEUTRO,0.6
UgyziNgxR_iQucXqYqt4AaABAg,LS31ag67aww,Claro RD - Pasos para activar Red 5G en tu equipo Android,Claro RD,@Marthamultiship_0,❤❤❤,2026-06-29T22:10:01Z,0,0,Red Móvil y Cobertura 5G,,,Experiencia General de Marca,NEUTRO,0.5
UgxNvfTuO9g6h7QfOeF4AaABAg,LS31ag67aww,Claro RD - Pasos para activar Red 5G en tu equipo Android,Claro RD,@incognita907,El 5G en los Google Pixel no funciona aquí en el país!!,2026-06-29T15:15:09Z,2,3,Red Móvil y Cobertura 5G,el g en los google pixel no funciona aqui en el pai s,google pixel funciona aqui pai,Red Móvil y Cobertura 5G,NEUTRO,0.6
UgyxJgWEKgEmK-L1Ny14AaABAg,tFedIElQiLs,0800 CLARO 🔴 Número de Teléfono de Atención al Cliente (2026),Claro RD,@sakura-ii6zi,Ningun telefono que dio sirven😢😢,2026-06-29T15:14:23Z,1,0,Experiencia General de Marca,ningun telefono que dio sirven,ningun telefono dio sirven,Experiencia General de Marca,NEUTRO,0.6
UgxQq50qHZMwQ3NABaJ4AaABAg,tFedIElQiLs,0800 CLARO 🔴 Número de Teléfono de Atención al Cliente (2026),Claro RD,@claudiabaez2015,Claro,2026-06-20T16:08:00Z,0,0,Experiencia General de Marca,claro,,Experiencia General de Marca,NEUTRO,0.6
UgwkODRouQTz6pDul514AaABAg,LS31ag67aww,Claro RD - Pasos para activar Red 5G en tu equipo Android,Claro RD,@cleivymatos587,"A mi no me sale, que hago?",2026-06-19T18:41:27Z,0,0,Red Móvil y Cobertura 5G,a mi no me sale que hago,sale hago,Experiencia General de Marca,NEUTRO,0.6
UgzkX_RJdnQZAqYZh354AaABAg,LS31ag67aww,Claro RD - Pasos para activar Red 5G en tu equipo Android,Claro RD,@VaneLedesma-m1b,Que costo tiene?,2026-06-18T17:10:05Z,0,0,Red Móvil y Cobertura 5G,que costo tiene,costo,Experiencia General de Marca,NEUTRO,0.6
UgyWZFTCCa2gPS1qctN4AaABAg,LS31ag67aww,Claro RD - Pasos para activar Red 5G en tu equipo Android,Claro RD,@pedrocarrascocastillo8251,"Tengo un “Moto g stylus 5g"" pero no se como activarlo.",2026-06-17T12:10:40Z,0,0,Red Móvil y Cobertura 5G,tengo un moto g stylus g pero no se como activarlo,moto stylus activarlo,Red Móvil y Cobertura 5G,NEUTRO,0.6
UgwS4_90fjSqnD8MLFR4AaABAg,LS31ag67aww,Claro RD - Pasos para activar Red 5G en tu equipo Android,Claro RD,@ctistianjaelmartepaniagua44,"El 5g consume mucha energía, la carga del celular dura menos tiempo",2026-06-16T22:03:40Z,0,0,Red Móvil y Cobertura 5G,el g consume mucha energi a la carga del celular dura menos tiempo,consume mucha energi carga celular dura menos tiempo,Red Móvil y Cobertura 5G,NEUTRO,0.6
UgyMp3OmvX58U5K9peR4AaABAg,rHf6Xta_Jio,Claro RD - Yo soy Claro Percusivo,Claro RD,@Max009RD,Siempre recuerdo estos anuncios cuándo falla el servicio.,2026-06-15T21:30:27Z,1,0,Atención al Cliente y Soporte,siempre recuerdo estos anuncios cua ndo falla el servicio,siempre recuerdo anuncios cua ndo falla servicio,Atención al Cliente y Soporte,NEGATIVO,0.75
UgyL8wGbFjwV39y2tTt4AaABAg,zE4mlgdWzYg,como configurar Apn 5G 4G claro Dominicana,Claro RD,@WilnerGustamar-i7z,Muchas gracias por este video,2026-06-13T21:46:42Z,1,0,Red Móvil y Cobertura 5G,muchas gracias por este video,muchas gracias,Experiencia General de Marca,NEUTRO,0.6
UgyKzn35JegQc7VGYrp4AaABAg,rHf6Xta_Jio,Claro RD - Yo soy Claro Percusivo,Claro RD,@dovahkiinraiden17,Un pique que me este bañando y me sale este disparate de anuncio,2026-06-07T05:15:16Z,2,0,Experiencia General de Marca,un pique que me este ban ando y me sale este disparate de anuncio,pique ban ando sale disparate anuncio,Experiencia General de Marca,NEUTRO,0.6
UgxKY3bmhz2vUFBjHZB4AaABAg,-KjuHqko6Sc,Claro RD - 4ta. Generación de Fibra Óptica,Claro RD,@gadielcastro853,Y para cuando en Guatemala,2026-06-03T09:03:58Z,0,0,Fibra Óptica e Internet Hogar,y para cuando en guatemala,guatemala,Experiencia General de Marca,NEUTRO,0.6
UgyXVHfK3tTQItNolLt4AaABAg,rHf6Xta_Jio,Claro RD - Yo soy Claro Percusivo,Claro RD,@Yanisleldy,La musica favorita de mi primo jaja,2026-06-02T00:15:07Z,0,0,Experiencia General de Marca,la musica favorita de mi primo risa,musica favorita primo risa,Experiencia General de Marca,NEUTRO,0.6
UgyzvSkmsejnBZBQT214AaABAg,qLxWDavp0bg,¿Cómo llamar a CLARO Servicio al cliente? en TODOS los países,Claro RD,@MariaJoseGomezGarcia-b5f,hola claro es de servicio de internet y paraboloca,2026-05-31T16:42:51Z,1,1,Fibra Óptica e Internet Hogar,hola claro es de servicio de internet y paraboloca,servicio internet paraboloca,Fibra Óptica e Internet Hogar,NEUTRO,0.6
UgzskXWEquvxk5dRZO14AaABAg,wlVtVw0_lPc,Registra tu línea prepago 📱🤩,Claro RD,@OscarBautista-j7e4u,Deberían de mejorar el servicio esta fallando mucho,2026-05-30T19:58:05Z,1,0,Atención al Cliente y Soporte,deberi an de mejorar el servicio esta fallando mucho,deberi mejorar servicio fallando,Atención al Cliente y Soporte,NEGATIVO,0.85
UgyeWI5_3h7y3L_F2C14AaABAg,JyYD60E2Vpk,Claro RD - Yo soy Claro - Urbano,Claro RD,@edwardnunez1626,"Deberían De Hacer Esta Canción, No Me Canso De Repetir Este Anuncio 🙌🏻🙌🏻",2026-05-29T03:30:56Z,0,0,Experiencia General de Marca,deberi an de hacer esta cancio n no me canso de repetir este anuncio,deberi hacer cancio canso repetir anuncio,Experiencia General de Marca,NEUTRO,0.6
UgzS300MurzwIPOFbqB4AaABAg,JyYD60E2Vpk,Claro RD - Yo soy Claro - Urbano,Claro RD,@westart403,"El mejor anunció, difícil de saltarlo.",2026-05-27T17:18:19Z,0,0,Experiencia General de Marca,el mejor anuncio difi cil de saltarlo,mejor anuncio difi cil saltarlo,Experiencia General de Marca,POSITIVO,0.75
UgwQyymDxm_h9SQwplV4AaABAg,rHf6Xta_Jio,Claro RD - Yo soy Claro Percusivo,Claro RD,@ReneJeanfilip,No,2026-05-22T20:55:11Z,1,0,Experiencia General de Marca,no,,Experiencia General de Marca,NEUTRO,0.6
Ugx9xwjXmYn1tzUiEcJ4AaABAg,zE4mlgdWzYg,como configurar Apn 5G 4G claro Dominicana,Claro RD,@SancheMateo-z6k,default,2026-05-21T01:08:44Z,0,0,Red Móvil y Cobertura 5G,default,default,Experiencia General de Marca,NEUTRO,0.6
Ugx4QipOSZiClfDzItB4AaABAg,zE4mlgdWzYg,como configurar Apn 5G 4G claro Dominicana,Claro RD,@SancheMateo-z6k,claro DR,2026-05-21T01:06:07Z,0,0,Red Móvil y Cobertura 5G,claro dr,,Experiencia General de Marca,NEUTRO,0.6
UgxGkN5qXNKOEay1Dsp4AaABAg,rHf6Xta_Jio,Claro RD - Yo soy Claro Percusivo,Claro RD,@marinoalvarez2948,Ok,2026-05-20T14:26:54Z,0,0,Experiencia General de Marca,ok,,Experiencia General de Marca,NEUTRO,0.6
UgzRDqi7YnJsgCocIwF4AaABAg,vyzj855irRw,Claro Nicaragua y su servicio al cliente,Claro RD,@jshwywggw,Por q tienes 67 baterías que era un meme,2026-05-12T15:16:44Z,0,0,Atención al Cliente y Soporte,por q tienes bateri as que era un meme,bateri meme,Experiencia General de Marca,NEUTRO,0.6
UgxGteaCYE0PvmmYApR4AaABAg,tFedIElQiLs,0800 CLARO 🔴 Número de Teléfono de Atención al Cliente (2026),Claro RD,@mariaelenamontesmedina4280,Quiero saber mí factura del mes de mayo,2026-05-12T11:43:51Z,0,0,Facturación y Tarifas,quiero saber mi factura del mes de mayo,quiero saber factura mes mayo,Facturación y Tarifas,NEUTRO,0.6
Ugy6tEA_X_fSlLHjTmF4AaABAg,hYcd1zA3hfo,Claro RD - 4ta. Generación de Fibra Óptica,Claro RD,@randymhl,Cuando lo ampliaran a nivel nacional?,2026-05-12T02:47:54Z,0,0,Fibra Óptica e Internet Hogar,cuando lo ampliaran a nivel nacional,ampliaran nivel nacional,Experiencia General de Marca,NEUTRO,0.6
UgxvPF4jLNFAq9VPUCJ4AaABAg,S1_jiDCsjBA,Claro RD - 4ta. Generación de Fibra Óptica,Claro RD,@jefrynoboa,Y PORQUE MI WIFI NO TIENE ESA TECNOLOGIA? O TENGO QUE HACER OTRO PLAN ES?,2026-05-11T04:16:56Z,0,0,Fibra Óptica e Internet Hogar,y porque mi wifi no tiene esa tecnologia o tengo que hacer otro plan es,wifi tecnologia hacer plan,Fibra Óptica e Internet Hogar,NEUTRO,0.6
UgyrjOAXq_BMk4i8Lj14AaABAg,LS31ag67aww,Claro RD - Pasos para activar Red 5G en tu equipo Android,Claro RD,@aroymendez,"Esa mierda de claro no sirve. Tengo un buen plan, un plan que prácticamente no uso proque regularmente estoy en wifi. Pero tan pronto paso a datos no sirve!!!",2026-05-07T21:07:50Z,0,0,Fibra Óptica e Internet Hogar,esa mierda de claro no sirve tengo un buen plan un plan que pra cticamente no uso proque regularmente estoy en wifi pero tan pronto paso a datos no sirve,mierda sirve buen plan plan pra cticamente uso proque regularmente wifi tan pronto paso datos sirve,Fibra Óptica e Internet Hogar,NEUTRO,0.6
UgxPQZHvAy2Ffh_fYCl4AaABAg,LS31ag67aww,Claro RD - Pasos para activar Red 5G en tu equipo Android,Claro RD,@reyvinrosario,"Try not to do what you did in RDR2 and fall too far behind, because the dialogue in this game gets cut off and then the other character doesn't continue it",2026-05-07T17:20:17Z,0,0,Red Móvil y Cobertura 5G,try not to do what you did in rdr and fall too far behind because the dialogue in this game gets cut off and then the other character doesn t continue it,try not what you did rdr and fall too far behind because the dialogue this game gets cut off and then the other character doesn continue,Experiencia General de Marca,NEUTRO,0.6
UgxJ_kulZW23GEYp_4R4AaABAg,LS31ag67aww,Claro RD - Pasos para activar Red 5G en tu equipo Android,Claro RD,@Stevenpublicity,@clarord me gustaría una respuesta porque no funciona en los dispositivos Google Píxel?,2026-05-07T15:25:24Z,0,2,Red Móvil y Cobertura 5G,me gustari a una respuesta porque no funciona en los dispositivos google pi xel,gustari respuesta funciona dispositivos google xel,Experiencia General de Marca,NEUTRO,0.6
UgyVK0nxjCcSb3F4WKJ4AaABAg,wlVtVw0_lPc,Registra tu línea prepago 📱🤩,Claro RD,@miltonzh9338,Y para que el número de cedula y datos personales a una empresa extrangera y sobre todo la fecha de expedición....,2026-05-04T04:45:56Z,0,3,Red Móvil y Cobertura 5G,y para que el nu mero de cedula y datos personales a una empresa extrangera y sobre todo la fecha de expedicio n,mero cedula datos personales empresa extrangera fecha expedicio,Red Móvil y Cobertura 5G,NEUTRO,0.6
Ugw4CE453CWB4Ncd-214AaABAg,qLxWDavp0bg,¿Cómo llamar a CLARO Servicio al cliente? en TODOS los países,Claro RD,@GabrielCruz-g9h,Cómo puedo comunicarme con un representante de claro,2026-05-02T12:27:13Z,1,1,Atención al Cliente y Soporte,co mo puedo comunicarme con un representante de claro,puedo comunicarme representante,Experiencia General de Marca,NEUTRO,0.6
UgyiM2QFEz_fVMT1Okt4AaABAg,JyYD60E2Vpk,Claro RD - Yo soy Claro - Urbano,Claro RD,@leandrocamilo3296,Es el mejor anuncio de Claro que he visto.,2026-05-01T01:24:08Z,0,0,Experiencia General de Marca,es el mejor anuncio de claro que he visto,mejor anuncio visto,Experiencia General de Marca,POSITIVO,0.75
UgwszM-URVO5Spev-f14AaABAg,km5bSERHQuQ,cómo poner señal 5g en tu teléfono,Claro RD,@ALEX-dd6bw,😂😂😂,2026-04-30T17:05:40Z,0,0,Red Móvil y Cobertura 5G,,,Experiencia General de Marca,NEUTRO,0.5
Ugyaalk1skrbfg8lBX54AaABAg,32ad78KOfW4,CÓMO LLAMAR A SERVICIOS DE CLARO,Claro RD,@RitaAlegríareategui-y4n,Quiero llamar aclaro como hago,2026-04-28T21:21:42Z,0,0,Atención al Cliente y Soporte,quiero llamar aclaro como hago,quiero llamar aclaro hago,Experiencia General de Marca,NEUTRO,0.6
Ugzj-9CcGgEQ7BAI-lR4AaABAg,tFedIElQiLs,0800 CLARO 🔴 Número de Teléfono de Atención al Cliente (2026),Claro RD,@jshwywggw,Yo tengo chip de claro,2026-04-23T03:23:24Z,0,0,Red Móvil y Cobertura 5G,yo tengo chip de claro,chip,Red Móvil y Cobertura 5G,NEUTRO,0.6
UgwGvND6PQkDP3ZW55B4AaABAg,qLxWDavp0bg,¿Cómo llamar a CLARO Servicio al cliente? en TODOS los países,Claro RD,@GabrielaJimanenzsatos,4 años con usted yo no puedo pasar mi nombre Yo quiero saber cuántos años,2026-04-20T12:50:24Z,1,1,Atención al Cliente y Soporte,an os con usted yo no puedo pasar mi nombre yo quiero saber cua ntos an os,usted puedo pasar nombre quiero saber cua ntos,Experiencia General de Marca,NEUTRO,0.6
Ugwj36ndx1mYnBUz-Yh4AaABAg,tFedIElQiLs,0800 CLARO 🔴 Número de Teléfono de Atención al Cliente (2026),Claro RD,@DesiderioToscanocolon,Necesito saber cuando me va llegar la cincsr,2026-04-19T20:23:44Z,0,0,Experiencia General de Marca,necesito saber cuando me va llegar la cincsr,necesito saber llegar cincsr,Experiencia General de Marca,NEUTRO,0.6
UgwygxsQsgOJzTCzZbV4AaABAg,wlVtVw0_lPc,Registra tu línea prepago 📱🤩,Claro RD,@ElReyAguilera-u8n,Para mi la mejor empresa es wom la velocidad parece fibra óptica en las veredas para que pero wom es la mejor operadora en señal en colombia,2026-04-16T13:29:40Z,0,0,Fibra Óptica e Internet Hogar,para mi la mejor empresa es wom la velocidad parece fibra o ptica en las veredas para que pero wom es la mejor operadora en sen al en colombia,mejor empresa wom velocidad parece fibra ptica veredas wom mejor operadora sen colombia,Fibra Óptica e Internet Hogar,POSITIVO,0.75
UgxSEcc84wF81tRuHrZ4AaABAg,S1_jiDCsjBA,Claro RD - 4ta. Generación de Fibra Óptica,Claro RD,@AlfredadReyes,Yo espero que no sea una cajita vieja que se frisé cómo está que tengo aquí que no sirve ni para un teléfono,2026-04-13T12:50:57Z,0,0,Fibra Óptica e Internet Hogar,yo espero que no sea una cajita vieja que se frise co mo esta que tengo aqui que no sirve ni para un tele fono,espero cajita vieja frise aqui sirve tele fono,Experiencia General de Marca,NEUTRO,0.6
Ugyatr0CQ6xHsNIPyd54AaABAg,wlVtVw0_lPc,Registra tu línea prepago 📱🤩,Claro RD,@BoxerRecords,Prepárense para perder mucho dinero 🤑,2026-04-12T19:59:56Z,0,0,Facturación y Tarifas,prepa rense para perder mucho dinero,prepa rense perder dinero,Facturación y Tarifas,NEUTRO,0.6
UgxAYcpRiOgm6BgVf0d4AaABAg,JyYD60E2Vpk,Claro RD - Yo soy Claro - Urbano,Claro RD,@MiguelFernández-q5r,Necesitamos una versión extendida por favor,2026-04-11T21:41:50Z,2,0,Experiencia General de Marca,necesitamos una versio n extendida por favor,necesitamos versio extendida favor,Experiencia General de Marca,NEUTRO,0.6
Ugz7iY3zA_naV6_u5k94AaABAg,JyYD60E2Vpk,Claro RD - Yo soy Claro - Urbano,Claro RD,@MiguelFernández-q5r,"Primera vez que escucho un anuncio completo, necesitamos esa música de 3 a 5 minutos mínimo.",2026-04-11T21:41:30Z,1,0,Experiencia General de Marca,primera vez que escucho un anuncio completo necesitamos esa mu sica de a minutos mi nimo,primera vez escucho anuncio completo necesitamos sica minutos nimo,Experiencia General de Marca,NEUTRO,0.6
Ugz4l49gJrV5iZZorQZ4AaABAg,tFedIElQiLs,0800 CLARO 🔴 Número de Teléfono de Atención al Cliente (2026),Claro RD,@Franciscoteves-z6t8g,Claro,2026-04-11T18:08:49Z,0,0,Experiencia General de Marca,claro,,Experiencia General de Marca,NEUTRO,0.6
UgxSh2Gsn8OOWYGAlxR4AaABAg,qLxWDavp0bg,¿Cómo llamar a CLARO Servicio al cliente? en TODOS los países,Claro RD,@jesusfernandobejaranoauqui8200,Necesito servicio de internet,2026-04-06T19:37:30Z,1,1,Fibra Óptica e Internet Hogar,necesito servicio de internet,necesito servicio internet,Fibra Óptica e Internet Hogar,NEUTRO,0.6
Ugx20_z6SZGVnEzdkWZ4AaABAg,OwIQi9ngosg,La red 5G de Claro llega a más ciudades,Claro RD,@AlejandroVillacíspalacios,Por si acaso si me llegó el saldo al teléfono de mí hijo que no contesto es decir se terminó el saldo sin hablar un segundo menos mal que tengo internet y por eso puedo mandar este mensaje,2026-04-05T00:19:55Z,0,0,Fibra Óptica e Internet Hogar,por si acaso si me llego el saldo al tele fono de mi hijo que no contesto es decir se termino el saldo sin hablar un segundo menos mal que tengo internet y por eso puedo mandar este mensaje,acaso llego saldo tele fono hijo contesto decir termino saldo hablar segundo menos mal internet puedo mandar mensaje,Fibra Óptica e Internet Hogar,NEUTRO,0.6
UgxBSenGwGRCTVpeth54AaABAg,wlVtVw0_lPc,Registra tu línea prepago 📱🤩,Claro RD,@AbiMujica-v7x,No mi amor ojalá fuera tan fácil no siquiera terminan de atender a una,2026-04-02T16:46:11Z,1,0,Facturación y Tarifas,no mi amor ojala fuera tan fa cil no siquiera terminan de atender a una,amor ojala tan cil siquiera terminan atender,Experiencia General de Marca,NEUTRO,0.6
Ugw8v5vu0vJVN7nu49F4AaABAg,ekdDZO1zQCk,📶 Configuración APN Claro RD 2026 | Internet 4G/5G rápido en tu celular,Claro RD,@AlcidesAntonioHurtadoRamos,Configuracion de claro,2026-03-31T22:12:40Z,0,0,Fibra Óptica e Internet Hogar,configuracion de claro,configuracion,Experiencia General de Marca,NEUTRO,0.6
UgzeoBRmmZCAOItExDt4AaABAg,LS31ag67aww,Claro RD - Pasos para activar Red 5G en tu equipo Android,Claro RD,@Alexander_14DH,"Una pregunta para Claro, por que mi cel ya no sube 5G si antes lo hacía??",2026-03-31T16:01:39Z,0,1,Red Móvil y Cobertura 5G,una pregunta para claro por que mi cel ya no sube g si antes lo haci a,pregunta cel sube haci,Red Móvil y Cobertura 5G,NEUTRO,0.6
UgzZembSlLBJiLIxx214AaABAg,JyYD60E2Vpk,Claro RD - Yo soy Claro - Urbano,Claro RD,@enamoradosdelosautos,Es increíble yo he escuchado ese anuncio y me he quedado con las ganas de escucharlo en YouTube siempre esa es mi música ahora,2026-03-31T00:30:08Z,0,0,Experiencia General de Marca,es increi ble yo he escuchado ese anuncio y me he quedado con las ganas de escucharlo en youtube siempre esa es mi mu sica ahora,increi ble escuchado anuncio quedado ganas escucharlo siempre sica ahora,Experiencia General de Marca,NEUTRO,0.6
Ugz3TZT0-mHoPFwW7Ip4AaABAg,LS31ag67aww,Claro RD - Pasos para activar Red 5G en tu equipo Android,Claro RD,@luisevargasdejesus6542,Yo tengo un Google pixel 9 pro XL y no se me pone 5G arriba solo LTE aunque activo el 5G ustedes deberían de hablar con Google,2026-03-30T20:01:51Z,4,5,Red Móvil y Cobertura 5G,yo tengo un google pixel pro xl y no se me pone g arriba solo lte aunque activo el g ustedes deberi an de hablar con google,google pixel pro pone arriba solo lte aunque activo ustedes deberi hablar google,Red Móvil y Cobertura 5G,NEUTRO,0.6
UgzlDmRS1HoZAazIEcN4AaABAg,zE4mlgdWzYg,como configurar Apn 5G 4G claro Dominicana,Claro RD,@onelso12,Eres lo mejor bro me fusionó😢 ahora tengo 5 g😊 Gracias brother ese video vale oro,2026-03-30T13:04:59Z,0,0,Red Móvil y Cobertura 5G,eres lo mejor bro me fusiono ahora tengo g gracias brother ese video vale oro,mejor bro fusiono ahora gracias brother vale oro,Experiencia General de Marca,POSITIVO,0.75
UgxjEVw97If52q4Nny14AaABAg,zE4mlgdWzYg,como configurar Apn 5G 4G claro Dominicana,Claro RD,@onelso12,Esa cosa vale oro😊,2026-03-30T13:00:24Z,0,0,Red Móvil y Cobertura 5G,esa cosa vale oro,cosa vale oro,Experiencia General de Marca,NEUTRO,0.6
UgxD_NaW30vK5kId7RJ4AaABAg,rHf6Xta_Jio,Claro RD - Yo soy Claro Percusivo,Claro RD,@Erilayna,DIA 5 INTENDANDO QUE CLARO ME RESPONDA ME LLAMO ERILAYNA 🎉 ‼️,2026-03-27T23:19:01Z,1,0,Experiencia General de Marca,dia intendando que claro me responda me llamo erilayna,dia intendando responda llamo erilayna,Experiencia General de Marca,NEUTRO,0.6
Ugw9TjgEgCh7i-jaWEV4AaABAg,wpSBLTr1UFI,¿Cómo ATENDER QUEJAS y RECLAMOS de los CLIENTES?,Claro RD,@Halesito,fantastico m encanta piensas muy bien k inteligente eres un abrazo mi hermanito chico,2026-03-24T09:06:47Z,0,1,Atención al Cliente y Soporte,fantastico m encanta piensas muy bien k inteligente eres un abrazo mi hermanito chico,fantastico encanta piensas bien inteligente abrazo hermanito chico,Experiencia General de Marca,NEUTRO,0.6
UgzcryRnrosandDtVb94AaABAg,wlVtVw0_lPc,Registra tu línea prepago 📱🤩,Claro RD,@vanessalopez4129,Me pasa lo mismo no coloca los datos lo envían al.whasapp y hace la activation pero cuando voy hacer la recarga nos se puede,2026-03-22T18:18:25Z,0,0,Red Móvil y Cobertura 5G,me pasa lo mismo no coloca los datos lo envi an al whasapp y hace la activation pero cuando voy hacer la recarga nos se puede,pasa mismo coloca datos envi whasapp hace activation voy hacer recarga puede,Red Móvil y Cobertura 5G,NEUTRO,0.6
UgxRwyhuJsuqlQS3CTZ4AaABAg,vyzj855irRw,Claro Nicaragua y su servicio al cliente,Claro RD,@LuisferminCardiza,Estamos en manos de Delincuentes profesionales y con licencia,2026-03-22T16:47:33Z,0,0,Atención al Cliente y Soporte,estamos en manos de delincuentes profesionales y con licencia,manos delincuentes profesionales licencia,Experiencia General de Marca,NEUTRO,0.6
UgxDTlKUDV3gBrm2kBF4AaABAg,32ad78KOfW4,CÓMO LLAMAR A SERVICIOS DE CLARO,Claro RD,@mauriciotrejo3777,Me cortaron las llamadas y tengo fecha de pago para los días 22 de cada mes y no es la primera vez que pasa,2026-03-19T16:27:18Z,0,0,Atención al Cliente y Soporte,me cortaron las llamadas y tengo fecha de pago para los di as de cada mes y no es la primera vez que pasa,cortaron llamadas fecha pago cada mes primera vez pasa,Facturación y Tarifas,NEUTRO,0.6
UgyEw7tq6xkCuPYXfPl4AaABAg,LS31ag67aww,Claro RD - Pasos para activar Red 5G en tu equipo Android,Claro RD,@cesartorressajoma,"Tengo un galaxy zflip 5, y no me sale esa opción",2026-03-18T17:32:03Z,0,0,Red Móvil y Cobertura 5G,tengo un galaxy zflip y no me sale esa opcio n,galaxy zflip sale opcio,Experiencia General de Marca,NEUTRO,0.6
Ugzv2toMyxFtpSCfVCJ4AaABAg,lAvgw83L_dw,Claro RD - Activa la Red 5G en tu iPhone,Claro RD,@lenincarpio6477,"El problema de esa función es, que cuando la activas y el 5G no está disponible, entonces el LTE no funciona de manera estable ni correcta, su funcionamiento no es el mismo que cuando solo dejas la opción LTE señalada…",2026-03-17T17:11:02Z,3,2,Red Móvil y Cobertura 5G,el problema de esa funcio n es que cuando la activas y el g no esta disponible entonces el lte no funciona de manera estable ni correcta su funcionamiento no es el mismo que cuando solo dejas la opcio n lte sen alada,problema funcio activas disponible entonces lte funciona manera estable correcta funcionamiento mismo solo dejas opcio lte sen alada,Red Móvil y Cobertura 5G,POSITIVO,0.75
UgwhraYKUWxSyZLKbvB4AaABAg,lAvgw83L_dw,Claro RD - Activa la Red 5G en tu iPhone,Claro RD,@harolisnovas2914,"Soy de claro, eso no silbe por aquí",2026-03-17T15:59:05Z,0,0,Red Móvil y Cobertura 5G,soy de claro eso no silbe por aqui,silbe aqui,Experiencia General de Marca,NEUTRO,0.6
Ugxoc2rFSjdKCkWuV754AaABAg,LS31ag67aww,Claro RD - Pasos para activar Red 5G en tu equipo Android,Claro RD,@myster88jose,Motorola 5g,2026-03-17T14:50:46Z,0,0,Red Móvil y Cobertura 5G,motorola g,motorola,Red Móvil y Cobertura 5G,NEUTRO,0.6
UgyqEpDieJFURhKVRSl4AaABAg,wlVtVw0_lPc,Registra tu línea prepago 📱🤩,Claro RD,@joseluisdoradoenriquez8947,que cagada eso no sirve pa ni mierda solo sale error 😡😡😡,2026-03-14T21:11:29Z,0,0,Facturación y Tarifas,que cagada eso no sirve pa ni mierda solo sale error,cagada sirve mierda solo sale error,Experiencia General de Marca,NEUTRO,0.6
UgzmhGuSGaljX0lAlOV4AaABAg,tFedIElQiLs,0800 CLARO 🔴 Número de Teléfono de Atención al Cliente (2026),Claro RD,@RonaldArevaloPinedo-x3t,Claro,2026-03-11T21:23:36Z,0,0,Experiencia General de Marca,claro,,Experiencia General de Marca,NEUTRO,0.6
Ugx3W2H-5rNMn383g8x4AaABAg,wlVtVw0_lPc,Registra tu línea prepago 📱🤩,Claro RD,@ISA-alvarezgarcia4323,Por q no le responden a nadie. 😡😡😡,2026-03-11T20:03:27Z,0,0,Facturación y Tarifas,por q no le responden a nadie,responden nadie,Experiencia General de Marca,NEUTRO,0.6
Ugw3MPlwHqgnNBFmnqZ4AaABAg,tFedIElQiLs,0800 CLARO 🔴 Número de Teléfono de Atención al Cliente (2026),Claro RD,@adrianamariaospinaramirez346,Claro,2026-03-11T17:09:52Z,0,0,Experiencia General de Marca,claro,,Experiencia General de Marca,NEUTRO,0.6
UgxUMrG25U1wSMaQKfN4AaABAg,rHf6Xta_Jio,Claro RD - Yo soy Claro Percusivo,Claro RD,@TeapotDrawss,Y cuando uso el internet va más lento que trailer en reversa 💔,2026-03-11T04:39:13Z,2,0,Fibra Óptica e Internet Hogar,y cuando uso el internet va ma s lento que trailer en reversa,uso internet lento trailer reversa,Fibra Óptica e Internet Hogar,NEGATIVO,0.75
Ugyv5svMuHHyEvSZb2d4AaABAg,qLxWDavp0bg,¿Cómo llamar a CLARO Servicio al cliente? en TODOS los países,Claro RD,@EdgarSánchez-x1y,5:47 Perú,2026-03-10T17:26:03Z,1,1,Atención al Cliente y Soporte,peru,peru,Experiencia General de Marca,NEUTRO,0.6
UgzBCKEOtmJ9q2Hn2Y14AaABAg,LS31ag67aww,Claro RD - Pasos para activar Red 5G en tu equipo Android,Claro RD,@luisalvarezc01,Funciona para los google pixel? Alguien que me confirme,2026-03-04T06:06:52Z,0,4,Red Móvil y Cobertura 5G,funciona para los google pixel alguien que me confirme,funciona google pixel alguien confirme,Experiencia General de Marca,NEUTRO,0.6
Ugx0PMptqM-e9guU56h4AaABAg,32ad78KOfW4,CÓMO LLAMAR A SERVICIOS DE CLARO,Claro RD,@EmilianoVilchezzegarra,Quiero comunicarme con claro,2026-03-04T00:29:55Z,0,0,Atención al Cliente y Soporte,quiero comunicarme con claro,quiero comunicarme,Experiencia General de Marca,NEUTRO,0.6
UgxziQSnL0DigFGbj3F4AaABAg,km5bSERHQuQ,cómo poner señal 5g en tu teléfono,Claro RD,@eriidddecon7668,Y eso funciona para un Samsung A21 ?,2026-03-03T11:22:33Z,0,0,Red Móvil y Cobertura 5G,y eso funciona para un samsung a,funciona samsung,Experiencia General de Marca,NEUTRO,0.6
Ugyciy9ZYZe6mYg9BkR4AaABAg,wlVtVw0_lPc,Registra tu línea prepago 📱🤩,Claro RD,@MariaEstelaMartinez-y5n,Yo compre uno me salio blokiado😢,2026-02-28T23:32:12Z,0,0,Facturación y Tarifas,yo compre uno me salio blokiado,compre salio blokiado,Experiencia General de Marca,NEUTRO,0.6
UgxhVYfupFDwz88wmDR4AaABAg,rHf6Xta_Jio,Claro RD - Yo soy Claro Percusivo,Claro RD,@CarmitoMedina-b2s,1:07,2026-02-28T21:08:38Z,0,0,Experiencia General de Marca,,,Experiencia General de Marca,NEUTRO,0.5
UgzpBmsXdz1TyoiNeCh4AaABAg,rHf6Xta_Jio,Claro RD - Yo soy Claro Percusivo,Claro RD,@albaniaramirez3662,Gracia señor por todos Gracia por cuidar y renovarme cada días bendiciones gloria a Dios aleluya 🙌,2026-02-28T12:29:38Z,11,1,Experiencia General de Marca,gracia sen or por todos gracia por cuidar y renovarme cada di as bendiciones gloria a dios aleluya,gracia sen gracia cuidar renovarme cada bendiciones gloria dios aleluya,Experiencia General de Marca,NEUTRO,0.6
UgzpgAaJeWZKq1oTA694AaABAg,km5bSERHQuQ,cómo poner señal 5g en tu teléfono,Claro RD,@JoséDíaz-w7t,No sale nada puras mentiras,2026-02-26T17:11:44Z,1,0,Red Móvil y Cobertura 5G,no sale nada puras mentiras,sale puras mentiras,Experiencia General de Marca,NEUTRO,0.6
UgwezREGoE0MAgtBFsl4AaABAg,qLxWDavp0bg,¿Cómo llamar a CLARO Servicio al cliente? en TODOS los países,Claro RD,@gloriarubio4750,El Salvador y,2026-02-23T18:35:44Z,0,0,Atención al Cliente y Soporte,el salvador y,salvador,Experiencia General de Marca,NEUTRO,0.6
UgzbtqFSgGzt_oiNr414AaABAg,LS31ag67aww,Claro RD - Pasos para activar Red 5G en tu equipo Android,Claro RD,@misaelcamposicanaque,A mi no me sale 😢,2026-02-23T14:37:18Z,0,0,Red Móvil y Cobertura 5G,a mi no me sale,sale,Experiencia General de Marca,NEUTRO,0.6
Ugwkr_Amwk_j6xqPh2F4AaABAg,rHf6Xta_Jio,Claro RD - Yo soy Claro Percusivo,Claro RD,@doriammorelo6629,si claro me responde sigo su canal 🗣🗣,2026-02-21T18:10:13Z,0,1,Experiencia General de Marca,si claro me responde sigo su canal,responde sigo canal,Experiencia General de Marca,NEUTRO,0.6
UgyQ6GmFiY5iUeg_wft4AaABAg,rHf6Xta_Jio,Claro RD - Yo soy Claro Percusivo,Claro RD,@luane_rd,Jajajaka,2026-02-19T14:24:13Z,0,0,Experiencia General de Marca,jajajaka,jajajaka,Experiencia General de Marca,NEUTRO,0.6
UgyQbPExPThT7ffHMth4AaABAg,rHf6Xta_Jio,Claro RD - Yo soy Claro Percusivo,Claro RD,@jijihola26,Bro no me deja 😢😢,2026-02-15T20:02:23Z,2,0,Experiencia General de Marca,bro no me deja,bro deja,Experiencia General de Marca,NEUTRO,0.6
Ugwq69d4Ya-IUGVgrmp4AaABAg,rHf6Xta_Jio,Claro RD - Yo soy Claro Percusivo,Claro RD,@Lalilaoficial,DÍA 1 HACIENDO QUE LA CUENTA DE CLARO RD ME RESPONDA 🗣‼️🔥,2026-02-15T18:58:52Z,36,9,Experiencia General de Marca,di a haciendo que la cuenta de claro rd me responda,haciendo cuenta responda,Experiencia General de Marca,NEUTRO,0.6
UgwZ5lEY9c_oHRQCIaV4AaABAg,km5bSERHQuQ,cómo poner señal 5g en tu teléfono,Claro RD,@gersonsotelochavez803,Q bueno q ya existe el deslike 😇,2026-02-14T03:21:22Z,0,0,Red Móvil y Cobertura 5G,q bueno q ya existe el deslike,bueno existe deslike,Experiencia General de Marca,POSITIVO,0.75
Ugx9_NGjPE492H_3fkZ4AaABAg,wlVtVw0_lPc,Registra tu línea prepago 📱🤩,Claro RD,@Alonbes007-zz8qe,``elige el numero de documento y quita el numero de documento`` XDDDD,2026-02-13T15:03:26Z,1,0,Facturación y Tarifas,elige el numero de documento y quita el numero de documento xdddd,elige numero documento quita numero documento xdddd,Experiencia General de Marca,NEUTRO,0.6
UgyNZAdH0CWjTxS2_g54AaABAg,rHf6Xta_Jio,Claro RD - Yo soy Claro Percusivo,Claro RD,@ritavanesapolanco6903,"Estoy esperando mi bendición,por ser un cliente claro fiel de  su fundación en el país.",2026-02-13T03:39:13Z,13,0,Experiencia General de Marca,estoy esperando mi bendicio n por ser un cliente claro fiel de su fundacio n en el pai s,esperando bendicio ser cliente fiel fundacio pai,Atención al Cliente y Soporte,NEGATIVO,0.75
UgyTYZep_tA6Tb0iyx14AaABAg,wlVtVw0_lPc,Registra tu línea prepago 📱🤩,Claro RD,@IMimiG,Cuánto tiempo demora la activación? Me dice que está fuera de servicio,2026-02-12T15:55:50Z,5,3,Atención al Cliente y Soporte,cua nto tiempo demora la activacio n me dice que esta fuera de servicio,cua nto tiempo demora activacio dice servicio,Atención al Cliente y Soporte,NEGATIVO,0.75
UgwHUrZXqHPKUHD-OBZ4AaABAg,rHf6Xta_Jio,Claro RD - Yo soy Claro Percusivo,Claro RD,@yngrijoapena1761,Vi a nashla😂😂😂😂 a montessquiu😂😂😂😂😂😂,2026-02-12T10:41:31Z,3,0,Experiencia General de Marca,vi a nashla a montessquiu,nashla montessquiu,Experiencia General de Marca,NEUTRO,0.6
UgxPxPQUlPKMpluyMNN4AaABAg,cXJfXbWC248,👉CON ESTE CODIGO EVITAS que CLARO te CONSUMA SALDO SIN PERMISO.,Claro RD,@ErikaPillco-y9h,Ami celular active sin cortes y ahora no quiere desabilitarse y esta consumiendo mi crédito,2026-02-09T14:54:35Z,0,0,Facturación y Tarifas,ami celular active sin cortes y ahora no quiere desabilitarse y esta consumiendo mi cre dito,ami celular active cortes ahora quiere desabilitarse consumiendo cre dito,Facturación y Tarifas,NEUTRO,0.6
UgzHHj0TSb9uTzOwegR4AaABAg,LS31ag67aww,Claro RD - Pasos para activar Red 5G en tu equipo Android,Claro RD,@WebinSonador,🎉😊 wuelvin,2026-02-07T00:46:41Z,0,0,Red Móvil y Cobertura 5G,wuelvin,wuelvin,Experiencia General de Marca,NEUTRO,0.6
Ugy7-4hx7h_uJciHQUh4AaABAg,wlVtVw0_lPc,Registra tu línea prepago 📱🤩,Claro RD,@davidgutierrezgarcia6218,A caray 😅 si el canal se llama claro Colombia que tiene que ver en México,2026-02-05T20:46:07Z,0,0,Facturación y Tarifas,a caray si el canal se llama claro colombia que tiene que ver en me xico,caray canal llama colombia ver xico,Experiencia General de Marca,NEUTRO,0.6
Ugyv-2WNHO10xn0qUnd4AaABAg,rHf6Xta_Jio,Claro RD - Yo soy Claro Percusivo,Claro RD,@DanielRomero-jt,Amén gracias que le bendiga a todos ❤❤❤❤❤,2026-02-01T03:53:03Z,10,0,Experiencia General de Marca,ame n gracias que le bendiga a todos,ame gracias bendiga,Experiencia General de Marca,NEUTRO,0.6
Ugxud_wgMH2TQvoyMLV4AaABAg,lAvgw83L_dw,Claro RD - Activa la Red 5G en tu iPhone,Claro RD,@delisvargas8147,Y si es una persona ciega que quiere activar esto cómo puede saber lo que ustedes están explicando ahí si no tiene ningún tipo de voz? Sugiero que sea más accesible la información.,2026-01-31T02:53:45Z,1,0,Red Móvil y Cobertura 5G,y si es una persona ciega que quiere activar esto co mo puede saber lo que ustedes esta n explicando ahi si no tiene ningu n tipo de voz sugiero que sea ma s accesible la informacio n,persona ciega quiere activar puede saber ustedes explicando ahi ningu tipo voz sugiero accesible informacio,Experiencia General de Marca,NEUTRO,0.6
Ugxw7alTxRkk_yZsQ_Z4AaABAg,wlVtVw0_lPc,Registra tu línea prepago 📱🤩,Claro RD,@mariaelenal-s1h5r,soy tigo claro es caca,2026-01-30T03:13:47Z,1,0,Facturación y Tarifas,soy tigo claro es caca,tigo caca,Experiencia General de Marca,NEUTRO,0.6
UgwEB8w0B3JwEwZzyj54AaABAg,LS31ag67aww,Claro RD - Pasos para activar Red 5G en tu equipo Android,Claro RD,@juanluis2092,Solo tienen 5G para las marcas de celular que ellos importan 😒,2026-01-29T23:41:35Z,0,0,Red Móvil y Cobertura 5G,solo tienen g para las marcas de celular que ellos importan,solo marcas celular importan,Red Móvil y Cobertura 5G,NEUTRO,0.6
UgzpRvDK-oZQiRGMDLx4AaABAg,lAvgw83L_dw,Claro RD - Activa la Red 5G en tu iPhone,Claro RD,@ArturoAlmonte-b2z,Mi campo no llega,2026-01-29T17:43:59Z,0,0,Red Móvil y Cobertura 5G,mi campo no llega,campo llega,Experiencia General de Marca,NEUTRO,0.6
UgwN2d30Q0K4y85DlVB4AaABAg,LS31ag67aww,Claro RD - Pasos para activar Red 5G en tu equipo Android,Claro RD,@xXMrScaryXx,"Saludos yo estoy teniendo problemas con el 5G, sube y baja a 4G continuamente, antes no me pasaba eso",2026-01-29T15:45:25Z,0,1,Red Móvil y Cobertura 5G,saludos yo estoy teniendo problemas con el g sube y baja a g continuamente antes no me pasaba eso,saludos problemas sube baja continuamente pasaba,Red Móvil y Cobertura 5G,NEUTRO,0.6
Ugz8LSYsoVa0lGTZJK54AaABAg,rHf6Xta_Jio,Claro RD - Yo soy Claro Percusivo,Claro RD,@JoscarliMejias,Pero tienen que estar diciendo malas palabras,2026-01-29T00:20:33Z,0,0,Experiencia General de Marca,pero tienen que estar diciendo malas palabras,diciendo malas palabras,Experiencia General de Marca,NEUTRO,0.6
UgzxVm1Ub3axhT9OLdR4AaABAg,TKWpVefFVkQ,La Mejor compañía internet móvil de República Dominicana.,Claro RD,@patricioovallelantigua994,"!!!Falso!!! Claro tiene más cobertura,  es más vieja en el mercado. desde el 1930 cuando era CODETEL.",2026-01-27T18:25:28Z,1,1,Fibra Óptica e Internet Hogar,falso claro tiene ma s cobertura es ma s vieja en el mercado desde el cuando era codetel,falso cobertura vieja mercado codetel,Red Móvil y Cobertura 5G,NEUTRO,0.6
Ugx33WpKD2tbCdtNNj94AaABAg,rHf6Xta_Jio,Claro RD - Yo soy Claro Percusivo,Claro RD,@perlahxs,Sugerimos a  Claro debe invertir menos en anuncio e invertir mas en su red óptica para mejorar,2026-01-27T09:21:29Z,11,1,Experiencia General de Marca,sugerimos a claro debe invertir menos en anuncio e invertir mas en su red o ptica para mejorar,sugerimos debe invertir menos anuncio invertir mas red ptica mejorar,Experiencia General de Marca,POSITIVO,0.75
Ugw8K8v0TWPEncaI8Kd4AaABAg,rHf6Xta_Jio,Claro RD - Yo soy Claro Percusivo,Claro RD,@brannycedeno6823,Merengue y publicidad juntos. Qué asco. 😂,2026-01-26T11:54:34Z,3,0,Experiencia General de Marca,merengue y publicidad juntos que asco,merengue publicidad juntos asco,Experiencia General de Marca,NEUTRO,0.6
UgxTA_ifnqj6tmdGHDV4AaABAg,wlVtVw0_lPc,Registra tu línea prepago 📱🤩,Claro RD,@Kaine_crimson,excelente,2026-01-23T18:03:55Z,0,0,Facturación y Tarifas,excelente,excelente,Experiencia General de Marca,POSITIVO,0.75
Ugxu2cXv-wKm4XNkwfx4AaABAg,rHf6Xta_Jio,Claro RD - Yo soy Claro Percusivo,Claro RD,@FrankLuisMañón,Es que está gente del diablo creen que uno paga un internet para que ellos esten poniendo su anuncio gente del diablo,2026-01-23T16:08:17Z,40,0,Fibra Óptica e Internet Hogar,es que esta gente del diablo creen que uno paga un internet para que ellos esten poniendo su anuncio gente del diablo,gente diablo creen paga internet esten poniendo anuncio gente diablo,Fibra Óptica e Internet Hogar,NEUTRO,0.6
Ugx5NrC0l6TSUz4wB954AaABAg,rHf6Xta_Jio,Claro RD - Yo soy Claro Percusivo,Claro RD,@ProvidenciaDelaCruz-b7t,Ok Claro está bien gracias,2026-01-22T04:41:50Z,10,0,Experiencia General de Marca,ok claro esta bien gracias,bien gracias,Experiencia General de Marca,NEUTRO,0.6
Ugy95-NosgxTu8lUXlB4AaABAg,rHf6Xta_Jio,Claro RD - Yo soy Claro Percusivo,Claro RD,@JoseGarcia-kb2jd,Amen gracias a Dios mediante claro,2026-01-21T22:15:40Z,7,1,Experiencia General de Marca,amen gracias a dios mediante claro,amen gracias dios mediante,Experiencia General de Marca,NEUTRO,0.6
Ugz0OuGvcJIo45gz3Zx4AaABAg,rHf6Xta_Jio,Claro RD - Yo soy Claro Percusivo,Claro RD,@JoseGarcia-kb2jd,An😢,2026-01-21T22:15:22Z,0,0,Experiencia General de Marca,an,,Experiencia General de Marca,NEUTRO,0.6
UgzIv5sKMnvhGlLXhh54AaABAg,9KLGU3mLPng,Claro RD - Internet en Fibra Óptica para el Hogar,Claro RD,@Ivonne-cabezas,Jinete avícola!!!,2026-01-21T22:00:38Z,1,1,Fibra Óptica e Internet Hogar,jinete avi cola,jinete avi cola,Experiencia General de Marca,NEUTRO,0.6
Ugw35uNP5OHgJbwhjJJ4AaABAg,wlVtVw0_lPc,Registra tu línea prepago 📱🤩,Claro RD,@AntonioLopez-nu6bi,"Es una mierda, que arrepentido estoy,mejor me cambio a CNT",2026-01-20T03:05:29Z,0,0,Facturación y Tarifas,es una mierda que arrepentido estoy mejor me cambio a cnt,mierda arrepentido mejor cambio cnt,Planes y Promociones,POSITIVO,0.75
UgxOW5I4U8RrJPJn6QR4AaABAg,32ad78KOfW4,CÓMO LLAMAR A SERVICIOS DE CLARO,Claro RD,@ismaelburgos9702,No pagare más mi cuenta don una empresa de delincuentes con corbata trate de llamar y no me dan alternativa,2026-01-20T00:16:43Z,0,0,Red Móvil y Cobertura 5G,no pagare ma s mi cuenta don una empresa de delincuentes con corbata trate de llamar y no me dan alternativa,pagare cuenta don empresa delincuentes corbata trate llamar dan alternativa,Red Móvil y Cobertura 5G,NEUTRO,0.6
Ugxpr6YrZq0Oz1jjyz94AaABAg,qLxWDavp0bg,¿Cómo llamar a CLARO Servicio al cliente? en TODOS los países,Claro RD,@ameliafariasbasilis5138,Sii pero ya deme el # por favor !,2026-01-19T18:25:08Z,1,1,Atención al Cliente y Soporte,sii pero ya deme el por favor,sii deme favor,Experiencia General de Marca,NEUTRO,0.6
UgyDvJwB6rDHbGOx86t4AaABAg,wlVtVw0_lPc,Registra tu línea prepago 📱🤩,Claro RD,@guarolopez2977,Pura mentira y dan un número de wasap y no pasan a ningún asesor xd,2026-01-16T15:03:57Z,21,0,Facturación y Tarifas,pura mentira y dan un nu mero de wasap y no pasan a ningu n asesor xd,pura mentira dan mero wasap pasan ningu asesor,Experiencia General de Marca,NEUTRO,0.6
UgxhaS7fUlMiQeD4Dqp4AaABAg,wlVtVw0_lPc,Registra tu línea prepago 📱🤩,Claro RD,@mikeas_42,"Pregunta,(soy niño)para que sirve :v",2026-01-10T03:39:02Z,0,2,Facturación y Tarifas,pregunta soy nin o para que sirve v,pregunta nin sirve,Experiencia General de Marca,NEUTRO,0.6
UgwYLBTWbZJFh6FPaPt4AaABAg,hYcd1zA3hfo,Claro RD - 4ta. Generación de Fibra Óptica,Claro RD,@elian3524,Podrian tus anuncios dejar de molestar tanto🙏😭,2026-01-06T20:19:57Z,0,0,Fibra Óptica e Internet Hogar,podrian tus anuncios dejar de molestar tanto,podrian anuncios dejar molestar,Experiencia General de Marca,NEUTRO,0.6
UgyDFOhQ63hiWXnO_MV4AaABAg,32ad78KOfW4,CÓMO LLAMAR A SERVICIOS DE CLARO,Claro RD,@ManuelPenela-s8h,Quero saber el número servicio al cliente pof,2026-01-04T16:18:59Z,0,0,Atención al Cliente y Soporte,quero saber el nu mero servicio al cliente pof,quero saber mero servicio cliente pof,Atención al Cliente y Soporte,NEUTRO,0.6
UgzbtBZaP1JTG57R5Bx4AaABAg,32ad78KOfW4,CÓMO LLAMAR A SERVICIOS DE CLARO,Claro RD,@ManuelPenela-s8h,Hola necesito hablar con un  ejecutivo de empresa claro,2026-01-04T16:16:41Z,0,0,Atención al Cliente y Soporte,hola necesito hablar con un ejecutivo de empresa claro,necesito hablar ejecutivo empresa,Experiencia General de Marca,NEUTRO,0.6
UgxCpDEKZ4M8GjJm1-14AaABAg,hYcd1zA3hfo,Claro RD - 4ta. Generación de Fibra Óptica,Claro RD,@DaylanJose,Eso está muy bien,2026-01-04T02:08:31Z,1,0,Fibra Óptica e Internet Hogar,eso esta muy bien,bien,Experiencia General de Marca,NEUTRO,0.6
UgwyL1B3-FZwrAoGs4d4AaABAg,wlVtVw0_lPc,Registra tu línea prepago 📱🤩,Claro RD,@_S0norSebas,Lit ise eso y esta que me dice incorrecto esto es uan m,2026-01-03T04:17:53Z,2,0,Facturación y Tarifas,lit ise eso y esta que me dice incorrecto esto es uan m,lit ise dice incorrecto uan,Experiencia General de Marca,NEUTRO,0.6
UgwMq4vmUgE3B6h9xRl4AaABAg,wlVtVw0_lPc,Registra tu línea prepago 📱🤩,Claro RD,@stivenff5571,Clarooooo 😢 no me deja por fa ayudaaa,2025-12-26T19:03:44Z,0,0,Facturación y Tarifas,clarooooo no me deja por fa ayudaaa,clarooooo deja ayudaaa,Experiencia General de Marca,NEUTRO,0.6
UgwE5lO4C4dp4U3eKft4AaABAg,wlVtVw0_lPc,Registra tu línea prepago 📱🤩,Claro RD,@JennifferHouseKeeperRHernandez,Estamos con tigo,2025-12-24T19:26:23Z,5,0,Facturación y Tarifas,estamos con tigo,tigo,Experiencia General de Marca,NEUTRO,0.6
UgzAR0f7M65icARqfuh4AaABAg,wlVtVw0_lPc,Registra tu línea prepago 📱🤩,Claro RD,@eltao7853,Cómo registro mi IMEI de mi cel.,2025-12-24T06:47:29Z,1,0,Facturación y Tarifas,co mo registro mi imei de mi cel,registro imei cel,Experiencia General de Marca,NEUTRO,0.6
UgzfpG_Nk-9pKY8OvwN4AaABAg,qLxWDavp0bg,¿Cómo llamar a CLARO Servicio al cliente? en TODOS los países,Claro RD,@alexandersalazar-j6i,Malicimo tengo dos meces sin cable,2025-12-20T16:21:19Z,1,1,Atención al Cliente y Soporte,malicimo tengo dos meces sin cable,malicimo dos meces cable,Experiencia General de Marca,NEUTRO,0.6
UgwCOcc5dZktois0BnV4AaABAg,vyzj855irRw,Claro Nicaragua y su servicio al cliente,Claro RD,@alexandersalazar-j6i,Nunca contestan,2025-12-20T16:09:28Z,0,0,Atención al Cliente y Soporte,nunca contestan,nunca contestan,Experiencia General de Marca,NEUTRO,0.6
Ugx8LWRmFd0mU0aOPXV4AaABAg,vyzj855irRw,Claro Nicaragua y su servicio al cliente,Claro RD,@alexandersalazar-j6i,Nunca contestan,2025-12-20T16:08:53Z,0,0,Atención al Cliente y Soporte,nunca contestan,nunca contestan,Experiencia General de Marca,NEUTRO,0.6
UgxY0oUe4ojXeXrZl2V4AaABAg,km5bSERHQuQ,cómo poner señal 5g en tu teléfono,Claro RD,@abrahamsiles2952,"Es mentira no activa el 5G solo debilitas la seguridad de tu equipo, na caigas en sus estafas",2025-12-19T19:39:03Z,5,0,Red Móvil y Cobertura 5G,es mentira no activa el g solo debilitas la seguridad de tu equipo na caigas en sus estafas,mentira activa solo debilitas seguridad equipo caigas estafas,Red Móvil y Cobertura 5G,NEGATIVO,0.75
UgwUSbSns5yUmL8-Aqx4AaABAg,wlVtVw0_lPc,Registra tu línea prepago 📱🤩,Claro RD,@microplastics777,"""y listo"" 🤓🤓🤓🤓🤓🤓",2025-12-18T23:52:23Z,1,0,Facturación y Tarifas,y listo,listo,Experiencia General de Marca,NEUTRO,0.6
UgzOpQz1hBIeHYxrH714AaABAg,wlVtVw0_lPc,Registra tu línea prepago 📱🤩,Claro RD,@JaimeenriqueLeon,Es mentira a mí me dice que ponga el apellido y de ahí no pasa el registro,2025-12-17T17:04:55Z,5,1,Facturación y Tarifas,es mentira a mi me dice que ponga el apellido y de ahi no pasa el registro,mentira dice ponga apellido ahi pasa registro,Experiencia General de Marca,NEUTRO,0.6
Ugy6BZ20_xIqOLAlnTZ4AaABAg,wlVtVw0_lPc,Registra tu línea prepago 📱🤩,Claro RD,@JoanMiranda-p9s4k,Tengo que activar mi sim,2025-12-16T18:42:38Z,4,0,Facturación y Tarifas,tengo que activar mi sim,activar sim,Red Móvil y Cobertura 5G,NEUTRO,0.6
Ugwz4QQyhWXN1A5INu14AaABAg,S1_jiDCsjBA,Claro RD - 4ta. Generación de Fibra Óptica,Claro RD,@nathaliegomez1825,Me encanta esto tipo de comercial.,2025-12-15T23:13:36Z,0,1,Fibra Óptica e Internet Hogar,me encanta esto tipo de comercial,encanta tipo comercial,Experiencia General de Marca,NEUTRO,0.6
UgyO1SAiV8rsSJIth0l4AaABAg,km5bSERHQuQ,cómo poner señal 5g en tu teléfono,Claro RD,@AngélicaMaríaMoralesRangel,Solo se puede en algunos así que no se deseperen,2025-12-14T03:05:29Z,10,0,Red Móvil y Cobertura 5G,solo se puede en algunos asi que no se deseperen,solo puede asi deseperen,Experiencia General de Marca,NEUTRO,0.6
Ugypw9XSFZUZHPe0h1d4AaABAg,qLxWDavp0bg,¿Cómo llamar a CLARO Servicio al cliente? en TODOS los países,Claro RD,@VerónicaAlexis-g7f,Jajajaja,2025-12-14T00:55:57Z,2,1,Atención al Cliente y Soporte,risa,risa,Experiencia General de Marca,NEUTRO,0.6
UgyqzZQPNybqNN5iM9l4AaABAg,cXJfXbWC248,👉CON ESTE CODIGO EVITAS que CLARO te CONSUMA SALDO SIN PERMISO.,Claro RD,@teresasosa3595,No responde,2025-12-13T11:46:52Z,0,0,Experiencia General de Marca,no responde,responde,Experiencia General de Marca,NEUTRO,0.6
UgwnhnHDie0fudsZAEV4AaABAg,wlVtVw0_lPc,Registra tu línea prepago 📱🤩,Claro RD,@BradisantonioGARCIA,Como ago para saber mi bono claro,2025-12-06T00:35:58Z,0,0,Facturación y Tarifas,como ago para saber mi bono claro,ago saber bono,Experiencia General de Marca,NEUTRO,0.6
UgwkzI8Boqx0tEl0BaN4AaABAg,km5bSERHQuQ,cómo poner señal 5g en tu teléfono,Claro RD,@virtuosasoy,NADA Q VER!!😂,2025-12-02T03:40:39Z,8,0,Red Móvil y Cobertura 5G,nada q ver,ver,Experiencia General de Marca,NEUTRO,0.6
Ugw_yUVs8hOjFEzP47J4AaABAg,cXJfXbWC248,👉CON ESTE CODIGO EVITAS que CLARO te CONSUMA SALDO SIN PERMISO.,Claro RD,@andresrodriguezsanchez-jo7lp,Baba,2025-12-01T23:29:46Z,0,0,Experiencia General de Marca,baba,baba,Experiencia General de Marca,NEUTRO,0.6
UgzbfL_jU2e2RCoyt2N4AaABAg,wlVtVw0_lPc,Registra tu línea prepago 📱🤩,Claro RD,@MateoHer-w1d,😮😮😮😮,2025-12-01T02:57:07Z,0,0,Facturación y Tarifas,,,Experiencia General de Marca,NEUTRO,0.5
UgzTQPJogK5Q9dKGH1t4AaABAg,LS31ag67aww,Claro RD - Pasos para activar Red 5G en tu equipo Android,Claro RD,@jmdeltrap,😂😂 eso no funciona almenos no por mi zona 5 g de Claro es más marketing que otra cosa,2025-11-30T00:16:23Z,0,0,Red Móvil y Cobertura 5G,eso no funciona almenos no por mi zona g de claro es ma s marketing que otra cosa,funciona almenos zona marketing cosa,Experiencia General de Marca,NEUTRO,0.6
Ugz1sezqKOiIvgeeVit4AaABAg,TKWpVefFVkQ,La Mejor compañía internet móvil de República Dominicana.,Claro RD,@juanmlb1686,Yo digo que claro 1000 por míl velocidad y señal en realidad claro y altice tienen la real competencia... Claro tiene en la degradación ventaja puedes poner un paquete plus que es ásperisimo....,2025-11-29T15:26:40Z,0,1,Fibra Óptica e Internet Hogar,yo digo que claro por mi l velocidad y sen al en realidad claro y altice tienen la real competencia claro tiene en la degradacio n ventaja puedes poner un paquete plus que es a sperisimo,digo velocidad sen realidad altice real competencia degradacio ventaja puedes poner paquete plus sperisimo,Red Móvil y Cobertura 5G,NEUTRO,0.6
UgxPZ6kqcz-Bda5DLkx4AaABAg,lAvgw83L_dw,Claro RD - Activa la Red 5G en tu iPhone,Claro RD,@Ilbintheis,Yo tengo el 17 pro max y nunca tengo cobertura de 5G,2025-11-28T22:00:35Z,0,1,Red Móvil y Cobertura 5G,yo tengo el pro max y nunca tengo cobertura de g,pro max nunca cobertura,Red Móvil y Cobertura 5G,NEUTRO,0.6
UgzjeSA9BjgXJHqqre14AaABAg,cXJfXbWC248,👉CON ESTE CODIGO EVITAS que CLARO te CONSUMA SALDO SIN PERMISO.,Claro RD,@FabianaMatosVazquez-zd1np,Importante,2025-11-27T17:19:55Z,0,0,Experiencia General de Marca,importante,importante,Experiencia General de Marca,NEUTRO,0.6
UgyYZzY1DyUUMP2UglB4AaABAg,wlVtVw0_lPc,Registra tu línea prepago 📱🤩,Claro RD,@flakita5575,Claro roba puse una recarga y nunca me llegó,2025-11-27T03:53:57Z,3,1,Facturación y Tarifas,claro roba puse una recarga y nunca me llego,roba puse recarga nunca llego,Facturación y Tarifas,NEUTRO,0.6
Ugz3mbvGh4ZlONUOVzZ4AaABAg,HmoDQRaxFNs,Claro RD - 4ta. Generación de Fibra Óptica (módem),Claro RD,@johelinck7566,"Que hermoso, lastima que aquí ando sufriendo con 10mb y se cae en un municipio tan grande como Vicente noble 😂😂😂",2025-11-25T22:56:14Z,2,0,Fibra Óptica e Internet Hogar,que hermoso lastima que aqui ando sufriendo con mb y se cae en un municipio tan grande como vicente noble,hermoso lastima aqui ando sufriendo cae municipio tan grande vicente noble,Experiencia General de Marca,POSITIVO,0.75
UgwcO0OSfL_yqHLLQLJ4AaABAg,32ad78KOfW4,CÓMO LLAMAR A SERVICIOS DE CLARO,Claro RD,@Nicolas_7_94,El Claro fijo Argentina. ¿Se configura como tonos o pulso? Para marcación,2025-11-25T16:16:16Z,0,1,Atención al Cliente y Soporte,el claro fijo argentina se configura como tonos o pulso para marcacio n,fijo argentina configura tonos pulso marcacio,Experiencia General de Marca,NEUTRO,0.6
UgzsUfjR-_vLaTYffPl4AaABAg,32ad78KOfW4,CÓMO LLAMAR A SERVICIOS DE CLARO,Claro RD,@GilbertoEchavez-g3m3n,Guiero pedir ablar con un asesor para solicitar un plan,2025-11-25T10:42:23Z,0,0,Atención al Cliente y Soporte,guiero pedir ablar con un asesor para solicitar un plan,guiero pedir ablar asesor solicitar plan,Planes y Promociones,NEUTRO,0.6
UgwW8ZQLKhQ5CjKuVJN4AaABAg,S1_jiDCsjBA,Claro RD - 4ta. Generación de Fibra Óptica,Claro RD,@zeuski117,"Háganlo disponible en todo Santo Domingo, tendré que mudarme al centro de la ciudad solo para poner el nuevo plan de 1000mbps 😭😢",2025-11-21T14:12:10Z,1,1,Fibra Óptica e Internet Hogar,ha ganlo disponible en todo santo domingo tendre que mudarme al centro de la ciudad solo para poner el nuevo plan de mbps,ganlo disponible santo domingo tendre mudarme centro ciudad solo poner nuevo plan mbps,Planes y Promociones,NEUTRO,0.6
Ugyznw9p7yJ9hzHcWTV4AaABAg,qLxWDavp0bg,¿Cómo llamar a CLARO Servicio al cliente? en TODOS los países,Claro RD,@candidomolina9771,quiero informacion de servicio al cliente de claro en Honduras,2025-11-20T22:02:29Z,2,1,Atención al Cliente y Soporte,quiero informacion de servicio al cliente de claro en honduras,quiero informacion servicio cliente honduras,Atención al Cliente y Soporte,NEUTRO,0.6
Ugx4akwM6XCRiBrfk0l4AaABAg,TKWpVefFVkQ,La Mejor compañía internet móvil de República Dominicana.,Claro RD,@juanson1967,"De acuerdo contigo claro velocidad buenos equipos,  altice cobertura precios asequibles y viva buenos precios pero muy inevitable",2025-11-20T14:35:21Z,1,1,Fibra Óptica e Internet Hogar,de acuerdo contigo claro velocidad buenos equipos altice cobertura precios asequibles y viva buenos precios pero muy inevitable,acuerdo contigo velocidad equipos altice cobertura precios asequibles viva precios inevitable,Red Móvil y Cobertura 5G,POSITIVO,0.75
UgxStOKV36pBk73KDQt4AaABAg,niYeqdxGxy4,Claro RD Prueba de velocidad plan 10mbps fibra optica,Claro RD,@apirela4142,ha sido el mejor internet que he tenido,2025-11-18T16:07:47Z,1,0,Fibra Óptica e Internet Hogar,ha sido el mejor internet que he tenido,mejor internet,Fibra Óptica e Internet Hogar,POSITIVO,0.75
UgxqHK5d8eiD8WbD5hF4AaABAg,HmoDQRaxFNs,Claro RD - 4ta. Generación de Fibra Óptica (módem),Claro RD,@elche452,"exelente, la pregunta seria.. habrán planes de mas de 1GIGA en el futuro cercano?",2025-11-17T17:10:38Z,1,0,Fibra Óptica e Internet Hogar,exelente la pregunta seria habra n planes de mas de giga en el futuro cercano,exelente pregunta seria habra planes mas giga futuro cercano,Planes y Promociones,NEUTRO,0.6
Ugyoi9Ie38heC7nfAXR4AaABAg,OwIQi9ngosg,La red 5G de Claro llega a más ciudades,Claro RD,@AlbertoSalas-k1z,Me gusta.Q la  rey de un servicio,2025-11-15T17:11:41Z,1,0,Red Móvil y Cobertura 5G,me gusta q la rey de un servicio,gusta rey servicio,Atención al Cliente y Soporte,NEUTRO,0.6
Ugy5O-0B1vgU2HiO0S94AaABAg,LS31ag67aww,Claro RD - Pasos para activar Red 5G en tu equipo Android,Claro RD,@nicosalvadorberiguete185,Es gratis?,2025-11-15T15:18:24Z,0,0,Red Móvil y Cobertura 5G,es gratis,gratis,Experiencia General de Marca,NEUTRO,0.6
UgwB7eXRVSY_nw7pd-h4AaABAg,32ad78KOfW4,CÓMO LLAMAR A SERVICIOS DE CLARO,Claro RD,@SergioGonzález-k5w,Que me respondan pronto muchss grs.,2025-11-12T00:06:27Z,0,0,Atención al Cliente y Soporte,que me respondan pronto muchss grs,respondan pronto muchss grs,Experiencia General de Marca,NEUTRO,0.6
UgwCeqj1fihPQVrDclB4AaABAg,LS31ag67aww,Claro RD - Pasos para activar Red 5G en tu equipo Android,Claro RD,@robelrosario5145,Yo estoy molesto con claro quiero activarme cinco veces de mi casa y no me han podido activar mi 5g tengo un s25 Plus anteriormente tenía un a56 5g y lo tenía activado en ese ahora quiero activarlo en este y no me dejan estoy molesto,2025-11-10T03:36:42Z,0,0,Red Móvil y Cobertura 5G,yo estoy molesto con claro quiero activarme cinco veces de mi casa y no me han podido activar mi g tengo un s plus anteriormente teni a un a g y lo teni a activado en ese ahora quiero activarlo en este y no me dejan estoy molesto,molesto quiero activarme cinco veces casa podido activar plus anteriormente teni teni activado ahora quiero activarlo dejan molesto,Red Móvil y Cobertura 5G,NEUTRO,0.6
UgzPwj6ZuQtUb0yCq6B4AaABAg,S1_jiDCsjBA,Claro RD - 4ta. Generación de Fibra Óptica,Claro RD,@gabrielramirez-s7f,Una nueva fibra espero qué no sea un disparates dé cajita qué sé frisa como la antes vieja caja qué sé frisa empezemos qué ponga ésa fibra a cada casa😊😊😊,2025-11-05T20:21:08Z,1,0,Fibra Óptica e Internet Hogar,una nueva fibra espero que no sea un disparates de cajita que se frisa como la antes vieja caja que se frisa empezemos que ponga e sa fibra a cada casa,nueva fibra espero disparates cajita frisa vieja caja frisa empezemos ponga fibra cada casa,Fibra Óptica e Internet Hogar,NEUTRO,0.6
Ugy_d0-ek6QQHrSkfNR4AaABAg,wlVtVw0_lPc,Registra tu línea prepago 📱🤩,Claro RD,@JesusDelrio-z3o,La cagada va en la taza,2025-11-01T20:36:10Z,9,0,Facturación y Tarifas,la cagada va en la taza,cagada taza,Experiencia General de Marca,NEUTRO,0.6
UgyAxlkxRckslpYoQup4AaABAg,S1_jiDCsjBA,Claro RD - 4ta. Generación de Fibra Óptica,Claro RD,@laconciencia226,Porque con fibra simétrica el ping de subida sigue mucho más alto que el de bajada? Si tengo 5ms de bajada deberían ser 5ms de subida. Arreglen eso para poder jugar de forma óptima..,2025-10-31T14:51:29Z,0,1,Fibra Óptica e Internet Hogar,porque con fibra sime trica el ping de subida sigue mucho ma s alto que el de bajada si tengo ms de bajada deberi an ser ms de subida arreglen eso para poder jugar de forma o ptima,fibra sime trica ping subida sigue alto bajada bajada deberi ser subida arreglen poder jugar forma ptima,Fibra Óptica e Internet Hogar,NEUTRO,0.6
UgxjdI-8zVaI5vQph6l4AaABAg,LS31ag67aww,Claro RD - Pasos para activar Red 5G en tu equipo Android,Claro RD,@elizabethluciano5783,No me sale nada,2025-10-31T14:08:40Z,0,0,Red Móvil y Cobertura 5G,no me sale nada,sale,Experiencia General de Marca,NEUTRO,0.6
UgxRobZ0cgHgnop8cR54AaABAg,UUcz7osua48,Claro RD - Ven a claro Prepago con Red 5G sin costo,Claro RD,@Rodríguez-c5d,Lo peor de todo esto es que nadie defiende al cliente lo están metiendo frío por eso es que tenemos que emigrar a otra compañía,2025-10-30T21:29:19Z,0,0,Red Móvil y Cobertura 5G,lo peor de todo esto es que nadie defiende al cliente lo esta n metiendo fri o por eso es que tenemos que emigrar a otra compan i a,peor nadie defiende cliente metiendo fri emigrar compan,Experiencia General de Marca,NEGATIVO,0.75
UgwYML2n3YkAmFrKUKF4AaABAg,UUcz7osua48,Claro RD - Ven a claro Prepago con Red 5G sin costo,Claro RD,@Rodríguez-c5d,Es lamentable pero está compañía no está estafando con los paqueticos de internet ya un paquetico de 3 días se vive frisando la imagen porque ya no tiene nada de giga,2025-10-30T21:28:55Z,0,0,Fibra Óptica e Internet Hogar,es lamentable pero esta compan i a no esta estafando con los paqueticos de internet ya un paquetico de di as se vive frisando la imagen porque ya no tiene nada de giga,lamentable compan estafando paqueticos internet paquetico vive frisando imagen giga,Fibra Óptica e Internet Hogar,NEGATIVO,0.75
UgygAWgsKaI-bpoxy054AaABAg,wlVtVw0_lPc,Registra tu línea prepago 📱🤩,Claro RD,@locosenseiadrada4031,Al parecer el problema de la expedición ws la misma mierda para todo y nadie da información 🙄,2025-10-29T01:00:52Z,18,4,Facturación y Tarifas,al parecer el problema de la expedicio n ws la misma mierda para todo y nadie da informacio n,parecer problema expedicio misma mierda nadie informacio,Experiencia General de Marca,NEUTRO,0.6
Ugymw1HEiSlizUKgnM94AaABAg,S1_jiDCsjBA,Claro RD - 4ta. Generación de Fibra Óptica,Claro RD,@Normandord,Cuando se incluyen en multiplan con tv y telefonía,2025-10-23T18:43:20Z,1,0,Fibra Óptica e Internet Hogar,cuando se incluyen en multiplan con tv y telefoni a,incluyen multiplan telefoni,Planes y Promociones,NEUTRO,0.6
Ugx8Q2RhlGTW3tXewzh4AaABAg,qLxWDavp0bg,¿Cómo llamar a CLARO Servicio al cliente? en TODOS los países,Claro RD,@DarlingOrtez-g1w,No tenemos señal para ver tv,2025-10-21T20:35:41Z,1,1,Atención al Cliente y Soporte,no tenemos sen al para ver tv,sen ver,Experiencia General de Marca,NEUTRO,0.6
UgzJeSK7Gv75pv0Kow14AaABAg,LS31ag67aww,Claro RD - Pasos para activar Red 5G en tu equipo Android,Claro RD,@DulceModesto-g5w,Apn 5g es igual que LTE,2025-10-20T21:52:40Z,0,0,Red Móvil y Cobertura 5G,apn g es igual que lte,apn igual lte,Red Móvil y Cobertura 5G,NEUTRO,0.6
Ugz8Zan1ogmouvkr_RZ4AaABAg,qLxWDavp0bg,¿Cómo llamar a CLARO Servicio al cliente? en TODOS los países,Claro RD,@MarioOrtiz-w3y,Tigo muy pronto..claro sin conexión..,2025-10-17T01:21:55Z,1,1,Atención al Cliente y Soporte,tigo muy pronto claro sin conexio n,tigo pronto conexio,Experiencia General de Marca,NEUTRO,0.6
UgxrjOu-xtTrIaKq_-94AaABAg,wlVtVw0_lPc,Registra tu línea prepago 📱🤩,Claro RD,@OlgaYaguapaz,Cómo ago con la fecha de expedición.... Avisen inteligentes,2025-10-15T17:31:58Z,1,6,Facturación y Tarifas,co mo ago con la fecha de expedicio n avisen inteligentes,ago fecha expedicio avisen inteligentes,Experiencia General de Marca,NEUTRO,0.6
UgySjcGAlvyg9e-D-CZ4AaABAg,UUcz7osua48,Claro RD - Ven a claro Prepago con Red 5G sin costo,Claro RD,@Maríaluisa-d9z4u,"Debo renovar mi pasaporte,a ver si me quieren visar, me la negaron dos vecese en el 79 y en el 80.",2025-10-15T00:39:02Z,1,0,Red Móvil y Cobertura 5G,debo renovar mi pasaporte a ver si me quieren visar me la negaron dos vecese en el y en el,debo renovar pasaporte ver quieren visar negaron dos vecese,Experiencia General de Marca,NEUTRO,0.6
Ugw5keyRcrV8MAW9EhN4AaABAg,TKWpVefFVkQ,La Mejor compañía internet móvil de República Dominicana.,Claro RD,@angelliranzo4492,Ahora mismo el internet de altice está malísimo se degrada de una vez 😤😑😴,2025-10-14T22:06:25Z,0,1,Fibra Óptica e Internet Hogar,ahora mismo el internet de altice esta mali simo se degrada de una vez,ahora mismo internet altice mali simo degrada vez,Fibra Óptica e Internet Hogar,NEUTRO,0.6
UgyWaiL-YQmF31DVHYh4AaABAg,zE4mlgdWzYg,como configurar Apn 5G 4G claro Dominicana,Claro RD,@ErinelsonSánchez-l1t,El mejor coñaso 🎉😂,2025-10-14T03:41:22Z,1,0,Red Móvil y Cobertura 5G,el mejor con aso,mejor aso,Experiencia General de Marca,POSITIVO,0.75
Ugy6845to51vkOjKQAR4AaABAg,wlVtVw0_lPc,Registra tu línea prepago 📱🤩,Claro RD,@NéstorPalmar-i6s,A mí me pasa igual,2025-10-13T20:57:32Z,0,0,Facturación y Tarifas,a mi me pasa igual,pasa igual,Experiencia General de Marca,NEUTRO,0.6
UgwcVNLFw7sAJhqzs7Z4AaABAg,UUcz7osua48,Claro RD - Ven a claro Prepago con Red 5G sin costo,Claro RD,@Sabrinacarpentermylove,Twice i'm not,2025-10-13T19:59:58Z,1,0,Red Móvil y Cobertura 5G,twice i m not,twice not,Experiencia General de Marca,NEUTRO,0.6
UgwD0mBxpCxFYJDdCgp4AaABAg,km5bSERHQuQ,cómo poner señal 5g en tu teléfono,Claro RD,@carsh..523,"Eso ya vine activado por defecto en los teléfonos,  y  eso es algo viejo eso no es nuevo",2025-10-12T19:24:04Z,21,1,Red Móvil y Cobertura 5G,eso ya vine activado por defecto en los tele fonos y eso es algo viejo eso no es nuevo,vine activado defecto tele fonos viejo nuevo,Experiencia General de Marca,NEUTRO,0.6
UgwyrMj5nE-flJdF6aR4AaABAg,UUcz7osua48,Claro RD - Ven a claro Prepago con Red 5G sin costo,Claro RD,@francisconovas3375,Quiero mi número  me lo quitaron,2025-10-12T16:59:25Z,1,1,Red Móvil y Cobertura 5G,quiero mi nu mero me lo quitaron,quiero mero quitaron,Experiencia General de Marca,NEUTRO,0.6
Ugzu-wxi-y9jBaWVSmh4AaABAg,S1_jiDCsjBA,Claro RD - 4ta. Generación de Fibra Óptica,Claro RD,@rj3.122,El mejor💪🏾,2025-10-12T04:04:41Z,2,1,Fibra Óptica e Internet Hogar,el mejor,mejor,Experiencia General de Marca,POSITIVO,0.75
Ugx2NOO_lCISxLhNY3F4AaABAg,wlVtVw0_lPc,Registra tu línea prepago 📱🤩,Claro RD,@ErwinOrtiz1996,Por favor puede ayudarme con la expedicion es todo pegado? O que debo poner,2025-10-11T17:08:25Z,2,2,Facturación y Tarifas,por favor puede ayudarme con la expedicion es todo pegado o que debo poner,favor puede ayudarme expedicion pegado debo poner,Experiencia General de Marca,NEUTRO,0.6
UgzGNbNTmzE2jrdreCJ4AaABAg,S1_jiDCsjBA,Claro RD - 4ta. Generación de Fibra Óptica,Claro RD,@thechronox,y los 10Gbps para cuando? osea lo muestran pero no lo ofrecen,2025-10-11T16:26:10Z,4,3,Fibra Óptica e Internet Hogar,y los gbps para cuando osea lo muestran pero no lo ofrecen,gbps osea muestran ofrecen,Experiencia General de Marca,NEUTRO,0.6
UgwIjJKGmY6zklZ0cux4AaABAg,S1_jiDCsjBA,Claro RD - 4ta. Generación de Fibra Óptica,Claro RD,@Josmart365,Ah caray dejarán de mentirle a los clientes !,2025-10-11T11:29:36Z,2,2,Fibra Óptica e Internet Hogar,ah caray dejara n de mentirle a los clientes,caray dejara mentirle clientes,Experiencia General de Marca,NEUTRO,0.6
Ugx-KaLnRnko8X7U66t4AaABAg,S1_jiDCsjBA,Claro RD - 4ta. Generación de Fibra Óptica,Claro RD,@EugenioMartínez17,👏👏👏👏,2025-10-11T02:05:58Z,3,0,Fibra Óptica e Internet Hogar,,,Experiencia General de Marca,NEUTRO,0.5
UgxfqXq56FhQZIqYzr14AaABAg,S1_jiDCsjBA,Claro RD - 4ta. Generación de Fibra Óptica,Claro RD,@chistes-o8comedi,Que bueno,2025-10-10T22:27:14Z,3,1,Fibra Óptica e Internet Hogar,que bueno,bueno,Experiencia General de Marca,POSITIVO,0.75
UgxZXyGQMpQnOZpoHCp4AaABAg,S1_jiDCsjBA,Claro RD - 4ta. Generación de Fibra Óptica,Claro RD,@elche452,"muy bien, porque eso da paso a nuevas velosidades y mejoras en al red en el futuro",2025-10-10T22:15:34Z,15,1,Fibra Óptica e Internet Hogar,muy bien porque eso da paso a nuevas velosidades y mejoras en al red en el futuro,bien paso nuevas velosidades mejoras red futuro,Experiencia General de Marca,POSITIVO,0.75
UgxeKv-y0CyGU1n5IFl4AaABAg,lAvgw83L_dw,Claro RD - Activa la Red 5G en tu iPhone,Claro RD,@ivelissereyes4845,Solo me sale 3G y LTE,2025-10-09T20:11:31Z,1,2,Red Móvil y Cobertura 5G,solo me sale g y lte,solo sale lte,Red Móvil y Cobertura 5G,NEUTRO,0.6
UgyDpmuREyzizCmlBEJ4AaABAg,ekdDZO1zQCk,📶 Configuración APN Claro RD 2026 | Internet 4G/5G rápido en tu celular,Claro RD,@WilsonInoa,"Saludos y bendiciones! tengo una duda y me gustaría si me puedes aclarar esto. el tipo de APN que especificaste es ""default,supl,scap"". Mi pregunta seria es scap o  xcap?. pregunto porque por defecto claro manda de manera automática esta configuración en algunos celulares. Seria de gran importancia saber esto.",2025-10-09T14:02:58Z,0,0,Fibra Óptica e Internet Hogar,saludos y bendiciones tengo una duda y me gustari a si me puedes aclarar esto el tipo de apn que especificaste es default supl scap mi pregunta seria es scap o xcap pregunto porque por defecto claro manda de manera automa tica esta configuracio n en algunos celulares seria de gran importancia saber esto,saludos bendiciones duda gustari puedes aclarar tipo apn especificaste default supl scap pregunta seria scap xcap pregunto defecto manda manera automa tica configuracio celulares seria gran importancia saber,Planes y Promociones,POSITIVO,0.75
Ugz9ue2ZJiMjjklZe714AaABAg,qLxWDavp0bg,¿Cómo llamar a CLARO Servicio al cliente? en TODOS los países,Claro RD,@fernandozapata4311,"Nesecito llamar a Claro en Nicaragua, pueddn por f proceeded el numero alla en managua?",2025-10-06T20:03:50Z,2,1,Atención al Cliente y Soporte,nesecito llamar a claro en nicaragua pueddn por f proceeded el numero alla en managua,nesecito llamar nicaragua pueddn proceeded numero alla managua,Experiencia General de Marca,NEUTRO,0.6
UgyJdf8oaKNl3NeoVLh4AaABAg,qLxWDavp0bg,¿Cómo llamar a CLARO Servicio al cliente? en TODOS los países,Claro RD,@LunaNovas-f9c,Necesito que me ayuden a recibir el código de WhatsApp por favor,2025-10-02T18:23:35Z,1,3,Atención al Cliente y Soporte,necesito que me ayuden a recibir el co digo de whatsapp por favor,necesito ayuden recibir digo whatsapp favor,Experiencia General de Marca,NEUTRO,0.6
UgyPgd5X5okDRsDuivF4AaABAg,ekdDZO1zQCk,📶 Configuración APN Claro RD 2026 | Internet 4G/5G rápido en tu celular,Claro RD,@drbabyface4u2,Como activa la sección de mms que no me trabaja bien,2025-09-30T06:14:29Z,0,0,Fibra Óptica e Internet Hogar,como activa la seccio n de mms que no me trabaja bien,activa seccio mms trabaja bien,Experiencia General de Marca,NEUTRO,0.6
Ugz9WkTvEjDbek4LWqJ4AaABAg,qLxWDavp0bg,¿Cómo llamar a CLARO Servicio al cliente? en TODOS los países,Claro RD,@nimiaoviedo6134,Por favor me dicen q cambiar mi chip  q pasa con mi linea,2025-09-27T12:57:19Z,1,1,Red Móvil y Cobertura 5G,por favor me dicen q cambiar mi chip q pasa con mi linea,favor dicen cambiar chip pasa linea,Red Móvil y Cobertura 5G,NEUTRO,0.6
Ugz20CcP8QbkzSKOuQF4AaABAg,qLxWDavp0bg,¿Cómo llamar a CLARO Servicio al cliente? en TODOS los países,Claro RD,@nimiaoviedo6134,Yo tengo cortada mi linea,2025-09-26T14:51:41Z,1,0,Red Móvil y Cobertura 5G,yo tengo cortada mi linea,cortada linea,Red Móvil y Cobertura 5G,NEUTRO,0.6
UgyVbIRreVuXhk9u2794AaABAg,lAvgw83L_dw,Claro RD - Activa la Red 5G en tu iPhone,Claro RD,@adonis.ba31,A mi no me sale 16 pro Max solo 3G y LTE,2025-09-26T10:32:50Z,1,2,Red Móvil y Cobertura 5G,a mi no me sale pro max solo g y lte,sale pro max solo lte,Red Móvil y Cobertura 5G,NEUTRO,0.6
Ugy_0bCTuVoJ6shCQEZ4AaABAg,zE4mlgdWzYg,como configurar Apn 5G 4G claro Dominicana,Claro RD,@gabrielitoheredia6333,Pero quedo igual yo lo que necesito es qje me aparezca la.opcion de modo de red en redes móviles,2025-09-22T20:34:13Z,0,0,Red Móvil y Cobertura 5G,pero quedo igual yo lo que necesito es qje me aparezca la opcion de modo de red en redes mo viles,quedo igual necesito qje aparezca opcion modo red redes viles,Experiencia General de Marca,NEUTRO,0.6
UgyXnVgyOi_P99u-WNN4AaABAg,TKWpVefFVkQ,La Mejor compañía internet móvil de República Dominicana.,Claro RD,@AlexanderJimenezSanchez-g9w,Ami me gusta mas altice es muy rapido y tiene buena cobertura 🛜,2025-09-17T12:31:02Z,1,1,Fibra Óptica e Internet Hogar,ami me gusta mas altice es muy rapido y tiene buena cobertura,ami gusta mas altice rapido buena cobertura,Red Móvil y Cobertura 5G,POSITIVO,0.75
UgwPhKwesv49fUyXwhN4AaABAg,OwIQi9ngosg,La red 5G de Claro llega a más ciudades,Claro RD,@marthaefe7149,Dispositivo móvil wifi,2025-09-16T09:11:26Z,1,0,Fibra Óptica e Internet Hogar,dispositivo mo vil wifi,dispositivo vil wifi,Fibra Óptica e Internet Hogar,NEUTRO,0.6
UgyJJpDaSBAbYIkdND14AaABAg,LS31ag67aww,Claro RD - Pasos para activar Red 5G en tu equipo Android,Claro RD,@catracho5465,Se puede con una sim card 4G LTE con versión V06.01 LTE?,2025-09-13T01:37:15Z,0,0,Red Móvil y Cobertura 5G,se puede con una sim card g lte con versio n v lte,puede sim card lte versio lte,Red Móvil y Cobertura 5G,NEUTRO,0.6
UgxOi_zsDroA8nlgnKl4AaABAg,km5bSERHQuQ,cómo poner señal 5g en tu teléfono,Claro RD,@joaquindavidgarcia7102,Y en mi s24 ultra,2025-09-11T01:20:39Z,5,2,Red Móvil y Cobertura 5G,y en mi s ultra,ultra,Experiencia General de Marca,NEUTRO,0.6
UgwiF05py0MvPeg3T3F4AaABAg,9KLGU3mLPng,Claro RD - Internet en Fibra Óptica para el Hogar,Claro RD,@novedadesnotas4291,Que modems ofrecen para el hogar?,2025-09-07T15:02:21Z,0,0,Fibra Óptica e Internet Hogar,que modems ofrecen para el hogar,modems ofrecen hogar,Fibra Óptica e Internet Hogar,NEUTRO,0.6
UgxKhI5skSiEVercuRJ4AaABAg,wpSBLTr1UFI,¿Cómo ATENDER QUEJAS y RECLAMOS de los CLIENTES?,Claro RD,@LewisAbraham-i5k,hola,2025-09-02T20:52:33Z,1,1,Atención al Cliente y Soporte,hola,,Experiencia General de Marca,NEUTRO,0.6
UgyhJjZoqfsUDVVk7654AaABAg,LS31ag67aww,Claro RD - Pasos para activar Red 5G en tu equipo Android,Claro RD,@leyendasdelboxeo4711,Por si no le aparece tienen que desactivar el ahorro de energía,2025-09-02T19:28:01Z,1,0,Red Móvil y Cobertura 5G,por si no le aparece tienen que desactivar el ahorro de energi a,aparece desactivar ahorro energi,Experiencia General de Marca,NEUTRO,0.6
UgxzNNAWnx4Bvh3EgGB4AaABAg,lAvgw83L_dw,Claro RD - Activa la Red 5G en tu iPhone,Claro RD,@luisdavidvasquezmejia8185,"Si me funcionó. iPhone 13 Pro Max, Republica Dominicana",2025-09-02T14:21:02Z,2,1,Red Móvil y Cobertura 5G,si me funciono iphone pro max republica dominicana,funciono iphone pro max republica dominicana,Experiencia General de Marca,NEUTRO,0.6
UgwZ_qfaffEgiorTDrR4AaABAg,lAvgw83L_dw,Claro RD - Activa la Red 5G en tu iPhone,Claro RD,@DarioNunez-tg5fw,Una promoción para que tú les gates menos datas a la compañía de un paquete que tú ya compraste.  Póngalos LTE. ES MUCHO MEJOR,2025-09-02T14:20:43Z,1,0,Red Móvil y Cobertura 5G,una promocio n para que tu les gates menos datas a la compan i a de un paquete que tu ya compraste po ngalos lte es mucho mejor,promocio gates menos datas compan paquete compraste ngalos lte mejor,Red Móvil y Cobertura 5G,POSITIVO,0.75
UgwQniQvl9CeEr4UBmV4AaABAg,lAvgw83L_dw,Claro RD - Activa la Red 5G en tu iPhone,Claro RD,@margaritaricartgarcia3043,Lo pasan demasiado rápido para mi edad jajaja,2025-09-02T13:17:45Z,0,0,Red Móvil y Cobertura 5G,lo pasan demasiado ra pido para mi edad risa,pasan demasiado pido edad risa,Experiencia General de Marca,NEUTRO,0.6
Ugw6smf8vkQhqcpwFGx4AaABAg,qLxWDavp0bg,¿Cómo llamar a CLARO Servicio al cliente? en TODOS los países,Claro RD,@Tonyel789,"Maloo Claro, no está cuando el cliente lo necesita, al quedarse sin datos automáticamente corta el servicio y te avisa que puedes recargar packs y te ofrece varias posibilidades, Pero o sorpresa cuando intentas recargar te dice que no tienes conexión a internet....lo que es una obviedad, si tratas de recargar es porque has quedado sin datos por lo tanto sin señal que la empresa automáticamente la bloquea. O sea Cuando más lo Necesitas "" Claro"" nunca está. Te abandona. De argentina",2025-09-01T15:28:51Z,1,1,Fibra Óptica e Internet Hogar,maloo claro no esta cuando el cliente lo necesita al quedarse sin datos automa ticamente corta el servicio y te avisa que puedes recargar packs y te ofrece varias posibilidades pero o sorpresa cuando intentas recargar te dice que no tienes conexio n a internet lo que es una obviedad si tratas de recargar es porque has quedado sin datos por lo tanto sin sen al que la empresa automa ticamente la bloquea o sea cuando ma s lo necesitas claro nunca esta te abandona de argentina,maloo cliente necesita quedarse datos automa ticamente corta servicio avisa puedes recargar packs ofrece varias posibilidades sorpresa intentas recargar dice conexio internet obviedad tratas recargar quedado datos sen empresa automa ticamente bloquea necesitas nunca abandona argentina,Fibra Óptica e Internet Hogar,NEGATIVO,0.75
Ugz0Iblgo2zSzzx-l2p4AaABAg,qLxWDavp0bg,¿Cómo llamar a CLARO Servicio al cliente? en TODOS los países,Claro RD,@thelmamercado4289,Si servicio s está loudin siempre,2025-08-30T11:33:24Z,1,1,Atención al Cliente y Soporte,si servicio s esta loudin siempre,servicio loudin siempre,Atención al Cliente y Soporte,NEUTRO,0.6
UgwRR-FWSA_jHD_Irdl4AaABAg,LS31ag67aww,Claro RD - Pasos para activar Red 5G en tu equipo Android,Claro RD,@olgavargas3995,Es gratis,2025-08-29T20:44:56Z,1,0,Red Móvil y Cobertura 5G,es gratis,gratis,Experiencia General de Marca,NEUTRO,0.6
Ugxfx62lpDIOg8wFeKl4AaABAg,km5bSERHQuQ,cómo poner señal 5g en tu teléfono,Claro RD,@MrsMarian97,Lo hice y ya estaba activado pero continua en 4g,2025-08-28T00:24:54Z,2,2,Red Móvil y Cobertura 5G,lo hice y ya estaba activado pero continua en g,hice activado continua,Red Móvil y Cobertura 5G,NEUTRO,0.6
UgxYqPrFn-h-IYmrevB4AaABAg,LS31ag67aww,Claro RD - Pasos para activar Red 5G en tu equipo Android,Claro RD,@elkinmarchena,"Tengo un s25 ultra de un momento a otro dejo de reconocer el 5g he ido a servcio al cliente y me dicen que eso es normal, que ustdes me puden dwcir",2025-08-27T23:55:38Z,0,1,Red Móvil y Cobertura 5G,tengo un s ultra de un momento a otro dejo de reconocer el g he ido a servcio al cliente y me dicen que eso es normal que ustdes me puden dwcir,ultra momento dejo reconocer ido servcio cliente dicen normal ustdes puden dwcir,Red Móvil y Cobertura 5G,NEUTRO,0.6
UgyimWzXVciLVrt4YbF4AaABAg,LS31ag67aww,Claro RD - Pasos para activar Red 5G en tu equipo Android,Claro RD,@luzbethaniareyes9348,"Mi A15 llega a 5G, está correcto?",2025-08-27T21:46:31Z,0,0,Red Móvil y Cobertura 5G,mi a llega a g esta correcto,llega correcto,Red Móvil y Cobertura 5G,NEUTRO,0.6
UgzIyUJqCxQhu3peB414AaABAg,LS31ag67aww,Claro RD - Pasos para activar Red 5G en tu equipo Android,Claro RD,@yuleisigonzalez1357,"Bueno en éste teléfono TCL 503 solo llega hasta 4G, pero en un Motorola que tengo si me funciona el 5g, pero en el TCL no😢",2025-08-27T21:01:09Z,2,0,Red Móvil y Cobertura 5G,bueno en e ste tele fono tcl solo llega hasta g pero en un motorola que tengo si me funciona el g pero en el tcl no,bueno ste tele fono tcl solo llega motorola funciona tcl,Red Móvil y Cobertura 5G,POSITIVO,0.75
Ugwn5IY-3uYRMAsBqSJ4AaABAg,LS31ag67aww,Claro RD - Pasos para activar Red 5G en tu equipo Android,Claro RD,@dimelosuriel,No funciona,2025-08-27T18:52:25Z,0,0,Red Móvil y Cobertura 5G,no funciona,funciona,Experiencia General de Marca,NEUTRO,0.6
UgwkwDkj-RXkRXUl-5Z4AaABAg,Y_podfZuCJ8,La red 5G de Claro llega a más ciudades,Claro RD,@JOSEANTONIOKASTJAKPRESI2026,Pésimo Internetttt; Peor Qué Petro....,2025-08-27T09:16:05Z,2,2,Fibra Óptica e Internet Hogar,pe simo internetttt peor que petro,simo internetttt peor petro,Fibra Óptica e Internet Hogar,NEGATIVO,0.75
UgyVbAJeGMguwVcfYs54AaABAg,LS31ag67aww,Claro RD - Pasos para activar Red 5G en tu equipo Android,Claro RD,@Lareinaesthere5u,Una pregunta cómo se hace en un tcl,2025-08-24T13:26:23Z,5,0,Red Móvil y Cobertura 5G,una pregunta co mo se hace en un tcl,pregunta hace tcl,Experiencia General de Marca,NEUTRO,0.6
UgwAq0ifmlRksH47keB4AaABAg,cXJfXbWC248,👉CON ESTE CODIGO EVITAS que CLARO te CONSUMA SALDO SIN PERMISO.,Claro RD,@yomarisguerrero4408,Gracias 😊,2025-08-23T16:15:01Z,0,0,Experiencia General de Marca,gracias,gracias,Experiencia General de Marca,NEUTRO,0.6
UgxflG3zZyooHQkQ-3t4AaABAg,cXJfXbWC248,👉CON ESTE CODIGO EVITAS que CLARO te CONSUMA SALDO SIN PERMISO.,Claro RD,@edgarnavarroflores6993,Paquetico patético jajajajja,2025-08-22T22:05:31Z,0,0,Planes y Promociones,paquetico pate tico jajajajja,paquetico pate tico jajajajja,Experiencia General de Marca,NEUTRO,0.6
UgwoTjmKZTHCGALpGG54AaABAg,cXJfXbWC248,👉CON ESTE CODIGO EVITAS que CLARO te CONSUMA SALDO SIN PERMISO.,Claro RD,@edgarnavarroflores6993,No te entendí ni madres chico oye chico valió cabeza chico,2025-08-22T22:05:03Z,0,0,Experiencia General de Marca,no te entendi ni madres chico oye chico valio cabeza chico,entendi madres chico oye chico valio cabeza chico,Experiencia General de Marca,NEUTRO,0.6
UgwKa47JAK4zYy-X2dR4AaABAg,cXJfXbWC248,👉CON ESTE CODIGO EVITAS que CLARO te CONSUMA SALDO SIN PERMISO.,Claro RD,@MichelleRamos_w,Helli,2025-08-20T16:14:10Z,0,0,Experiencia General de Marca,helli,helli,Experiencia General de Marca,NEUTRO,0.6
UgwyYt5vMmqZiD72D8h4AaABAg,lAvgw83L_dw,Claro RD - Activa la Red 5G en tu iPhone,Claro RD,@angelicaajimenez9088,A mi solo me sale la opción LTE Y 3G,2025-08-18T17:25:54Z,12,0,Red Móvil y Cobertura 5G,a mi solo me sale la opcio n lte y g,solo sale opcio lte,Red Móvil y Cobertura 5G,NEUTRO,0.6
Ugxx24HqTSKkWQLADOR4AaABAg,cXJfXbWC248,👉CON ESTE CODIGO EVITAS que CLARO te CONSUMA SALDO SIN PERMISO.,Claro RD,@LaNieves06,"Ya me e tragado 3 regaños de parte de mis padres porque se me gasta el saldo y yo no llamo a nadie, ya es la pta tercera vez que de la nada ya no tengo saldo, necesito saber que  hacer",2025-08-15T13:46:29Z,10,4,Experiencia General de Marca,ya me e tragado regan os de parte de mis padres porque se me gasta el saldo y yo no llamo a nadie ya es la pta tercera vez que de la nada ya no tengo saldo necesito saber que hacer,tragado regan parte padres gasta saldo llamo nadie pta tercera vez saldo necesito saber hacer,Experiencia General de Marca,NEUTRO,0.6
Ugz9jiBHJG_2hy70M_14AaABAg,cXJfXbWC248,👉CON ESTE CODIGO EVITAS que CLARO te CONSUMA SALDO SIN PERMISO.,Claro RD,@CleysonGranda,Ese es para operador BITEL?,2025-08-14T12:55:15Z,1,0,Experiencia General de Marca,ese es para operador bitel,operador bitel,Experiencia General de Marca,NEUTRO,0.6
Ugxi50CPwvMIsa0WWxl4AaABAg,LS31ag67aww,Claro RD - Pasos para activar Red 5G en tu equipo Android,Claro RD,@Jnagomez,"Galaxy s24 ultra, vengo usando 5g desde  10 meses, y desde el mes pasado no me carga 5g, le coloco una sim card de mi esposa de la compañía altice y entra en 5g, fui a servicio técnico y no han podido darme una solución",2025-08-14T03:05:58Z,0,7,Red Móvil y Cobertura 5G,galaxy s ultra vengo usando g desde meses y desde el mes pasado no me carga g le coloco una sim card de mi esposa de la compan i a altice y entra en g fui a servicio te cnico y no han podido darme una solucio n,galaxy ultra vengo usando meses mes pasado carga coloco sim card esposa compan altice entra servicio cnico podido darme solucio,Red Móvil y Cobertura 5G,NEUTRO,0.6
Ugy_K0RQ5RceXpOZsTZ4AaABAg,km5bSERHQuQ,cómo poner señal 5g en tu teléfono,Claro RD,@botsitork9,Ayudame bro tengo un galaxy a32,2025-08-13T07:45:20Z,2,1,Red Móvil y Cobertura 5G,ayudame bro tengo un galaxy a,ayudame bro galaxy,Experiencia General de Marca,NEUTRO,0.6
Ugww68GP5XPATCgNzVp4AaABAg,cXJfXbWC248,👉CON ESTE CODIGO EVITAS que CLARO te CONSUMA SALDO SIN PERMISO.,Claro RD,@MariaRuiz-yc8fu,Compré rouming a República no me dieron el servicio y cuando llegó la factura pase de pagar $34.800 a $234.199,2025-08-11T17:25:07Z,6,0,Atención al Cliente y Soporte,compre rouming a repu blica no me dieron el servicio y cuando llego la factura pase de pagar a,compre rouming repu blica dieron servicio llego factura pase pagar,Atención al Cliente y Soporte,NEUTRO,0.6
UgzKsptNrnJeYibJIFx4AaABAg,cXJfXbWC248,👉CON ESTE CODIGO EVITAS que CLARO te CONSUMA SALDO SIN PERMISO.,Claro RD,@NenaMancillas-v7y1k,Ok,2025-08-10T18:26:12Z,0,0,Experiencia General de Marca,ok,,Experiencia General de Marca,NEUTRO,0.6
UgzLztssUnJR11-fjS94AaABAg,lAvgw83L_dw,Claro RD - Activa la Red 5G en tu iPhone,Claro RD,@verlineluissaint671,"No es difícil, primero toca general y segundo actualización de software y después vas a dejar que descargue después vas a tocar red celular después tú vas a activar opciones  después vos y datos y para terminar vas a tocar el primero 5G automática y ya👌🏽",2025-08-07T02:19:00Z,0,1,Red Móvil y Cobertura 5G,no es difi cil primero toca general y segundo actualizacio n de software y despue s vas a dejar que descargue despue s vas a tocar red celular despue s tu vas a activar opciones despue s vos y datos y para terminar vas a tocar el primero g automa tica y ya,difi cil primero toca general segundo actualizacio software despue vas dejar descargue despue vas tocar red celular despue vas activar opciones despue vos datos terminar vas tocar primero automa tica,Red Móvil y Cobertura 5G,NEUTRO,0.6
UgwJrUEYB4evuQIpcFV4AaABAg,QjLuuKrVvjA,claro es una mierda llamada  a  claro mal servicio,Claro RD,@marysoto7406,Nokia claro llamada,2025-08-02T00:10:15Z,0,0,Atención al Cliente y Soporte,nokia claro llamada,nokia llamada,Experiencia General de Marca,NEUTRO,0.6
UgxpEQfwAeIsXUiOoZx4AaABAg,QjLuuKrVvjA,claro es una mierda llamada  a  claro mal servicio,Claro RD,@marysoto7406,Entel Colombia no existe???,2025-08-01T23:46:29Z,0,0,Atención al Cliente y Soporte,entel colombia no existe,entel colombia existe,Experiencia General de Marca,NEUTRO,0.6
UgzjaFcy8lVb5bt9B9V4AaABAg,QjLuuKrVvjA,claro es una mierda llamada  a  claro mal servicio,Claro RD,@marysoto7406,Nokia llamada,2025-08-01T23:45:13Z,0,0,Atención al Cliente y Soporte,nokia llamada,nokia llamada,Experiencia General de Marca,NEUTRO,0.6
UgzfOa2mTcNDx-g3a994AaABAg,QjLuuKrVvjA,claro es una mierda llamada  a  claro mal servicio,Claro RD,@marysoto7406,Samsung Galaxy S3 Mimi,2025-08-01T23:43:59Z,0,0,Atención al Cliente y Soporte,samsung galaxy s mimi,samsung galaxy mimi,Experiencia General de Marca,NEUTRO,0.6
UgxvHqoyCA9QjOV1TxR4AaABAg,QjLuuKrVvjA,claro es una mierda llamada  a  claro mal servicio,Claro RD,@marysoto7406,Otro lado,2025-08-01T20:26:19Z,0,0,Atención al Cliente y Soporte,otro lado,lado,Experiencia General de Marca,NEUTRO,0.6
UgzqCHiA2jfua72A9Hp4AaABAg,QjLuuKrVvjA,claro es una mierda llamada  a  claro mal servicio,Claro RD,@marysoto7406,Claro compañia telefonica mmmmmm cotes internet,2025-08-01T20:25:59Z,0,0,Fibra Óptica e Internet Hogar,claro compan ia telefonica mmmmmm cotes internet,compan telefonica mmmmmm cotes internet,Fibra Óptica e Internet Hogar,NEUTRO,0.6
UgyMimezvp-pwBJGpol4AaABAg,32ad78KOfW4,CÓMO LLAMAR A SERVICIOS DE CLARO,Claro RD,@luzalalcancedetodos,No pueden facilitar un simple número para onformes,2025-07-30T22:44:19Z,0,0,Atención al Cliente y Soporte,no pueden facilitar un simple nu mero para onformes,pueden facilitar simple mero onformes,Red Móvil y Cobertura 5G,NEUTRO,0.6
Ugx_LFjrkH_Y3IiFXg54AaABAg,LS31ag67aww,Claro RD - Pasos para activar Red 5G en tu equipo Android,Claro RD,@bethaniapolanco6222,El mío no dice solo llega a 4G pero igual nunca la coge y la señal está pésima 😢😢😢 es un redmi A5,2025-07-30T19:32:11Z,2,1,Red Móvil y Cobertura 5G,el mi o no dice solo llega a g pero igual nunca la coge y la sen al esta pe sima es un redmi a,dice solo llega igual nunca coge sen sima redmi,Red Móvil y Cobertura 5G,NEUTRO,0.6
Ugw51JKW-_h69rrPrqd4AaABAg,LS31ag67aww,Claro RD - Pasos para activar Red 5G en tu equipo Android,Claro RD,@miguelinbonilla6259,Tengo un s21ultra  y solo pone 4G+,2025-07-29T00:41:06Z,1,0,Red Móvil y Cobertura 5G,tengo un s ultra y solo pone g,ultra solo pone,Red Móvil y Cobertura 5G,NEUTRO,0.6
Ugye9y809SqspH73ql54AaABAg,OwIQi9ngosg,La red 5G de Claro llega a más ciudades,Claro RD,@josedelossantostenjoparra1944,Por favor tratemen con cuidado soy Discapacitado mis enfermedades son: 1) Blefaroespasmo Bilateral Severo 2) Polineuropatía Acsono Mielininica.en las cuatro extremidades y.3) Sialorrea,2025-07-26T19:42:38Z,0,0,Red Móvil y Cobertura 5G,por favor tratemen con cuidado soy discapacitado mis enfermedades son blefaroespasmo bilateral severo polineuropati a acsono mielininica en las cuatro extremidades y sialorrea,favor tratemen cuidado discapacitado enfermedades blefaroespasmo bilateral severo polineuropati acsono mielininica cuatro extremidades sialorrea,Experiencia General de Marca,NEUTRO,0.6
UgzsQynIJw4RapfOHP14AaABAg,32ad78KOfW4,CÓMO LLAMAR A SERVICIOS DE CLARO,Claro RD,@jose6420251,Como comunicarme,2025-07-23T11:43:17Z,0,0,Atención al Cliente y Soporte,como comunicarme,comunicarme,Experiencia General de Marca,NEUTRO,0.6
UgybbV51VjXFeXGxlqh4AaABAg,qLxWDavp0bg,¿Cómo llamar a CLARO Servicio al cliente? en TODOS los países,Claro RD,@OscarArmandoChávezMéndez-l7i,Acabo de recargar y no he recibido mi beneficio de recarg,2025-07-23T01:58:46Z,1,1,Atención al Cliente y Soporte,acabo de recargar y no he recibido mi beneficio de recarg,acabo recargar recibido beneficio recarg,Facturación y Tarifas,NEUTRO,0.6
UgwkC76UlLGIyNUjujl4AaABAg,OwIQi9ngosg,La red 5G de Claro llega a más ciudades,Claro RD,@katherineruiz9323,"Me ofende que Claro siempre quiera meterle a uno un plan postpago, ahora es 5G solo para plan postpago y no lo dicen claramente ni cuando uno llama. Qué me acerque a una de las sucursales físicas cuando llamé a la línea de atención, ojalá no me ofrezcan ese postpago porque me llevo mi plata a otro operador, a la mala nada. Tienen tanta plata que no entiendo cuál es el hambre por meterme a postpago",2025-07-17T16:52:43Z,0,0,Red Móvil y Cobertura 5G,me ofende que claro siempre quiera meterle a uno un plan postpago ahora es g solo para plan postpago y no lo dicen claramente ni cuando uno llama que me acerque a una de las sucursales fi sicas cuando llame a la li nea de atencio n ojala no me ofrezcan ese postpago porque me llevo mi plata a otro operador a la mala nada tienen tanta plata que no entiendo cua l es el hambre por meterme a postpago,ofende siempre quiera meterle plan postpago ahora solo plan postpago dicen claramente llama acerque sucursales sicas llame nea atencio ojala ofrezcan postpago llevo plata operador mala tanta plata entiendo cua hambre meterme postpago,Red Móvil y Cobertura 5G,NEUTRO,0.6
Ugy_8IU5UG3L1tztxPF4AaABAg,km5bSERHQuQ,cómo poner señal 5g en tu teléfono,Claro RD,@AuriaCaquias,Tengo un moto motorola g85 5g dónde encuentro esa opción 😢,2025-07-14T17:47:56Z,0,4,Red Móvil y Cobertura 5G,tengo un moto motorola g g do nde encuentro esa opcio n,moto motorola nde encuentro opcio,Red Móvil y Cobertura 5G,NEUTRO,0.6
Ugz8Rr97hcQyOePXXZV4AaABAg,cXJfXbWC248,👉CON ESTE CODIGO EVITAS que CLARO te CONSUMA SALDO SIN PERMISO.,Claro RD,@ismaelgonzalez6319,"Otra vez mi línea sin internet ni llamadas ni mensajes
Y ayer recargue y active el plan",2025-07-12T13:22:37Z,12,0,Fibra Óptica e Internet Hogar,otra vez mi li nea sin internet ni llamadas ni mensajes y ayer recargue y active el plan,vez nea internet llamadas mensajes ayer recargue active plan,Fibra Óptica e Internet Hogar,NEUTRO,0.6
UgzyL-IvarZooGuSHpR4AaABAg,lAvgw83L_dw,Claro RD - Activa la Red 5G en tu iPhone,Claro RD,@enmanuellopezvicente8172,Eso no sirve para nada,2025-07-04T03:45:21Z,0,0,Red Móvil y Cobertura 5G,eso no sirve para nada,sirve,Experiencia General de Marca,NEUTRO,0.6
Ugwn3xamkm8YErOjYWV4AaABAg,km5bSERHQuQ,cómo poner señal 5g en tu teléfono,Claro RD,@happyday203-y1c,Tengo un Redmi 13 no tiene la opcion de potencia,2025-07-04T01:36:32Z,1,0,Red Móvil y Cobertura 5G,tengo un redmi no tiene la opcion de potencia,redmi opcion potencia,Experiencia General de Marca,NEUTRO,0.6
UgxAkSfmS_Mch__oUkB4AaABAg,32ad78KOfW4,CÓMO LLAMAR A SERVICIOS DE CLARO,Claro RD,@moiseszuniga6559,Nesesito contactarme con un ejecutivo,2025-07-03T18:15:02Z,0,0,Atención al Cliente y Soporte,nesesito contactarme con un ejecutivo,nesesito contactarme ejecutivo,Experiencia General de Marca,NEUTRO,0.6
UgzUAyE_91Pb36SSMgZ4AaABAg,LS31ag67aww,Claro RD - Pasos para activar Red 5G en tu equipo Android,Claro RD,@elmani12,Ya tengo 5G en mi poco F6 😍,2025-06-30T16:36:55Z,3,2,Red Móvil y Cobertura 5G,ya tengo g en mi poco f,,Red Móvil y Cobertura 5G,NEUTRO,0.6
UgxlMDOV8ZAs8wFpSRd4AaABAg,LS31ag67aww,Claro RD - Pasos para activar Red 5G en tu equipo Android,Claro RD,@gamalypeña,"Yo tengo la e-sim y tengo el 5g activado y nunca pero nunca ha entrado dn claro, en la otra compañía si me dntra",2025-06-30T00:24:21Z,0,1,Red Móvil y Cobertura 5G,yo tengo la e sim y tengo el g activado y nunca pero nunca ha entrado dn claro en la otra compan i a si me dntra,sim activado nunca nunca entrado compan dntra,Red Móvil y Cobertura 5G,NEUTRO,0.6
Ugwt7Z9TjGrgKX27TZh4AaABAg,LS31ag67aww,Claro RD - Pasos para activar Red 5G en tu equipo Android,Claro RD,@DDOSAMANOTTIOSAMA-z8k,Una pregunta te puedo decir cómo se puede activar el 5g es que el mío es un tecno spark pro 10 y no veo el 5g,2025-06-25T14:47:32Z,4,4,Red Móvil y Cobertura 5G,una pregunta te puedo decir co mo se puede activar el g es que el mi o es un tecno spark pro y no veo el g,pregunta puedo decir puede activar tecno spark pro veo,Red Móvil y Cobertura 5G,NEUTRO,0.6
UgxXLHndMKeqA_bxYkN4AaABAg,zE4mlgdWzYg,como configurar Apn 5G 4G claro Dominicana,Claro RD,@Ricky_Garcia_oficial,Gracias 🎉❤,2025-06-22T15:50:55Z,0,0,Red Móvil y Cobertura 5G,gracias,gracias,Experiencia General de Marca,NEUTRO,0.6
Ugw3iHK7TOSZcMf4PXp4AaABAg,JyYD60E2Vpk,Claro RD - Yo soy Claro - Urbano,Claro RD,@carolinacalderon4031,"ME ENCANTA , MI HIJO ME DICE “MAMI Y ES EN SERIO “ . YO LA SUBO A TODO VOLUMEN.",2025-06-22T13:53:53Z,1,0,Experiencia General de Marca,me encanta mi hijo me dice mami y es en serio yo la subo a todo volumen,encanta hijo dice mami serio subo volumen,Experiencia General de Marca,NEUTRO,0.6
Ugyuxs2FdsUObjXzQul4AaABAg,qLxWDavp0bg,¿Cómo llamar a CLARO Servicio al cliente? en TODOS los países,Claro RD,@MARIOENRIQUEMAZARIEGOS,"Me da risa porque dice que guardemos respetó y claro cada vez es más lento,ni tar 1 minuto y se va,ya parece que nos estafa ya llamó mi familia y no hacen nada y les hablo con buena gana pero quiero el numero de claro psra decirle todo",2025-06-21T20:16:58Z,1,1,Fibra Óptica e Internet Hogar,me da risa porque dice que guardemos respeto y claro cada vez es ma s lento ni tar minuto y se va ya parece que nos estafa ya llamo mi familia y no hacen nada y les hablo con buena gana pero quiero el numero de claro psra decirle todo,risa dice guardemos respeto cada vez lento tar minuto parece estafa llamo familia hacen hablo buena gana quiero numero psra decirle,Fibra Óptica e Internet Hogar,NEGATIVO,0.85
Ugz5nuCCk-Q3cwcX2Mp4AaABAg,qLxWDavp0bg,¿Cómo llamar a CLARO Servicio al cliente? en TODOS los países,Claro RD,@gloriannadelarosa461,Pero usted no fue directo para lo que yo quería saber 😂,2025-06-17T20:34:32Z,1,1,Atención al Cliente y Soporte,pero usted no fue directo para lo que yo queri a saber,usted directo queri saber,Experiencia General de Marca,NEUTRO,0.6
UgxGQ4Zp1Gx8s4pYM8t4AaABAg,cXJfXbWC248,👉CON ESTE CODIGO EVITAS que CLARO te CONSUMA SALDO SIN PERMISO.,Claro RD,@arturofunati7256,"💲❤️🔥🚨👽⭕UNA ESTAFA! La limitacion de la velocidad es una basura oiga!  Qué es ilimitado? El uso? Pero con límite de velocidad? Jajajaja No son transparentes! Yo en los ANUNCIOS veo qué presumen de ILIMITADOS Pero nunca dicen qué el uso!  La velocidad de descarga no es ilimitada Si, puedes usar las redes ilimitadas con 128Klbs? No mames! Una foto de buena calidad no pesa menos de 1 Mb!",2025-06-14T21:58:41Z,0,1,Experiencia General de Marca,una estafa la limitacion de la velocidad es una basura oiga que es ilimitado el uso pero con li mite de velocidad risa no son transparentes yo en los anuncios veo que presumen de ilimitados pero nunca dicen que el uso la velocidad de descarga no es ilimitada si puedes usar las redes ilimitadas con klbs no mames una foto de buena calidad no pesa menos de mb,estafa limitacion velocidad basura oiga ilimitado uso mite velocidad risa transparentes anuncios veo presumen ilimitados nunca dicen uso velocidad descarga ilimitada puedes usar redes ilimitadas klbs mames foto buena calidad pesa menos,Experiencia General de Marca,NEGATIVO,0.85
UgxzmET_K0XdHPMy3rh4AaABAg,LS31ag67aww,Claro RD - Pasos para activar Red 5G en tu equipo Android,Claro RD,@esmerlinperez85434ghjñj,No aparece 5g😢,2025-06-13T22:51:12Z,0,1,Red Móvil y Cobertura 5G,no aparece g,aparece,Red Móvil y Cobertura 5G,NEUTRO,0.6
UgzBMGPsJ1oGoKTj-nd4AaABAg,LS31ag67aww,Claro RD - Pasos para activar Red 5G en tu equipo Android,Claro RD,@antoni.1001,Y pto pta para cuando?,2025-06-13T21:48:40Z,0,1,Red Móvil y Cobertura 5G,y pto pta para cuando,pto pta,Experiencia General de Marca,NEUTRO,0.6
UgwUxqUhrd-qFCO-DOt4AaABAg,LS31ag67aww,Claro RD - Pasos para activar Red 5G en tu equipo Android,Claro RD,@sandyvasquez2607,Tengo un galaxy A52 5G y nunca ha funcionado ese famoso 5G en ninguna parte,2025-06-13T20:00:36Z,1,3,Red Móvil y Cobertura 5G,tengo un galaxy a g y nunca ha funcionado ese famoso g en ninguna parte,galaxy nunca funcionado famoso ninguna parte,Red Móvil y Cobertura 5G,NEUTRO,0.6
Ugyu_5H3sKdjb35t4hJ4AaABAg,cXJfXbWC248,👉CON ESTE CODIGO EVITAS que CLARO te CONSUMA SALDO SIN PERMISO.,Claro RD,@InmaMedina-e5e,"Me he quedado sin la Aplicación del teléfono y no puedo llámar y vivo sola.Y también ha desaparecido la App del Santander que me informaba de las operaciones en mi cuenta.Por favor devuelvánme mis aplicaciones
Gracias",2025-06-11T03:15:01Z,0,0,Experiencia General de Marca,me he quedado sin la aplicacio n del tele fono y no puedo lla mar y vivo sola y tambie n ha desaparecido la app del santander que me informaba de las operaciones en mi cuenta por favor devuelva nme mis aplicaciones gracias,quedado aplicacio tele fono puedo lla mar vivo sola tambie desaparecido app santander informaba operaciones cuenta favor devuelva nme aplicaciones gracias,Experiencia General de Marca,NEUTRO,0.6
Ugw6gKAEPVevwhW_1V14AaABAg,32ad78KOfW4,CÓMO LLAMAR A SERVICIOS DE CLARO,Claro RD,@AnaHidalgo-t9u,Como pedir presta luka,2025-06-10T07:00:52Z,0,0,Atención al Cliente y Soporte,como pedir presta luka,pedir presta luka,Experiencia General de Marca,NEUTRO,0.6
UgyGX-GNQ7ICzHU_vHp4AaABAg,qLxWDavp0bg,¿Cómo llamar a CLARO Servicio al cliente? en TODOS los países,Claro RD,@MariGil-me3ic,Para reportar elcelular,2025-06-09T02:33:03Z,2,1,Atención al Cliente y Soporte,para reportar elcelular,reportar elcelular,Planes y Promociones,NEUTRO,0.6
Ugx0xiPyNSJ43L13WOt4AaABAg,qLxWDavp0bg,¿Cómo llamar a CLARO Servicio al cliente? en TODOS los países,Claro RD,@MariGil-me3ic,"Por favor el número grande. En Pereira que no veo, casi",2025-06-09T02:31:31Z,3,1,Atención al Cliente y Soporte,por favor el nu mero grande en pereira que no veo casi,favor mero grande pereira veo casi,Experiencia General de Marca,POSITIVO,0.75
UgyqIzusXBrCQgBegxV4AaABAg,OwIQi9ngosg,La red 5G de Claro llega a más ciudades,Claro RD,@jairopiano3273,"Que va, esta mierda de claro no sirve a cada rato se cae o se vuelve lenta la señal no cargan los vídeos WhatsApp no funciona.. definitivamente no sirve me a tocado solicitar visitas técnicas y nada luego cambio de equipos y nada, luego aumentar las megas y nada, se sigue cayendo y muchas veces por días enteros y los miserables quieren subir hasta los precios.. la verdad es el peor operador q existe en el que me haya podido meter. No saquen excusas mentirosos que en la oficina  tengo Tigo y no pasa ésto... Además no solo es en Bogotá mentirosos... Definitivamente me voy a cambiar.. 🤦🤔",2025-06-07T06:22:29Z,0,0,Fibra Óptica e Internet Hogar,que va esta mierda de claro no sirve a cada rato se cae o se vuelve lenta la sen al no cargan los vi deos whatsapp no funciona definitivamente no sirve me a tocado solicitar visitas te cnicas y nada luego cambio de equipos y nada luego aumentar las megas y nada se sigue cayendo y muchas veces por di as enteros y los miserables quieren subir hasta los precios la verdad es el peor operador q existe en el que me haya podido meter no saquen excusas mentirosos que en la oficina tengo tigo y no pasa e sto adema s no solo es en bogota mentirosos definitivamente me voy a cambiar,mierda sirve cada rato cae vuelve lenta sen cargan deos whatsapp funciona definitivamente sirve tocado solicitar visitas cnicas luego cambio equipos luego aumentar megas sigue cayendo muchas veces enteros miserables quieren subir precios verdad peor operador existe podido meter saquen excusas mentirosos oficina tigo pasa sto adema solo bogota mentirosos definitivamente voy cambiar,Fibra Óptica e Internet Hogar,NEGATIVO,0.75
UgwQ1dTXuUICMl1m2u14AaABAg,LS31ag67aww,Claro RD - Pasos para activar Red 5G en tu equipo Android,Claro RD,@josemiguelayalavasquez2955,En mi Google pixel 9 pro XL no me funciona 😢,2025-06-04T01:50:57Z,0,1,Red Móvil y Cobertura 5G,en mi google pixel pro xl no me funciona,google pixel pro funciona,Experiencia General de Marca,NEUTRO,0.6
UgxNxwNc2GBo75QHHm94AaABAg,cXJfXbWC248,👉CON ESTE CODIGO EVITAS que CLARO te CONSUMA SALDO SIN PERMISO.,Claro RD,@Roman_influencer,Kola,2025-06-01T08:19:10Z,0,0,Experiencia General de Marca,kola,kola,Experiencia General de Marca,NEUTRO,0.6
UgwOKovwIVHuJXbkC4d4AaABAg,lAvgw83L_dw,Claro RD - Activa la Red 5G en tu iPhone,Claro RD,@cristinadelacruz7220,Eso lo pasan muy rápido 🤔🤔,2025-05-26T21:52:15Z,2,0,Red Móvil y Cobertura 5G,eso lo pasan muy ra pido,pasan pido,Experiencia General de Marca,NEUTRO,0.6
Ugxm7hvzC-tHwP_Kc3p4AaABAg,LS31ag67aww,Claro RD - Pasos para activar Red 5G en tu equipo Android,Claro RD,@annyguerrero630,Yo tengo un poco x4 y no lo puedo hacer,2025-05-26T19:41:30Z,0,0,Red Móvil y Cobertura 5G,yo tengo un poco x y no lo puedo hacer,puedo hacer,Experiencia General de Marca,NEUTRO,0.6
Ugz1kZLCmiYOoQVzr6t4AaABAg,JyYD60E2Vpk,Claro RD - Yo soy Claro - Urbano,Claro RD,@claudioauden1459,Dieron un palo con ese temazo! Muy melodioso! Linto tema! La botó melymel y Chimbala! 👏🏾👏🏾👏🏾👏🏾👏🏾👏🏾,2025-05-13T14:38:55Z,0,0,Experiencia General de Marca,dieron un palo con ese temazo muy melodioso linto tema la boto melymel y chimbala,dieron palo temazo melodioso linto tema boto melymel chimbala,Experiencia General de Marca,NEUTRO,0.6
UgywVr5Btaviw0kYsft4AaABAg,zE4mlgdWzYg,como configurar Apn 5G 4G claro Dominicana,Claro RD,@estebantavarez3822,"Me funcionó, gracias",2025-05-13T01:07:53Z,0,0,Red Móvil y Cobertura 5G,me funciono gracias,funciono gracias,Experiencia General de Marca,NEUTRO,0.6
UgypG39ur4SYk9_NfDN4AaABAg,JyYD60E2Vpk,Claro RD - Yo soy Claro - Urbano,Claro RD,@SucesosBorrados,Vale esta chulisimo el anuncio hay dos cosas magistrales el bailecito coreografeado y la chica cantando tiene una voz espectacular 😊,2025-05-06T20:15:13Z,0,0,Experiencia General de Marca,vale esta chulisimo el anuncio hay dos cosas magistrales el bailecito coreografeado y la chica cantando tiene una voz espectacular,vale chulisimo anuncio dos cosas magistrales bailecito coreografeado chica cantando voz espectacular,Red Móvil y Cobertura 5G,NEUTRO,0.6
UgzZuXilXVt9Cp0SZGp4AaABAg,zE4mlgdWzYg,como configurar Apn 5G 4G claro Dominicana,Claro RD,@alabanza-cristianaTV,Yo tengo una tablet que sale 4G pero no tiene chip porque es marca SKY  DEVICE,2025-05-01T21:24:40Z,0,0,Red Móvil y Cobertura 5G,yo tengo una tablet que sale g pero no tiene chip porque es marca sky device,tablet sale chip marca sky device,Red Móvil y Cobertura 5G,NEUTRO,0.6
UgyOUFkKoA8-6JLXVZ14AaABAg,LS31ag67aww,Claro RD - Pasos para activar Red 5G en tu equipo Android,Claro RD,@rogersmithdelossantosdelar5794,Yo tengo un pixel 8 pro y no funciona en 5g he hecho de todo y cambiar SIM card y todo eso,2025-04-29T21:16:34Z,6,9,Red Móvil y Cobertura 5G,yo tengo un pixel pro y no funciona en g he hecho de todo y cambiar sim card y todo eso,pixel pro funciona hecho cambiar sim card,Red Móvil y Cobertura 5G,NEUTRO,0.6
UgwA9zSntGPF8_EOUgh4AaABAg,lAvgw83L_dw,Claro RD - Activa la Red 5G en tu iPhone,Claro RD,@johnHNS,Tengo una ESIM y no funciona el 5G,2025-04-29T21:09:15Z,2,6,Red Móvil y Cobertura 5G,tengo una esim y no funciona el g,esim funciona,Red Móvil y Cobertura 5G,NEUTRO,0.6
UgyBkkhz2v5nO1BH5Bt4AaABAg,LS31ag67aww,Claro RD - Pasos para activar Red 5G en tu equipo Android,Claro RD,@Serranotvoficial,Con sus esim no funciona  mi s23 ultra no funciona,2025-04-29T20:41:04Z,1,0,Red Móvil y Cobertura 5G,con sus esim no funciona mi s ultra no funciona,esim funciona ultra funciona,Red Móvil y Cobertura 5G,NEUTRO,0.6
UgwfIOpnLH8QSX454dB4AaABAg,LS31ag67aww,Claro RD - Pasos para activar Red 5G en tu equipo Android,Claro RD,@nerodacles,"Tengo un Google Pixel con todos esos ajustes hechos, y no me sale el 5g",2025-04-29T20:33:27Z,3,13,Red Móvil y Cobertura 5G,tengo un google pixel con todos esos ajustes hechos y no me sale el g,google pixel ajustes hechos sale,Red Móvil y Cobertura 5G,NEUTRO,0.6
UgzBc5bGTt684Tml_bh4AaABAg,LS31ag67aww,Claro RD - Pasos para activar Red 5G en tu equipo Android,Claro RD,@stevendelacruz8667,Sólo me aparece 4G,2025-04-29T19:12:50Z,0,4,Red Móvil y Cobertura 5G,so lo me aparece g,aparece,Red Móvil y Cobertura 5G,NEUTRO,0.6
UgxPXaRR4CoWfDLU9G94AaABAg,cXJfXbWC248,👉CON ESTE CODIGO EVITAS que CLARO te CONSUMA SALDO SIN PERMISO.,Claro RD,@wilmerrivera-ty3dg,Muchas gracias,2025-04-25T21:38:09Z,4,0,Experiencia General de Marca,muchas gracias,muchas gracias,Experiencia General de Marca,NEUTRO,0.6
Ugzij3nOuVfNc1LBuwR4AaABAg,cXJfXbWC248,👉CON ESTE CODIGO EVITAS que CLARO te CONSUMA SALDO SIN PERMISO.,Claro RD,@francosfan3824,Alguien me puede decir porqué cuando desactivo los datos con pack de mes el credito se me consume de la nada y en todas las aplicación desactive el uso de fondo alguien me ayuda😢,2025-04-23T04:31:39Z,0,0,Red Móvil y Cobertura 5G,alguien me puede decir porque cuando desactivo los datos con pack de mes el credito se me consume de la nada y en todas las aplicacio n desactive el uso de fondo alguien me ayuda,alguien puede decir desactivo datos pack mes credito consume todas aplicacio desactive uso fondo alguien ayuda,Red Móvil y Cobertura 5G,NEUTRO,0.6
UgxRVQ1pn2LkrjXOwlt4AaABAg,lAvgw83L_dw,Claro RD - Activa la Red 5G en tu iPhone,Claro RD,@luisreynoso3588,Pero como quieras tienes que ir a servicio al cliente para los habilitén,2025-04-22T16:28:35Z,3,2,Red Móvil y Cobertura 5G,pero como quieras tienes que ir a servicio al cliente para los habilite n,quieras servicio cliente habilite,Atención al Cliente y Soporte,NEUTRO,0.6
Ugwuew6lO7zsJBS_cfx4AaABAg,32ad78KOfW4,CÓMO LLAMAR A SERVICIOS DE CLARO,Claro RD,@Marialuisa-xg2xr,Buenos días quiero decir que es la pago de claro 3 ya está pago se supone que jueves viernes sábado y domingo no había dónde poder pagar gracias,2025-04-22T12:10:14Z,0,0,Atención al Cliente y Soporte,buenos di as quiero decir que es la pago de claro ya esta pago se supone que jueves viernes sa bado y domingo no habi a do nde poder pagar gracias,quiero decir pago pago supone jueves viernes bado domingo habi nde poder pagar gracias,Facturación y Tarifas,POSITIVO,0.75
UgzggbKv4rlp0xf_VA54AaABAg,JyYD60E2Vpk,Claro RD - Yo soy Claro - Urbano,Claro RD,@kerlamateo4240,En la televisión vi este anuncio en Youtube y dije déjame buscarlo melymel❤,2025-04-20T23:59:39Z,1,0,Experiencia General de Marca,en la televisio n vi este anuncio en youtube y dije de jame buscarlo melymel,televisio anuncio dije jame buscarlo melymel,Experiencia General de Marca,NEUTRO,0.6
UgzdXvx15_htMxhO7YN4AaABAg,qLxWDavp0bg,¿Cómo llamar a CLARO Servicio al cliente? en TODOS los países,Claro RD,@DianaMayta-s3j,Que número es para atencion al cliente,2025-04-19T14:23:29Z,1,1,Atención al Cliente y Soporte,que nu mero es para atencion al cliente,mero atencion cliente,Atención al Cliente y Soporte,NEUTRO,0.6
UgzExnXvptFA7rZwodx4AaABAg,zE4mlgdWzYg,como configurar Apn 5G 4G claro Dominicana,Claro RD,@Tg_k3vin,No me funcionó,2025-04-16T02:44:30Z,0,0,Red Móvil y Cobertura 5G,no me funciono,funciono,Experiencia General de Marca,NEUTRO,0.6
Ugy4o8WqYGCOiOoMEoN4AaABAg,cXJfXbWC248,👉CON ESTE CODIGO EVITAS que CLARO te CONSUMA SALDO SIN PERMISO.,Claro RD,@ThegraftyXmen,F ya no se puede quitaron la opcion de llamar por cobrar en su tiempo lo aproveche jaja😂,2025-04-05T00:52:08Z,0,0,Experiencia General de Marca,f ya no se puede quitaron la opcion de llamar por cobrar en su tiempo lo aproveche risa,puede quitaron opcion llamar cobrar tiempo aproveche risa,Experiencia General de Marca,NEUTRO,0.6
UgzWrrl9vrtjNMi9Y_B4AaABAg,9KLGU3mLPng,Claro RD - Internet en Fibra Óptica para el Hogar,Claro RD,@Fibraopticaoficial,Nunca te quedes sin Internet : https://www.youtube.com/@Fibraopticaoficial?sub_confirmation=1,2025-04-03T13:54:38Z,1,0,Fibra Óptica e Internet Hogar,nunca te quedes sin internet,nunca quedes internet,Fibra Óptica e Internet Hogar,NEUTRO,0.6
Ugzh08tPuzNszBUpu794AaABAg,OwIQi9ngosg,La red 5G de Claro llega a más ciudades,Claro RD,@carlosacosta6956,Me compre un paquete de datos en claro prepago para probar su tal 5G y esa monda solo se conecta a 4G ya le hice de todo al Motorola G34 5G llame al servicio al cliente y que solo líneas pospago eso se llama discriminación esto lo debería tener en cuenta las sic,2025-04-03T01:40:09Z,0,0,Red Móvil y Cobertura 5G,me compre un paquete de datos en claro prepago para probar su tal g y esa monda solo se conecta a g ya le hice de todo al motorola g g llame al servicio al cliente y que solo li neas pospago eso se llama discriminacio n esto lo deberi a tener en cuenta las sic,compre paquete datos prepago probar tal monda solo conecta hice motorola llame servicio cliente solo neas pospago llama discriminacio deberi tener cuenta sic,Red Móvil y Cobertura 5G,NEUTRO,0.6
Ugw-7bc1MMqKfCl1rgR4AaABAg,32ad78KOfW4,CÓMO LLAMAR A SERVICIOS DE CLARO,Claro RD,@lidiavega9615,Necesito comunicarme por favor,2025-03-31T18:22:39Z,0,0,Atención al Cliente y Soporte,necesito comunicarme por favor,necesito comunicarme favor,Experiencia General de Marca,NEUTRO,0.6
Ugz6fKkO2TXRqQSqBf14AaABAg,qLxWDavp0bg,¿Cómo llamar a CLARO Servicio al cliente? en TODOS los países,Claro RD,@eliasnazzer6767,Buenas tardes como hago para la recarga mensual más cómoda,2025-03-28T17:54:56Z,4,1,Atención al Cliente y Soporte,buenas tardes como hago para la recarga mensual ma s co moda,buenas hago recarga mensual moda,Facturación y Tarifas,NEUTRO,0.6
UgzCzqJK5JsCG4GbQM54AaABAg,cXJfXbWC248,👉CON ESTE CODIGO EVITAS que CLARO te CONSUMA SALDO SIN PERMISO.,Claro RD,@antoneli1973,Así es esa opción hay que mantenerla desactivada eso es un robo te vacía el teléfono por completo,2025-03-25T19:06:35Z,31,1,Experiencia General de Marca,asi es esa opcio n hay que mantenerla desactivada eso es un robo te vaci a el tele fono por completo,asi opcio mantenerla desactivada robo vaci tele fono completo,Experiencia General de Marca,NEGATIVO,0.75
UgyMZLblPdRrYy4Ipb14AaABAg,JyYD60E2Vpk,Claro RD - Yo soy Claro - Urbano,Claro RD,@rauldelacruzhernandes708,"Mi compañia,, solamente con la palabra claro......❤❤❤ preciosa canción",2025-03-24T21:42:40Z,0,0,Facturación y Tarifas,mi compan ia solamente con la palabra claro preciosa cancio n,compan solamente palabra preciosa cancio,Facturación y Tarifas,NEUTRO,0.6
UgyOSZd7yJn8wnX4jg54AaABAg,32ad78KOfW4,CÓMO LLAMAR A SERVICIOS DE CLARO,Claro RD,@luisadvorak9283,Espero respuesta,2025-03-21T14:57:06Z,0,0,Atención al Cliente y Soporte,espero respuesta,espero respuesta,Experiencia General de Marca,NEUTRO,0.6
Ugw-dS4Mo2ob01bhhyx4AaABAg,32ad78KOfW4,CÓMO LLAMAR A SERVICIOS DE CLARO,Claro RD,@luisadvorak9283,"Se puede saber porquee están reclamando.ima deuda ya pagada en tiempo y forma ? Por transferencia bancaria? Nunca tuve problemas con Movistar durante años, creo que vuelvo a esa compañía",2025-03-21T14:55:59Z,0,0,Atención al Cliente y Soporte,se puede saber porquee esta n reclamando ima deuda ya pagada en tiempo y forma por transferencia bancaria nunca tuve problemas con movistar durante an os creo que vuelvo a esa compan i a,puede saber porquee reclamando ima deuda pagada tiempo forma transferencia bancaria nunca problemas movistar creo vuelvo compan,Experiencia General de Marca,NEUTRO,0.6
UgyX0g3KK7j-qn9kSVh4AaABAg,-TJXHomDHQU,Claro RD - Internet en Fibra Óptica para tu Negocio,Claro RD,@DulcePerrez-n6d,😍😍😍😍😍😍😍👍,2025-03-19T13:55:39Z,1,0,Fibra Óptica e Internet Hogar,,,Experiencia General de Marca,NEUTRO,0.5
UgyH6PiwqmHdrIsii7V4AaABAg,OwIQi9ngosg,La red 5G de Claro llega a más ciudades,Claro RD,@AndresGonzales-c4n,Para cuando en la Italia chocó ?,2025-03-17T16:21:46Z,1,0,Red Móvil y Cobertura 5G,para cuando en la italia choco,italia choco,Experiencia General de Marca,NEUTRO,0.6
UgzZvMPsWjTrLfRIuNp4AaABAg,32ad78KOfW4,CÓMO LLAMAR A SERVICIOS DE CLARO,Claro RD,@williamcajo78,Hola no se escucha,2025-03-09T00:58:37Z,0,0,Atención al Cliente y Soporte,hola no se escucha,escucha,Experiencia General de Marca,NEUTRO,0.6
Ugx-A_spqqGcxt8eA8V4AaABAg,9KLGU3mLPng,Claro RD - Internet en Fibra Óptica para el Hogar,Claro RD,@elche452,cuando llegan nuevos planes de fibra optica a rd?,2025-03-06T22:30:06Z,0,0,Fibra Óptica e Internet Hogar,cuando llegan nuevos planes de fibra optica a rd,llegan nuevos planes fibra optica,Fibra Óptica e Internet Hogar,NEUTRO,0.6
Ugy_8___GTDUj2ElnAd4AaABAg,cXJfXbWC248,👉CON ESTE CODIGO EVITAS que CLARO te CONSUMA SALDO SIN PERMISO.,Claro RD,@AnthonyArauz-r4b,Yo ko puedo ingresar recarga  recarga acá y me lavenden como internacional,2025-02-26T19:56:27Z,7,0,Facturación y Tarifas,yo ko puedo ingresar recarga recarga aca y me lavenden como internacional,puedo ingresar recarga recarga aca lavenden internacional,Facturación y Tarifas,NEUTRO,0.6
Ugw7gvP89nkQaoNVIV54AaABAg,32ad78KOfW4,CÓMO LLAMAR A SERVICIOS DE CLARO,Claro RD,@CarmenRivera-pg2sw,Q pasa Q no hay señal de claro,2025-02-13T02:50:01Z,0,0,Atención al Cliente y Soporte,q pasa q no hay sen al de claro,pasa sen,Experiencia General de Marca,NEUTRO,0.6
Ugzy0d3ZspA4TPYFz_d4AaABAg,TKWpVefFVkQ,La Mejor compañía internet móvil de República Dominicana.,Claro RD,@WilianMontero-rp4dn,Yo estoy con altice yo pago una factura pero a los 2 día ya el internet se pone lento  si es paquetico de 3 dia ya al otro día también se pone lento es un problema altice,2025-02-11T22:27:04Z,6,2,Fibra Óptica e Internet Hogar,yo estoy con altice yo pago una factura pero a los di a ya el internet se pone lento si es paquetico de dia ya al otro di a tambie n se pone lento es un problema altice,altice pago factura internet pone lento paquetico dia tambie pone lento problema altice,Fibra Óptica e Internet Hogar,NEGATIVO,0.75
UgxGNH7oV2OjpC4zq3Z4AaABAg,qLxWDavp0bg,¿Cómo llamar a CLARO Servicio al cliente? en TODOS los países,Claro RD,@luzestellasototabares9983,Necesito que me ayuden con el internet a estado muy malo gracias,2025-01-26T23:51:36Z,4,0,Fibra Óptica e Internet Hogar,necesito que me ayuden con el internet a estado muy malo gracias,necesito ayuden internet malo gracias,Fibra Óptica e Internet Hogar,NEGATIVO,0.75
Ugwq_IWjpEHuvKCmqI14AaABAg,TKWpVefFVkQ,La Mejor compañía internet móvil de República Dominicana.,Claro RD,@HemkiHenki,Desde que usted se va de Santiago para Puerto plata se le va la señal a VIVA😢,2025-01-25T21:07:30Z,1,1,Fibra Óptica e Internet Hogar,desde que usted se va de santiago para puerto plata se le va la sen al a viva,usted santiago puerto plata sen viva,Experiencia General de Marca,NEUTRO,0.6
UgyEVgNnbRnuiSt0sA14AaABAg,TKWpVefFVkQ,La Mejor compañía internet móvil de República Dominicana.,Claro RD,@HemkiHenki,Desde que usted se va de Santiago para Puerto plata se le va la señal a VIVA😢😊,2025-01-25T21:07:30Z,1,1,Fibra Óptica e Internet Hogar,desde que usted se va de santiago para puerto plata se le va la sen al a viva,usted santiago puerto plata sen viva,Experiencia General de Marca,NEUTRO,0.6
UgwMDjacGKoFBFN5ZoN4AaABAg,TKWpVefFVkQ,La Mejor compañía internet móvil de República Dominicana.,Claro RD,@HemkiHenki,Desde que usted se va de Santiago para Puerto plata se le va la señal a VIVA😢,2025-01-25T21:07:28Z,1,1,Fibra Óptica e Internet Hogar,desde que usted se va de santiago para puerto plata se le va la sen al a viva,usted santiago puerto plata sen viva,Experiencia General de Marca,NEUTRO,0.6
UgyKXO0TPd38E2jBBf54AaABAg,TKWpVefFVkQ,La Mejor compañía internet móvil de República Dominicana.,Claro RD,@HemkiHenki,Desde que usted se va de Santiago para Puerto plata se le va la señal a VIVA😢,2025-01-25T21:07:26Z,1,1,Fibra Óptica e Internet Hogar,desde que usted se va de santiago para puerto plata se le va la sen al a viva,usted santiago puerto plata sen viva,Experiencia General de Marca,NEUTRO,0.6
UgxO9xAR0NfTpAnGl1V4AaABAg,TKWpVefFVkQ,La Mejor compañía internet móvil de República Dominicana.,Claro RD,@HemkiHenki,Desde que usted se va de Santiago para Puerto plata se le va la señal a VIVA😢,2025-01-25T21:07:19Z,1,1,Fibra Óptica e Internet Hogar,desde que usted se va de santiago para puerto plata se le va la sen al a viva,usted santiago puerto plata sen viva,Experiencia General de Marca,NEUTRO,0.6
UgyDwU1KOiPy9xHIeox4AaABAg,TKWpVefFVkQ,La Mejor compañía internet móvil de República Dominicana.,Claro RD,@HemkiHenki,Desde que usted se va de Santiago para Puerto plata se le va la señal a VIVA😢,2025-01-25T21:07:11Z,1,1,Fibra Óptica e Internet Hogar,desde que usted se va de santiago para puerto plata se le va la sen al a viva,usted santiago puerto plata sen viva,Experiencia General de Marca,NEUTRO,0.6
UgxFX9QzGB6HowTEKjJ4AaABAg,qLxWDavp0bg,¿Cómo llamar a CLARO Servicio al cliente? en TODOS los países,Claro RD,@carmensosa7075,Quiero el num d mar del plata,2025-01-25T21:02:11Z,0,1,Atención al Cliente y Soporte,quiero el num d mar del plata,quiero num mar plata,Experiencia General de Marca,NEUTRO,0.6
UgyUIXhMBDllExsLpth4AaABAg,TKWpVefFVkQ,La Mejor compañía internet móvil de República Dominicana.,Claro RD,@yatuchavecuba,Pero yo viajo para la frontera y la unica señal dominicana que funciona un poco es altice,2025-01-24T22:02:34Z,1,1,Fibra Óptica e Internet Hogar,pero yo viajo para la frontera y la unica sen al dominicana que funciona un poco es altice,viajo frontera unica sen dominicana funciona altice,Experiencia General de Marca,NEUTRO,0.6
UgzrlZvOmodvFIg-HDJ4AaABAg,TKWpVefFVkQ,La Mejor compañía internet móvil de República Dominicana.,Claro RD,@yatuchavecuba,Altice es mejor incluso asta el internet es mas estable de claro,2025-01-24T21:58:52Z,1,1,Fibra Óptica e Internet Hogar,altice es mejor incluso asta el internet es mas estable de claro,altice mejor incluso asta internet mas estable,Fibra Óptica e Internet Hogar,POSITIVO,0.85
UgyPD8AyNKiLdP-zA9J4AaABAg,32ad78KOfW4,CÓMO LLAMAR A SERVICIOS DE CLARO,Claro RD,@carolmarquez5403,El peor servicio Claro,2025-01-16T22:36:55Z,0,0,Atención al Cliente y Soporte,el peor servicio claro,peor servicio,Atención al Cliente y Soporte,NEGATIVO,0.75
Ugyy_SKzAMankgEWsX94AaABAg,JyYD60E2Vpk,Claro RD - Yo soy Claro - Urbano,Claro RD,@alejandrarc1080,"Excelente 
Me encanta cómo Melimed canta
Y Chimbala brilla también 
Que lindo❤❤❤❤❤",2025-01-10T03:03:27Z,1,0,Experiencia General de Marca,excelente me encanta co mo melimed canta y chimbala brilla tambie n que lindo,excelente encanta melimed canta chimbala brilla tambie lindo,Experiencia General de Marca,POSITIVO,0.75
UgzkhiPh5v-GMRTC0ph4AaABAg,wpSBLTr1UFI,¿Cómo ATENDER QUEJAS y RECLAMOS de los CLIENTES?,Claro RD,@ObispoHD,"Hoy haré una exposición a un jurado evaluador para optar por un ascenso en mi chamba y trataba sobre resolución de problemas, esto está perfecto para reforzar. Muchas gracias ❤",2025-01-07T12:50:13Z,0,1,Atención al Cliente y Soporte,hoy hare una exposicio n a un jurado evaluador para optar por un ascenso en mi chamba y trataba sobre resolucio n de problemas esto esta perfecto para reforzar muchas gracias,hoy hare exposicio jurado evaluador optar ascenso chamba trataba resolucio problemas perfecto reforzar muchas gracias,Experiencia General de Marca,POSITIVO,0.75
UgzSJGsdZ0UiTVLxi1p4AaABAg,OwIQi9ngosg,La red 5G de Claro llega a más ciudades,Claro RD,@JulianMoreno-ll1vy,Para cuando 5G en Tunja?,2025-01-07T10:54:45Z,0,0,Red Móvil y Cobertura 5G,para cuando g en tunja,tunja,Red Móvil y Cobertura 5G,NEUTRO,0.6
UgwuecwuOn2EH1_xxmx4AaABAg,OwIQi9ngosg,La red 5G de Claro llega a más ciudades,Claro RD,@guillermoleoncorrealopera7199,Que plan económico tiene para el móvil,2025-01-04T19:02:50Z,0,0,Red Móvil y Cobertura 5G,que plan econo mico tiene para el mo vil,plan econo mico vil,Planes y Promociones,NEUTRO,0.6
UgwXdS_K5d9fyJGw-E94AaABAg,qLxWDavp0bg,¿Cómo llamar a CLARO Servicio al cliente? en TODOS los países,Claro RD,@diegoantunez2633,Necesito código mcm alguien sabe,2025-01-01T12:41:35Z,1,1,Atención al Cliente y Soporte,necesito co digo mcm alguien sabe,necesito digo mcm alguien sabe,Experiencia General de Marca,NEUTRO,0.6
UgyPLb3mAk-MUEC_Ywl4AaABAg,zE4mlgdWzYg,como configurar Apn 5G 4G claro Dominicana,Claro RD,@joseimyrodriguez,default,2024-12-30T17:41:23Z,0,0,Red Móvil y Cobertura 5G,default,default,Experiencia General de Marca,NEUTRO,0.6
Ugzv-T84rDw2ow0vm4F4AaABAg,JyYD60E2Vpk,Claro RD - Yo soy Claro - Urbano,Claro RD,@NoticiasRecientes247,Hablamos claro🇩🇴♥️🔴,2024-12-30T03:22:04Z,0,0,Experiencia General de Marca,hablamos claro,hablamos,Experiencia General de Marca,NEUTRO,0.6
UgzTuytqStoL-vbgJpV4AaABAg,TKWpVefFVkQ,La Mejor compañía internet móvil de República Dominicana.,Claro RD,@MariaJose-ic7ts,Gracias,2024-11-23T14:09:23Z,1,1,Fibra Óptica e Internet Hogar,gracias,gracias,Experiencia General de Marca,NEUTRO,0.6
Ugy5wwVFyDj_xT-2RsJ4AaABAg,32ad78KOfW4,CÓMO LLAMAR A SERVICIOS DE CLARO,Claro RD,@FabiolaRejas,Telefono de claro servicio al cliente,2024-11-17T02:39:03Z,1,0,Atención al Cliente y Soporte,telefono de claro servicio al cliente,telefono servicio cliente,Atención al Cliente y Soporte,NEUTRO,0.6
Ugzx4bV_3Dqo5Lw_HDZ4AaABAg,qLxWDavp0bg,¿Cómo llamar a CLARO Servicio al cliente? en TODOS los países,Claro RD,@rosariovalencia4767,Tengo problemas con el internet,2024-11-13T13:24:01Z,1,3,Fibra Óptica e Internet Hogar,tengo problemas con el internet,problemas internet,Fibra Óptica e Internet Hogar,NEUTRO,0.6
UgyDmT20ugVAHugRIUF4AaABAg,TKWpVefFVkQ,La Mejor compañía internet móvil de República Dominicana.,Claro RD,@jorgeotero2804,"Llevo toda la vida con claro. Y ya me tienen casado, cada vez tiene menos covertura. No se si estan apagando repetidores,  por que esto va como el cula.
Como no mejore me voy a tener que cambiar de compañia",2024-11-01T01:10:48Z,3,2,Fibra Óptica e Internet Hogar,llevo toda la vida con claro y ya me tienen casado cada vez tiene menos covertura no se si estan apagando repetidores por que esto va como el cula como no mejore me voy a tener que cambiar de compan ia,llevo toda vida casado cada vez menos covertura estan apagando repetidores cula mejore voy tener cambiar compan,Experiencia General de Marca,POSITIVO,0.75
UgxON_gJMlGdJDf0gg54AaABAg,L0mPhRFp0lo,"Como registrarse en Mi Claro, abre una cuenta en mi claro y paga tus facturas, recarga saldo y más 😎",Claro RD,@BEBOGRULLON-fr1tq,Una pregunta si tengo un plan de claro pero no solicite equipos solo el servicio de minutos y internet yo puedo cancelar cuando yo quiera,2024-10-26T23:59:33Z,0,0,Fibra Óptica e Internet Hogar,una pregunta si tengo un plan de claro pero no solicite equipos solo el servicio de minutos y internet yo puedo cancelar cuando yo quiera,pregunta plan solicite equipos solo servicio minutos internet puedo cancelar quiera,Fibra Óptica e Internet Hogar,NEUTRO,0.6
UgybAXIsRhdrjlhgX8J4AaABAg,32ad78KOfW4,CÓMO LLAMAR A SERVICIOS DE CLARO,Claro RD,@JesusLlacsahuache-i9i,Mi móvil es bitel. Y quiero comunicarme con uun operador d claro q número marco,2024-10-13T14:23:56Z,0,0,Atención al Cliente y Soporte,mi mo vil es bitel y quiero comunicarme con uun operador d claro q nu mero marco,vil bitel quiero comunicarme uun operador mero marco,Experiencia General de Marca,NEUTRO,0.6
UgzegvihB9HFKHRJwHx4AaABAg,qLxWDavp0bg,¿Cómo llamar a CLARO Servicio al cliente? en TODOS los países,Claro RD,@YuniorQuispeperez,Y de Peru,2024-09-25T18:17:46Z,1,1,Atención al Cliente y Soporte,y de peru,peru,Experiencia General de Marca,NEUTRO,0.6
UgzWYNwKAS8vuGhSDBd4AaABAg,qLxWDavp0bg,¿Cómo llamar a CLARO Servicio al cliente? en TODOS los países,Claro RD,@mariajimenez9980,Buenas tardes.estoy  preocupada porque me mandan mensajes .y yamadas . Sin causa niguna y que ma van a quitar el servicio me estraña porque yo no he pedido nigun servicio,2024-09-21T21:22:17Z,1,1,Atención al Cliente y Soporte,buenas tardes estoy preocupada porque me mandan mensajes y yamadas sin causa niguna y que ma van a quitar el servicio me estran a porque yo no he pedido nigun servicio,buenas preocupada mandan mensajes yamadas causa niguna van quitar servicio estran pedido nigun servicio,Atención al Cliente y Soporte,NEUTRO,0.6
UgyqUa1A3F3qQ7bQesx4AaABAg,zE4mlgdWzYg,como configurar Apn 5G 4G claro Dominicana,Claro RD,@kilikiou8766,Klk eres increíble me funcionó,2024-09-16T23:09:50Z,2,0,Red Móvil y Cobertura 5G,klk eres increi ble me funciono,klk increi ble funciono,Experiencia General de Marca,NEUTRO,0.6
UgwcMEsijjV4wtkmoOR4AaABAg,qLxWDavp0bg,¿Cómo llamar a CLARO Servicio al cliente? en TODOS los países,Claro RD,@mariasusanamartinezvelasqu3872,Por favor para que poner nos ayuden a ponerle cuidado a esta situación que los desacreditan muchísimo aclaro que ha sido tan atentos de traernos buena televisión en Colombia Gracias muy,2024-09-14T14:28:24Z,3,1,Atención al Cliente y Soporte,por favor para que poner nos ayuden a ponerle cuidado a esta situacio n que los desacreditan muchi simo aclaro que ha sido tan atentos de traernos buena televisio n en colombia gracias muy,favor poner ayuden ponerle cuidado situacio desacreditan muchi simo aclaro tan atentos traernos buena televisio colombia gracias,Red Móvil y Cobertura 5G,NEUTRO,0.6
Ugz342Kuhh8Afp1PCkx4AaABAg,qLxWDavp0bg,¿Cómo llamar a CLARO Servicio al cliente? en TODOS los países,Claro RD,@GiselleGoycoolea,Porque las demás compañías se demoran mucho menos.respondan,2024-09-14T11:59:30Z,1,1,Atención al Cliente y Soporte,porque las dema s compan i as se demoran mucho menos respondan,dema compan demoran menos respondan,Experiencia General de Marca,NEGATIVO,0.75
UgxWkZkeVMufBJfNxHZ4AaABAg,qLxWDavp0bg,¿Cómo llamar a CLARO Servicio al cliente? en TODOS los países,Claro RD,@GiselleGoycoolea,Porque no llega señal contraté TV,2024-09-14T11:57:06Z,1,1,Atención al Cliente y Soporte,porque no llega sen al contrate tv,llega sen contrate,Experiencia General de Marca,NEUTRO,0.6
UgxRCYbteeLGZUJuPEV4AaABAg,32ad78KOfW4,CÓMO LLAMAR A SERVICIOS DE CLARO,Claro RD,@GiselleGoycoolea,Me instalaron claro tv ayer y aun no jay señal.que pasaclaro???,2024-09-14T11:21:41Z,0,0,Atención al Cliente y Soporte,me instalaron claro tv ayer y aun no jay sen al que pasaclaro,instalaron ayer aun jay sen pasaclaro,Experiencia General de Marca,NEUTRO,0.6
Ugx2ilH9mDUI6G7pZK54AaABAg,32ad78KOfW4,CÓMO LLAMAR A SERVICIOS DE CLARO,Claro RD,@mariamargaritaacostadelato846,Necesito hablar con un asesor,2024-09-09T14:48:52Z,1,3,Atención al Cliente y Soporte,necesito hablar con un asesor,necesito hablar asesor,Experiencia General de Marca,NEUTRO,0.6
UgyYwWFtE6Xp7HGXHAd4AaABAg,TKWpVefFVkQ,La Mejor compañía internet móvil de República Dominicana.,Claro RD,@cunununtattoo,Altice es la mejor,2024-09-04T02:29:12Z,3,1,Fibra Óptica e Internet Hogar,altice es la mejor,altice mejor,Experiencia General de Marca,POSITIVO,0.75
UgxbbJj8wA2T2iF7X814AaABAg,TKWpVefFVkQ,La Mejor compañía internet móvil de República Dominicana.,Claro RD,@jonathanjesusdelossantos7284,Pero como altice va a tener más cobertura que claro si claro es quien le alquila las antenas que son las que dan cobertura explícame ?,2024-08-29T00:53:17Z,1,2,Fibra Óptica e Internet Hogar,pero como altice va a tener ma s cobertura que claro si claro es quien le alquila las antenas que son las que dan cobertura expli came,altice tener cobertura alquila antenas dan cobertura expli came,Red Móvil y Cobertura 5G,NEUTRO,0.6
UgyWdjvtTcg3GsMsyiB4AaABAg,qLxWDavp0bg,¿Cómo llamar a CLARO Servicio al cliente? en TODOS los países,Claro RD,@SilviaAstorga-r5t,Quiero que me llamen para contratar el plan de un año el mas barato,2024-08-28T00:14:31Z,1,1,Atención al Cliente y Soporte,quiero que me llamen para contratar el plan de un an o el mas barato,quiero llamen contratar plan mas barato,Planes y Promociones,NEUTRO,0.6
Ugx553lLSKQqw6--A1J4AaABAg,qLxWDavp0bg,¿Cómo llamar a CLARO Servicio al cliente? en TODOS los países,Claro RD,@SilviaAstorga-r5t,Quiero de Chile el numero,2024-08-28T00:09:01Z,1,1,Atención al Cliente y Soporte,quiero de chile el numero,quiero chile numero,Experiencia General de Marca,NEUTRO,0.6
Ugw_J_WRoLVq1Pnp24Z4AaABAg,qLxWDavp0bg,¿Cómo llamar a CLARO Servicio al cliente? en TODOS los países,Claro RD,@dalilanarvaez9788,Acabo de ir a la séptima hacer una reclamación pues hace 5 días no tengo Internet y hay un poco de asesores hablando de lo que les pasa en la noche a cada quien y no atienden el servicio es de lo más malo que hay,2024-08-16T17:07:37Z,1,2,Fibra Óptica e Internet Hogar,acabo de ir a la se ptima hacer una reclamacio n pues hace di as no tengo internet y hay un poco de asesores hablando de lo que les pasa en la noche a cada quien y no atienden el servicio es de lo ma s malo que hay,acabo ptima hacer reclamacio pues hace internet asesores hablando pasa noche cada atienden servicio malo,Fibra Óptica e Internet Hogar,NEGATIVO,0.75
UgwrDudxqhik0xk-HaB4AaABAg,TKWpVefFVkQ,La Mejor compañía internet móvil de República Dominicana.,Claro RD,@lacorriente815,Yo uso viva y uso mucho datos moviles pero he notado que viva no tiene mucha cobertura 4G y para jugar se pone 3G y se sube demasiado el ping y no se si cambiar me o que hacer el 4G solo funciona al full si estas encaramado o en una segunda que me recomiendas?,2024-08-10T23:10:45Z,1,2,Fibra Óptica e Internet Hogar,yo uso viva y uso mucho datos moviles pero he notado que viva no tiene mucha cobertura g y para jugar se pone g y se sube demasiado el ping y no se si cambiar me o que hacer el g solo funciona al full si estas encaramado o en una segunda que me recomiendas,uso viva uso datos moviles notado viva mucha cobertura jugar pone sube demasiado ping cambiar hacer solo funciona full encaramado segunda recomiendas,Fibra Óptica e Internet Hogar,NEUTRO,0.6
UgytpL8glf1uxntxPAR4AaABAg,qLxWDavp0bg,¿Cómo llamar a CLARO Servicio al cliente? en TODOS los países,Claro RD,@Memesrancios-v5c,quiero vincular mi número en Google pero no puedo 😢,2024-08-02T03:50:58Z,1,1,Atención al Cliente y Soporte,quiero vincular mi nu mero en google pero no puedo,quiero vincular mero google puedo,Experiencia General de Marca,NEUTRO,0.6
Ugy29OaIxWoxpG7fftN4AaABAg,TKWpVefFVkQ,La Mejor compañía internet móvil de República Dominicana.,Claro RD,@clasicon6116,"Yo tengo un plan de teléfono de Altice ilimitado, pero dique se degrada, el mío está como raro por que me dan 20GB con una velocidad de 50,60, y siempre está a la misma velocidad eh descargado juegos de 50GB a la consola y siempre tiene esa velocidad, no se que es lo que tenga pero tengo 3 años y siempre está nítido, creo que ellos tienen un error con migo",2024-07-21T11:47:33Z,1,1,Fibra Óptica e Internet Hogar,yo tengo un plan de tele fono de altice ilimitado pero dique se degrada el mi o esta como raro por que me dan gb con una velocidad de y siempre esta a la misma velocidad eh descargado juegos de gb a la consola y siempre tiene esa velocidad no se que es lo que tenga pero tengo an os y siempre esta ni tido creo que ellos tienen un error con migo,plan tele fono altice ilimitado dique degrada raro dan velocidad siempre misma velocidad descargado juegos consola siempre velocidad siempre tido creo error migo,Planes y Promociones,NEUTRO,0.6
UgzVGiPVftw6iC5OP1N4AaABAg,wpSBLTr1UFI,¿Cómo ATENDER QUEJAS y RECLAMOS de los CLIENTES?,Claro RD,@morgan21639,"PUES CLARO, CUANDO LLEGA UN CLIENTE DICIENDO QUE EL COCHE  NO SIRVE, Y ES UN UTILITARIO, PUES LE REGALO UN MERCEDES, O UN BMW. 😁",2024-07-14T11:55:03Z,0,1,Atención al Cliente y Soporte,pues claro cuando llega un cliente diciendo que el coche no sirve y es un utilitario pues le regalo un mercedes o un bmw,pues llega cliente diciendo coche sirve utilitario pues regalo mercedes bmw,Experiencia General de Marca,NEUTRO,0.6
Ugwzaff_ovpm1UIr4xp4AaABAg,qLxWDavp0bg,¿Cómo llamar a CLARO Servicio al cliente? en TODOS los países,Claro RD,@myriamvargas447,Esa letrajunn,2024-07-08T15:38:00Z,1,1,Atención al Cliente y Soporte,esa letrajunn,letrajunn,Experiencia General de Marca,NEUTRO,0.6
Ugx8LcTkypmcOY9elI54AaABAg,TKWpVefFVkQ,La Mejor compañía internet móvil de República Dominicana.,Claro RD,@Jeffreypeguero,Donde estoy viviendo en santo domingo norte cuando se cae altice tambien se cae viva y claro se queda funcionando pero lento minimo ellos se rautean uno al otro con diferentes nombres 👌.,2024-07-04T02:52:59Z,4,2,Fibra Óptica e Internet Hogar,donde estoy viviendo en santo domingo norte cuando se cae altice tambien se cae viva y claro se queda funcionando pero lento minimo ellos se rautean uno al otro con diferentes nombres,viviendo santo domingo norte cae altice tambien cae viva queda funcionando lento minimo rautean diferentes nombres,Fibra Óptica e Internet Hogar,NEGATIVO,0.75
Ugyl1sms-3iRkn4a1Lp4AaABAg,32ad78KOfW4,CÓMO LLAMAR A SERVICIOS DE CLARO,Claro RD,@ManuelRodriguez-tx2lz,Nomas quiero quiero saber cual es el numero del servicio al cliente linia de claro de atencion al cliente,2024-07-02T20:07:42Z,22,6,Atención al Cliente y Soporte,nomas quiero quiero saber cual es el numero del servicio al cliente linia de claro de atencion al cliente,nomas quiero quiero saber numero servicio cliente linia atencion cliente,Atención al Cliente y Soporte,NEUTRO,0.6
Ugy5YchxvL_nO6A-Swp4AaABAg,N9WEFpHRjis,Claro RD -Activa el plan Smart Especial que te pone RED,Claro RD,@onasismatos5419,Todavía esta esos planes,2024-07-01T20:41:35Z,0,0,Planes y Promociones,todavi a esta esos planes,todavi planes,Planes y Promociones,NEUTRO,0.6
UgyAaUlvQBMhgW-Ogn54AaABAg,JyYD60E2Vpk,Claro RD - Yo soy Claro - Urbano,Claro RD,@almohada5588,Sabes que el anuncio esta bueno cuando lo buscas en youtube,2024-06-05T15:32:17Z,1,0,Experiencia General de Marca,sabes que el anuncio esta bueno cuando lo buscas en youtube,sabes anuncio bueno buscas,Experiencia General de Marca,POSITIVO,0.75
UgxEw9uPXLOsdsh1YyF4AaABAg,wpSBLTr1UFI,¿Cómo ATENDER QUEJAS y RECLAMOS de los CLIENTES?,Claro RD,@julioraulmoralescortes7362,Hay que  tener encuentra la crítica para todos los trabajadores le un buen  manejo y mejorar la situación del proceso llevar a los clientes servicio para que tengan la seguridad y cualidad del servicio,2024-06-04T23:47:42Z,1,1,Atención al Cliente y Soporte,hay que tener encuentra la cri tica para todos los trabajadores le un buen manejo y mejorar la situacio n del proceso llevar a los clientes servicio para que tengan la seguridad y cualidad del servicio,tener encuentra cri tica trabajadores buen manejo mejorar situacio proceso llevar clientes servicio seguridad cualidad servicio,Atención al Cliente y Soporte,POSITIVO,0.75
Ugy0Guvi_awUk-Nwfal4AaABAg,JyYD60E2Vpk,Claro RD - Yo soy Claro - Urbano,Claro RD,@pamelaberroa1434,Este anuncio será para la historia ❤,2024-05-28T12:58:10Z,1,0,Experiencia General de Marca,este anuncio sera para la historia,anuncio sera historia,Experiencia General de Marca,NEUTRO,0.6
UgxMvZjkjGncqkMGUNl4AaABAg,TKWpVefFVkQ,La Mejor compañía internet móvil de República Dominicana.,Claro RD,@yordani6673,"Yo digo que claro es mejor que altice, porque altice tiene buena cobertura pero el internet funciona cuando le da la gana, mientras que claro siempre tiene buena cobertura también y no se cae el internet teniendo cobertura. Entonces por eso yo prefiero a claro porque siempre va súper rápido y estable",2024-05-21T23:05:57Z,7,2,Fibra Óptica e Internet Hogar,yo digo que claro es mejor que altice porque altice tiene buena cobertura pero el internet funciona cuando le da la gana mientras que claro siempre tiene buena cobertura tambie n y no se cae el internet teniendo cobertura entonces por eso yo prefiero a claro porque siempre va su per ra pido y estable,digo mejor altice altice buena cobertura internet funciona gana mientras siempre buena cobertura tambie cae internet cobertura entonces prefiero siempre per pido estable,Fibra Óptica e Internet Hogar,POSITIVO,0.85
Ugwih_kNoZtigqJlNI54AaABAg,JyYD60E2Vpk,Claro RD - Yo soy Claro - Urbano,Claro RD,@jairiferreras6890,Chimbala y MelyMel deberían grabar este tema completo 😍🙏,2024-05-17T22:32:32Z,2,0,Experiencia General de Marca,chimbala y melymel deberi an grabar este tema completo,chimbala melymel deberi grabar tema completo,Experiencia General de Marca,NEUTRO,0.6
Ugzwy8x9CW_PlxRBLVF4AaABAg,qLxWDavp0bg,¿Cómo llamar a CLARO Servicio al cliente? en TODOS los países,Claro RD,@eusebionaranjo8784,Porfa un numero cervisio al criente,2024-05-16T20:05:12Z,0,1,Atención al Cliente y Soporte,porfa un numero cervisio al criente,porfa numero cervisio criente,Experiencia General de Marca,NEUTRO,0.6
UgwhMA3lVQBFeCEMat14AaABAg,zE4mlgdWzYg,como configurar Apn 5G 4G claro Dominicana,Claro RD,@ISAAC1M1203,Gracias 😊,2024-05-08T01:18:24Z,0,1,Red Móvil y Cobertura 5G,gracias,gracias,Experiencia General de Marca,NEUTRO,0.6
Ugz48ZsgMqG4W4VXpPl4AaABAg,qLxWDavp0bg,¿Cómo llamar a CLARO Servicio al cliente? en TODOS los países,Claro RD,@YoelRamoshuallpa-ro5sy,Y donde está de PERU,2024-05-02T16:39:36Z,0,1,Atención al Cliente y Soporte,y donde esta de peru,peru,Experiencia General de Marca,NEUTRO,0.6
UgzW__y3liigolVMsGx4AaABAg,TKWpVefFVkQ,La Mejor compañía internet móvil de República Dominicana.,Claro RD,@anthonyalmonte7373,"Altice 100x80 y no entiendo cómo si claro siempre a estado  en el país, y a tenido más beneficios, altice el servicio de oficina no sirve...",2024-05-02T00:25:45Z,1,1,Fibra Óptica e Internet Hogar,altice x y no entiendo co mo si claro siempre a estado en el pai s y a tenido ma s beneficios altice el servicio de oficina no sirve,altice entiendo siempre pai beneficios altice servicio oficina sirve,Atención al Cliente y Soporte,NEUTRO,0.6
UgxhoucQ_kQJZwVDndB4AaABAg,vOG5AbNRYvs,🔥Probando 5G en República Dominicana -  Buscaba 1GB pero encontré otra cosa!!!,Claro RD,@wendyponcete1492,"Llegue algo tarde al vídeo, quiero que me explique cómo un equipo llega a 4G le funciona el 5G si el equipo no cumple con los estandares",2024-05-01T17:38:47Z,0,0,Red Móvil y Cobertura 5G,llegue algo tarde al vi deo quiero que me explique co mo un equipo llega a g le funciona el g si el equipo no cumple con los estandares,llegue tarde deo quiero explique equipo llega funciona equipo cumple estandares,Red Móvil y Cobertura 5G,NEUTRO,0.6
UgxCrrttqO4q2wDm42R4AaABAg,qLxWDavp0bg,¿Cómo llamar a CLARO Servicio al cliente? en TODOS los países,Claro RD,@FabiolaNieto-qf6ty,"llevo dos días sin servicio y dicen que hasta dentro de cinco días me visitan para mirar que es
es lo más malo ennswrvicio",2024-04-30T04:10:00Z,1,1,Atención al Cliente y Soporte,llevo dos di as sin servicio y dicen que hasta dentro de cinco di as me visitan para mirar que es es lo ma s malo ennswrvicio,llevo dos servicio dicen dentro cinco visitan mirar malo ennswrvicio,Atención al Cliente y Soporte,NEGATIVO,0.75
UgwZBTP7lPtydxfqg9x4AaABAg,JyYD60E2Vpk,Claro RD - Yo soy Claro - Urbano,Claro RD,@berenicefelix8590,Esa tipa tiene un maldito glow no se como no as llegado más lejos,2024-04-24T19:31:44Z,3,0,Experiencia General de Marca,esa tipa tiene un maldito glow no se como no as llegado ma s lejos,tipa maldito glow llegado lejos,Experiencia General de Marca,NEUTRO,0.6
UgypDXcOfbx0WPIh-Nd4AaABAg,32ad78KOfW4,CÓMO LLAMAR A SERVICIOS DE CLARO,Claro RD,@orquideacetino4700,Me urge que me llamen xq motivo es que ya nunca me manda mi factura y es obligatorio  si voy ir al MP que pasa,2024-04-22T17:14:05Z,0,0,Atención al Cliente y Soporte,me urge que me llamen xq motivo es que ya nunca me manda mi factura y es obligatorio si voy ir al mp que pasa,urge llamen motivo nunca manda factura obligatorio voy pasa,Facturación y Tarifas,NEUTRO,0.6
Ugx2C-uvje00-AUuYO94AaABAg,wpSBLTr1UFI,¿Cómo ATENDER QUEJAS y RECLAMOS de los CLIENTES?,Claro RD,@danielasanchezmtz7620,Me gustó la técnica del calcetín,2024-04-20T01:03:24Z,0,1,Atención al Cliente y Soporte,me gusto la te cnica del calceti n,gusto cnica calceti,Experiencia General de Marca,NEUTRO,0.6
UgxCPLXzq4LuMRDg2gx4AaABAg,wpSBLTr1UFI,¿Cómo ATENDER QUEJAS y RECLAMOS de los CLIENTES?,Claro RD,@AngelBParkerr,"Me parece interesante considerar ambas perspectivas de la situación, viendo los problemas como oportunidades para beneficiarnos, pero también para satisfacer las necesidades y resolver los problemas que puedan estar experimentando nuestros clientes. Esta aproximación hace que todo sea más accesible y simple.",2024-04-19T21:17:18Z,0,1,Atención al Cliente y Soporte,me parece interesante considerar ambas perspectivas de la situacio n viendo los problemas como oportunidades para beneficiarnos pero tambie n para satisfacer las necesidades y resolver los problemas que puedan estar experimentando nuestros clientes esta aproximacio n hace que todo sea ma s accesible y simple,parece interesante considerar ambas perspectivas situacio viendo problemas oportunidades beneficiarnos tambie satisfacer necesidades resolver problemas puedan experimentando clientes aproximacio hace accesible simple,Red Móvil y Cobertura 5G,NEUTRO,0.6
UgystIkBW43WBlufYu94AaABAg,wpSBLTr1UFI,¿Cómo ATENDER QUEJAS y RECLAMOS de los CLIENTES?,Claro RD,@marisazuniga3180,"Es muy importante conocer como dar soluciones a nuestros clientes de manera efectiva identificando los problemas principales 
Interesante el video.",2024-04-18T06:12:47Z,0,1,Atención al Cliente y Soporte,es muy importante conocer como dar soluciones a nuestros clientes de manera efectiva identificando los problemas principales interesante el video,importante conocer dar soluciones clientes manera efectiva identificando problemas principales interesante,Experiencia General de Marca,NEUTRO,0.6
UgyDv8r65Ep_4SwggMl4AaABAg,wpSBLTr1UFI,¿Cómo ATENDER QUEJAS y RECLAMOS de los CLIENTES?,Claro RD,@wendyestrellavillarrealnin5140,"En resumen, la técnica del calcetín puede ser una herramienta útil para mejorar la gestión de quejas y reclamos de los clientes al brindarte la libertad de movimiento necesaria para abordar la situación de manera eficaz.",2024-04-18T05:53:30Z,1,1,Atención al Cliente y Soporte,en resumen la te cnica del calceti n puede ser una herramienta u til para mejorar la gestio n de quejas y reclamos de los clientes al brindarte la libertad de movimiento necesaria para abordar la situacio n de manera eficaz,resumen cnica calceti puede ser herramienta til mejorar gestio quejas reclamos clientes brindarte libertad movimiento necesaria abordar situacio manera eficaz,Experiencia General de Marca,NEUTRO,0.6
Ugzs-y2iWmRNX5y0sKR4AaABAg,wpSBLTr1UFI,¿Cómo ATENDER QUEJAS y RECLAMOS de los CLIENTES?,Claro RD,@josejaimeguzmansalinas3434,"Excelente video, la explicación de cada paso y con ejemplos en la pizarra y durante el video explicándolo",2024-04-18T05:46:26Z,0,1,Atención al Cliente y Soporte,excelente video la explicacio n de cada paso y con ejemplos en la pizarra y durante el video explica ndolo,excelente explicacio cada paso ejemplos pizarra explica ndolo,Experiencia General de Marca,POSITIVO,0.75
UgxcUTLeY_9U_oEXoHN4AaABAg,wpSBLTr1UFI,¿Cómo ATENDER QUEJAS y RECLAMOS de los CLIENTES?,Claro RD,@KaterinBereniceGarciaChavez,"El objetivo es convertir un problema inicial en un cliente leal a largo plazo, lo que potencialmente aumentará las compras futuras de tus productos o servicios.",2024-04-18T05:28:06Z,0,1,Atención al Cliente y Soporte,el objetivo es convertir un problema inicial en un cliente leal a largo plazo lo que potencialmente aumentara las compras futuras de tus productos o servicios,objetivo convertir problema inicial cliente leal largo plazo potencialmente aumentara compras futuras productos servicios,Atención al Cliente y Soporte,NEUTRO,0.6
UgxftVDfx_vt9nE-ov94AaABAg,wpSBLTr1UFI,¿Cómo ATENDER QUEJAS y RECLAMOS de los CLIENTES?,Claro RD,@KaterinBereniceGarciaChavez,"El objetivo es convertir un problema inicial en un cliente leal a largo plazo, lo que potencialmente aumentará las compras futuras de tus productos o servicios.",2024-04-18T05:27:33Z,4,1,Atención al Cliente y Soporte,el objetivo es convertir un problema inicial en un cliente leal a largo plazo lo que potencialmente aumentara las compras futuras de tus productos o servicios,objetivo convertir problema inicial cliente leal largo plazo potencialmente aumentara compras futuras productos servicios,Atención al Cliente y Soporte,NEUTRO,0.6
UgysYS0zcVW8tm7H4vZ4AaABAg,wpSBLTr1UFI,¿Cómo ATENDER QUEJAS y RECLAMOS de los CLIENTES?,Claro RD,@ElizabethRamos-bk8xl,Agradable explicación.,2024-04-18T05:22:39Z,0,1,Atención al Cliente y Soporte,agradable explicacio n,agradable explicacio,Experiencia General de Marca,NEUTRO,0.6
UgwlJlZCoCD159ESFv94AaABAg,wpSBLTr1UFI,¿Cómo ATENDER QUEJAS y RECLAMOS de los CLIENTES?,Claro RD,@lorenaelizondo1450,Considero que las estrategias para el trato con el cliente siempre van a ser las más importantes porque es un super poder lograr hacer a una persona cambiar su idea y hacerlo a su favor viendolo como una negociación lograda.,2024-04-18T05:21:55Z,0,1,Atención al Cliente y Soporte,considero que las estrategias para el trato con el cliente siempre van a ser las ma s importantes porque es un super poder lograr hacer a una persona cambiar su idea y hacerlo a su favor viendolo como una negociacio n lograda,considero estrategias trato cliente siempre van ser importantes super poder lograr hacer persona cambiar idea hacerlo favor viendolo negociacio lograda,Experiencia General de Marca,POSITIVO,0.75
Ugw4Jhz1uK4ARLHYasF4AaABAg,wpSBLTr1UFI,¿Cómo ATENDER QUEJAS y RECLAMOS de los CLIENTES?,Claro RD,@CharbelyFlores,La atención al cliente es importante partiendo desde conocer los servicios de su interés,2024-04-18T05:12:48Z,0,1,Atención al Cliente y Soporte,la atencio n al cliente es importante partiendo desde conocer los servicios de su intere s,atencio cliente importante partiendo conocer servicios intere,Atención al Cliente y Soporte,NEUTRO,0.6
Ugyk5xdvVSrXWlQguf94AaABAg,wpSBLTr1UFI,¿Cómo ATENDER QUEJAS y RECLAMOS de los CLIENTES?,Claro RD,@josealfredocarrillomartine9823,"Al aplicar la técnica del calcetín en ventas de manera efectiva, podrás guiar a los clientes potenciales a través del proceso de compra de manera estructurada y persuasiva, aumentando las tasas de conversión y fortaleciendo las relaciones comerciales a largo plazo.",2024-04-18T04:54:14Z,0,1,Atención al Cliente y Soporte,al aplicar la te cnica del calceti n en ventas de manera efectiva podra s guiar a los clientes potenciales a trave s del proceso de compra de manera estructurada y persuasiva aumentando las tasas de conversio n y fortaleciendo las relaciones comerciales a largo plazo,aplicar cnica calceti ventas manera efectiva podra guiar clientes potenciales trave proceso compra manera estructurada persuasiva aumentando tasas conversio fortaleciendo relaciones comerciales largo plazo,Experiencia General de Marca,NEUTRO,0.6
UgzPGM-XrL4t8VDdUkN4AaABAg,wpSBLTr1UFI,¿Cómo ATENDER QUEJAS y RECLAMOS de los CLIENTES?,Claro RD,@JorgeHernandez-pr3fj,Excelente video la cual es de mucha ayuda para los negocios y poder resolver problemas,2024-04-18T03:30:52Z,0,1,Atención al Cliente y Soporte,excelente video la cual es de mucha ayuda para los negocios y poder resolver problemas,excelente mucha ayuda negocios poder resolver problemas,Experiencia General de Marca,POSITIVO,0.75
UgyeNYSP939GuGs_meh4AaABAg,wpSBLTr1UFI,¿Cómo ATENDER QUEJAS y RECLAMOS de los CLIENTES?,Claro RD,@naomidelrosariososaburguet6768,"Excelente video, es muy fácil de aplicarlo en cualquier situación y sobre todo cuando trabajamos en servicio al cliente, muchas gracias por compartir.",2024-04-18T02:59:04Z,0,1,Atención al Cliente y Soporte,excelente video es muy fa cil de aplicarlo en cualquier situacio n y sobre todo cuando trabajamos en servicio al cliente muchas gracias por compartir,excelente cil aplicarlo cualquier situacio trabajamos servicio cliente muchas gracias compartir,Atención al Cliente y Soporte,POSITIVO,0.75
UgwDMgcJKjf-n7HLcSd4AaABAg,wpSBLTr1UFI,¿Cómo ATENDER QUEJAS y RECLAMOS de los CLIENTES?,Claro RD,@dianarami3223,Es muy interesante el video ya que destaca la importancia de manejar las quejas y reseñas de los clientes como oportunidades para fortalecer la relación cliente-empresa.,2024-04-18T02:42:18Z,0,1,Atención al Cliente y Soporte,es muy interesante el video ya que destaca la importancia de manejar las quejas y resen as de los clientes como oportunidades para fortalecer la relacio n cliente empresa,interesante destaca importancia manejar quejas resen clientes oportunidades fortalecer relacio cliente empresa,Experiencia General de Marca,NEGATIVO,0.75
UgwAFMIQdClnn9St5c54AaABAg,wpSBLTr1UFI,¿Cómo ATENDER QUEJAS y RECLAMOS de los CLIENTES?,Claro RD,@RicardoRodriguezGalindo,"Muy buen video, Me pareció curioso el nombre de la técnica, pero me aparece algo muy útil y fácil de aplicar casi en cualquier empresa o local.",2024-04-18T02:07:57Z,0,1,Atención al Cliente y Soporte,muy buen video me parecio curioso el nombre de la te cnica pero me aparece algo muy u til y fa cil de aplicar casi en cualquier empresa o local,buen parecio curioso nombre cnica aparece til cil aplicar casi cualquier empresa local,Experiencia General de Marca,NEUTRO,0.6
UgwUhmGviDSgTBEyTkl4AaABAg,wpSBLTr1UFI,¿Cómo ATENDER QUEJAS y RECLAMOS de los CLIENTES?,Claro RD,@jesusalejandrocasillasmend1797,"Muy bien vídeo, no me ha tocado estar en servicio al cliente pero sin duda me llevo una buena información para usarla en el futuro.",2024-04-18T01:19:46Z,1,1,Atención al Cliente y Soporte,muy bien vi deo no me ha tocado estar en servicio al cliente pero sin duda me llevo una buena informacio n para usarla en el futuro,bien deo tocado servicio cliente duda llevo buena informacio usarla futuro,Atención al Cliente y Soporte,NEUTRO,0.6
UgwKadyIlnYjbVXdIBd4AaABAg,qLxWDavp0bg,¿Cómo llamar a CLARO Servicio al cliente? en TODOS los países,Claro RD,@bambamuwu5845,"se olvido de Bolivia, quiero comunicarme a claro Perú desde bolivia, cual es el  número? por favor",2024-04-18T00:41:35Z,0,1,Atención al Cliente y Soporte,se olvido de bolivia quiero comunicarme a claro peru desde bolivia cual es el nu mero por favor,olvido bolivia quiero comunicarme peru bolivia mero favor,Experiencia General de Marca,NEUTRO,0.6
UgynieTPHPBV2-HC4sp4AaABAg,wpSBLTr1UFI,¿Cómo ATENDER QUEJAS y RECLAMOS de los CLIENTES?,Claro RD,@lorenaelizabethibarraruiz5270,"Excelente video, me quedó totalmente claro con los ejemplos que se explicaron durante el video.",2024-04-17T20:56:10Z,0,1,Atención al Cliente y Soporte,excelente video me quedo totalmente claro con los ejemplos que se explicaron durante el video,excelente quedo totalmente ejemplos explicaron,Facturación y Tarifas,NEUTRO,0.6
UgztqJJshYbmD25KT-J4AaABAg,wpSBLTr1UFI,¿Cómo ATENDER QUEJAS y RECLAMOS de los CLIENTES?,Claro RD,@fatimagarcia2852,Muy bien explicado,2024-04-17T05:47:55Z,0,1,Atención al Cliente y Soporte,muy bien explicado,bien explicado,Experiencia General de Marca,NEUTRO,0.6
Ugxju0DkUXro5TZja1t4AaABAg,qLxWDavp0bg,¿Cómo llamar a CLARO Servicio al cliente? en TODOS los países,Claro RD,@elsenseiparra,Saludos,2024-04-17T01:58:46Z,2,1,Atención al Cliente y Soporte,saludos,saludos,Experiencia General de Marca,NEUTRO,0.6
Ugz9shDucAT0YAB2h014AaABAg,wpSBLTr1UFI,¿Cómo ATENDER QUEJAS y RECLAMOS de los CLIENTES?,Claro RD,@franciscojavierlaraolague5274,Muy buen vídeo nos da otra perspectiva de como atender al cliente de manera eficiente por medio de los pasos. A lo que es crucial escuchar y resolver o dar soluciones a los clientes de manera efectiva.,2024-04-16T21:38:25Z,0,1,Atención al Cliente y Soporte,muy buen vi deo nos da otra perspectiva de como atender al cliente de manera eficiente por medio de los pasos a lo que es crucial escuchar y resolver o dar soluciones a los clientes de manera efectiva,buen deo perspectiva atender cliente manera eficiente medio pasos crucial escuchar resolver dar soluciones clientes manera efectiva,Experiencia General de Marca,POSITIVO,0.75
UgwHgIq9RGGmzEFJ9ZF4AaABAg,wpSBLTr1UFI,¿Cómo ATENDER QUEJAS y RECLAMOS de los CLIENTES?,Claro RD,@daligodoy8933,Muy buen video ya que puede apoyar no solo en negocios sino que tambien nos puede ayudar a desarrollar una estrategia para la resolución de posibles conflictos dentro de nuestra vida personal y aunque no lo notamos estos pasos son las bases de la resolución de cualquier situación negativa.,2024-04-13T15:32:40Z,0,1,Atención al Cliente y Soporte,muy buen video ya que puede apoyar no solo en negocios sino que tambien nos puede ayudar a desarrollar una estrategia para la resolucio n de posibles conflictos dentro de nuestra vida personal y aunque no lo notamos estos pasos son las bases de la resolucio n de cualquier situacio n negativa,buen puede apoyar solo negocios sino tambien puede ayudar desarrollar estrategia resolucio posibles conflictos dentro vida personal aunque notamos pasos bases resolucio cualquier situacio negativa,Experiencia General de Marca,NEUTRO,0.6
UgzrUZMXENvcOg1mlBJ4AaABAg,wpSBLTr1UFI,¿Cómo ATENDER QUEJAS y RECLAMOS de los CLIENTES?,Claro RD,@jeanneisya.aponterincones1921,"Excelente video sobre cómo atender quejas y reclamos de los clientes. Es crucial para cualquier negocio entender la importancia de escuchar y resolver las preocupaciones de los clientes de manera efectiva. La comunicación empática y la rápida acción son fundamentales para mantener la satisfacción del cliente y construir una relación sólida. ¡Gracias por compartir estos consejos
útiles para mejorar el servicio al cliente!",2024-04-10T13:19:14Z,0,1,Atención al Cliente y Soporte,excelente video sobre co mo atender quejas y reclamos de los clientes es crucial para cualquier negocio entender la importancia de escuchar y resolver las preocupaciones de los clientes de manera efectiva la comunicacio n empa tica y la ra pida accio n son fundamentales para mantener la satisfaccio n del cliente y construir una relacio n so lida gracias por compartir estos consejos u tiles para mejorar el servicio al cliente,excelente atender quejas reclamos clientes crucial cualquier negocio entender importancia escuchar resolver preocupaciones clientes manera efectiva comunicacio empa tica pida accio fundamentales mantener satisfaccio cliente construir relacio lida gracias compartir consejos tiles mejorar servicio cliente,Atención al Cliente y Soporte,POSITIVO,0.85
Ugzv_f-5ufvPJZgPujp4AaABAg,zE4mlgdWzYg,como configurar Apn 5G 4G claro Dominicana,Claro RD,@ing.emilriveracabrera561,EL MEJORRRRRRRRRRRR🎉,2024-04-09T07:14:36Z,2,0,Red Móvil y Cobertura 5G,el mejorrrrrrrrrrrr,mejorrrrrrrrrrrr,Experiencia General de Marca,POSITIVO,0.75
Ugy-VNn6rxKhNwQ-CsV4AaABAg,zE4mlgdWzYg,como configurar Apn 5G 4G claro Dominicana,Claro RD,@EDWORDOREYMUNDO,Ee much❤❤❤,2024-04-09T04:51:57Z,0,0,Red Móvil y Cobertura 5G,ee much,much,Experiencia General de Marca,NEUTRO,0.6
Ugzif9d2WbfQKa4-HBt4AaABAg,JyYD60E2Vpk,Claro RD - Yo soy Claro - Urbano,Claro RD,@AdagioDazzle-j8y,Solo Melymel nos pone a ver anuncios 😂❤,2024-04-07T22:53:11Z,2,0,Experiencia General de Marca,solo melymel nos pone a ver anuncios,solo melymel pone ver anuncios,Experiencia General de Marca,NEUTRO,0.6
UgyCWpn2hq_XGkENN3R4AaABAg,JyYD60E2Vpk,Claro RD - Yo soy Claro - Urbano,Claro RD,@anazunildamartemarte8693,"❤❤❤❤❤❤❤❤❤ORGANICA ,HERMOSA ,Y  CLARO, LLENA DE AMOR 👌🏻❤🇩🇴 ASI ES LA ENERGIA QUE  TRANSMITE ESTE ANUNCIO ❤❤❤",2024-04-03T04:30:31Z,2,0,Experiencia General de Marca,organica hermosa y claro llena de amor asi es la energia que transmite este anuncio,organica hermosa llena amor asi energia transmite anuncio,Experiencia General de Marca,NEUTRO,0.6
Ugz9yoW7vfKdr4RT4qp4AaABAg,wpSBLTr1UFI,¿Cómo ATENDER QUEJAS y RECLAMOS de los CLIENTES?,Claro RD,@jonathanherreratroya4880,Yyyyy no que arrastrado por actitudes como está no se mejora los clientes sino que se crean ladrones de tiempo. Pura gente que llega a joder a tus negocios,2024-03-25T13:32:10Z,0,1,Atención al Cliente y Soporte,yyyyy no que arrastrado por actitudes como esta no se mejora los clientes sino que se crean ladrones de tiempo pura gente que llega a joder a tus negocios,yyyyy arrastrado actitudes mejora clientes sino crean ladrones tiempo pura gente llega joder negocios,Experiencia General de Marca,POSITIVO,0.75
UgwNXSwJsCHA_hibfH54AaABAg,TKWpVefFVkQ,La Mejor compañía internet móvil de República Dominicana.,Claro RD,@barthelemy6624,"Me gustaría sacar un plan de claro , cual me recomiendas, de GB?",2024-03-24T21:49:42Z,2,1,Fibra Óptica e Internet Hogar,me gustari a sacar un plan de claro cual me recomiendas de gb,gustari sacar plan recomiendas,Planes y Promociones,NEUTRO,0.6
UgxR7UQkxVS60jHP64x4AaABAg,JyYD60E2Vpk,Claro RD - Yo soy Claro - Urbano,Claro RD,@LuisemilRodriguezbierd,El mejor anuncio del mundo 🎉❤🥰😃🤯💖,2024-03-18T00:56:34Z,2,0,Experiencia General de Marca,el mejor anuncio del mundo,mejor anuncio mundo,Experiencia General de Marca,POSITIVO,0.75
Ugxo0BkYLaFDxRV_3Qd4AaABAg,32ad78KOfW4,CÓMO LLAMAR A SERVICIOS DE CLARO,Claro RD,@uldayanez7505,Necesito el numero de claro en peru,2024-03-17T16:56:59Z,0,0,Atención al Cliente y Soporte,necesito el numero de claro en peru,necesito numero peru,Experiencia General de Marca,NEUTRO,0.6
Ugx17GmWCl1osR715Gd4AaABAg,TKWpVefFVkQ,La Mejor compañía internet móvil de República Dominicana.,Claro RD,@mlbsports5668,"Altice en internet prepago es una 💩 lo e usado los tres trabajar con plataformas de taxis y la mejor es Claro, Vivaa es la peor y luego le sigue Alice",2024-03-15T04:12:05Z,3,1,Fibra Óptica e Internet Hogar,altice en internet prepago es una lo e usado los tres trabajar con plataformas de taxis y la mejor es claro vivaa es la peor y luego le sigue alice,altice internet prepago usado tres trabajar plataformas taxis mejor vivaa peor luego sigue alice,Fibra Óptica e Internet Hogar,NEUTRO,0.6
UgwiLlS9-Z9iteKn6k54AaABAg,JyYD60E2Vpk,Claro RD - Yo soy Claro - Urbano,Claro RD,@memorizarapido2072,ESTA CHULO DE VERDAD.,2024-03-14T01:02:10Z,2,0,Experiencia General de Marca,esta chulo de verdad,chulo verdad,Experiencia General de Marca,NEUTRO,0.6
UgwziWtmwDE4OfOmBqx4AaABAg,TKWpVefFVkQ,La Mejor compañía internet móvil de República Dominicana.,Claro RD,@CarlosTV-ip6vc,"si tiene cobertura. pero son ladrone pago 3100 de un plan  residencial  de 5 mega y me estan dando 400 que es meno de un mega,  altice roba",2024-03-12T23:22:46Z,0,1,Fibra Óptica e Internet Hogar,si tiene cobertura pero son ladrone pago de un plan residencial de mega y me estan dando que es meno de un mega altice roba,cobertura ladrone pago plan residencial mega estan dando meno mega altice roba,Red Móvil y Cobertura 5G,NEUTRO,0.6
UgzruYfYHWaAMs15HOB4AaABAg,TKWpVefFVkQ,La Mejor compañía internet móvil de República Dominicana.,Claro RD,@andyfernandez8701,"Cual es la compañía mejor ,para usar paquete de datos móviles ,tengo altice pero últimamente se vuelto una basura ,",2024-03-08T01:05:13Z,1,1,Fibra Óptica e Internet Hogar,cual es la compan i a mejor para usar paquete de datos mo viles tengo altice pero u ltimamente se vuelto una basura,compan mejor usar paquete datos viles altice ltimamente vuelto basura,Red Móvil y Cobertura 5G,NEUTRO,0.6
UgyZOTT8_Pl1z8T11Ih4AaABAg,wpSBLTr1UFI,¿Cómo ATENDER QUEJAS y RECLAMOS de los CLIENTES?,Claro RD,@bridyarelyloperenaescobedo1248,"es un video interesante. es de mucha importancia la perspectiva de los clientes, por lo que siempre tenemos que tener en cuenta nuevas practicas o técnicas para mejorar el servicio al cliente.",2024-03-07T05:07:56Z,0,1,Atención al Cliente y Soporte,es un video interesante es de mucha importancia la perspectiva de los clientes por lo que siempre tenemos que tener en cuenta nuevas practicas o te cnicas para mejorar el servicio al cliente,interesante mucha importancia perspectiva clientes siempre tener cuenta nuevas practicas cnicas mejorar servicio cliente,Atención al Cliente y Soporte,POSITIVO,0.75
UgzC5NpWH_ob0eOfXxV4AaABAg,wpSBLTr1UFI,¿Cómo ATENDER QUEJAS y RECLAMOS de los CLIENTES?,Claro RD,@leslysugeyhuertaocejo4011,"Me parece muy interesante y el  ejemplo es sencillo y bueno, es muy importante tener en cuenta los detalles en cuanto a la atención al cliente.",2024-03-07T04:15:34Z,0,1,Atención al Cliente y Soporte,me parece muy interesante y el ejemplo es sencillo y bueno es muy importante tener en cuenta los detalles en cuanto a la atencio n al cliente,parece interesante ejemplo sencillo bueno importante tener cuenta detalles cuanto atencio cliente,Experiencia General de Marca,POSITIVO,0.75
Ugx8CCLAORHIp4iACd54AaABAg,wpSBLTr1UFI,¿Cómo ATENDER QUEJAS y RECLAMOS de los CLIENTES?,Claro RD,@marthajocelynovalletorres2439,"La atención al cliente es clave para que un negocio funcione bien. Ayuda a tener clientes contentos, construir una buena reputación y crecer. Es como una inversión importante para que una empresa tenga éxito en un mercado competitivo.",2024-03-07T03:00:28Z,0,1,Atención al Cliente y Soporte,la atencio n al cliente es clave para que un negocio funcione bien ayuda a tener clientes contentos construir una buena reputacio n y crecer es como una inversio n importante para que una empresa tenga e xito en un mercado competitivo,atencio cliente clave negocio funcione bien ayuda tener clientes contentos construir buena reputacio crecer inversio importante empresa xito mercado competitivo,Experiencia General de Marca,NEUTRO,0.6
UgyeJEgfuEQJRmkoWjd4AaABAg,wpSBLTr1UFI,¿Cómo ATENDER QUEJAS y RECLAMOS de los CLIENTES?,Claro RD,@everthalexander99,"El video es muy interesante
 Es clave identificar y resolver los problemas de manera proactiva, ofreciendo soluciones concretas",2024-03-07T01:52:43Z,2,1,Atención al Cliente y Soporte,el video es muy interesante es clave identificar y resolver los problemas de manera proactiva ofreciendo soluciones concretas,interesante clave identificar resolver problemas manera proactiva ofreciendo soluciones concretas,Experiencia General de Marca,NEUTRO,0.6
UgxaFF-TJaH77_xevU54AaABAg,wpSBLTr1UFI,¿Cómo ATENDER QUEJAS y RECLAMOS de los CLIENTES?,Claro RD,@angelaroman1981,"el video me parecio interesante y muy importante, ya que nuestros clientes son los importantes como nuestro personal y siempre que haya un problema hay que saber trabajar en equipo y sobre todo solucionarlo",2024-03-07T00:58:13Z,0,1,Atención al Cliente y Soporte,el video me parecio interesante y muy importante ya que nuestros clientes son los importantes como nuestro personal y siempre que haya un problema hay que saber trabajar en equipo y sobre todo solucionarlo,parecio interesante importante clientes importantes personal siempre problema saber trabajar equipo solucionarlo,Planes y Promociones,NEUTRO,0.6
UgykV9tlWW1TfJv68OZ4AaABAg,wpSBLTr1UFI,¿Cómo ATENDER QUEJAS y RECLAMOS de los CLIENTES?,Claro RD,@citlaligarcia4025,considero que esta técnica puede ser muy útil para mejorar el servicio al cliente y construir relaciones sólidas con los clientes.,2024-03-06T23:33:46Z,0,1,Atención al Cliente y Soporte,considero que esta te cnica puede ser muy u til para mejorar el servicio al cliente y construir relaciones so lidas con los clientes,considero cnica puede ser til mejorar servicio cliente construir relaciones lidas clientes,Atención al Cliente y Soporte,POSITIVO,0.75
Ugw2DA0EmcJz5lTKBo14AaABAg,wpSBLTr1UFI,¿Cómo ATENDER QUEJAS y RECLAMOS de los CLIENTES?,Claro RD,@GO-kb7nk,"Puede ser un arma de doble filo, ya que los clientes pueden aprovecharse de ciertas situaciones y abusar de tal acción, pero bien explicado",2024-03-06T23:23:53Z,0,1,Atención al Cliente y Soporte,puede ser un arma de doble filo ya que los clientes pueden aprovecharse de ciertas situaciones y abusar de tal accio n pero bien explicado,puede ser arma doble filo clientes pueden aprovecharse ciertas situaciones abusar tal accio bien explicado,Experiencia General de Marca,NEUTRO,0.6
UgwxA8pt2FeK1ivRAdF4AaABAg,wpSBLTr1UFI,¿Cómo ATENDER QUEJAS y RECLAMOS de los CLIENTES?,Claro RD,@melanyanahirodriguezmartin4638,"Entendí bien la explicación que nos dieron en el video, ya que es importante saber cómo atender las quejas que tienen nuestros clientes y hacerlo siempre de buena manera.",2024-03-06T21:58:36Z,0,1,Atención al Cliente y Soporte,entendi bien la explicacio n que nos dieron en el video ya que es importante saber co mo atender las quejas que tienen nuestros clientes y hacerlo siempre de buena manera,entendi bien explicacio dieron importante saber atender quejas clientes hacerlo siempre buena manera,Experiencia General de Marca,NEGATIVO,0.75
UgxK-pAWa3erUPpOyVp4AaABAg,wpSBLTr1UFI,¿Cómo ATENDER QUEJAS y RECLAMOS de los CLIENTES?,Claro RD,@paolaobregon4743,"La perspectiva de abordar los problemas como oportunidades es fascinante, especialmente al considerar la posibilidad de satisfacer las necesidades de los clientes y resolver sus problemas de manera más fácil y sencilla. Transformar los desafíos en ventajas no solo permite encontrar soluciones eficientes, sino que también fortalece la conexión con los clientes al ofrecer respuestas que simplifican su experiencia. Es una perspectiva que no solo resuelve problemas, sino que crea oportunidades para mejorar y destacar en la satisfacción del cliente.",2024-03-06T00:19:57Z,0,1,Atención al Cliente y Soporte,la perspectiva de abordar los problemas como oportunidades es fascinante especialmente al considerar la posibilidad de satisfacer las necesidades de los clientes y resolver sus problemas de manera ma s fa cil y sencilla transformar los desafi os en ventajas no solo permite encontrar soluciones eficientes sino que tambie n fortalece la conexio n con los clientes al ofrecer respuestas que simplifican su experiencia es una perspectiva que no solo resuelve problemas sino que crea oportunidades para mejorar y destacar en la satisfaccio n del cliente,perspectiva abordar problemas oportunidades fascinante especialmente considerar posibilidad satisfacer necesidades clientes resolver problemas manera cil sencilla transformar desafi ventajas solo permite encontrar soluciones eficientes sino tambie fortalece conexio clientes ofrecer respuestas simplifican experiencia perspectiva solo resuelve problemas sino crea oportunidades mejorar destacar satisfaccio cliente,Red Móvil y Cobertura 5G,POSITIVO,0.85
UgxhMinFo1ZxP6dsAcR4AaABAg,qLxWDavp0bg,¿Cómo llamar a CLARO Servicio al cliente? en TODOS los países,Claro RD,@GladyselizabethVenturadeaguirr,Yo no debo s claro y no tengo el servicio,2024-03-05T22:04:57Z,1,1,Atención al Cliente y Soporte,yo no debo s claro y no tengo el servicio,debo servicio,Atención al Cliente y Soporte,NEUTRO,0.6
UgxLmptJoANuE4VKtCh4AaABAg,wpSBLTr1UFI,¿Cómo ATENDER QUEJAS y RECLAMOS de los CLIENTES?,Claro RD,@selenehdz7415,"Me parece un muy buen video, ya que explica muy bien, excelente video.",2024-03-04T15:45:44Z,0,1,Atención al Cliente y Soporte,me parece un muy buen video ya que explica muy bien excelente video,parece buen explica bien excelente,Experiencia General de Marca,POSITIVO,0.75
UgxW46lVaOZd3CfDYAh4AaABAg,qLxWDavp0bg,¿Cómo llamar a CLARO Servicio al cliente? en TODOS los países,Claro RD,@ElibettCordova,Ayer recargue 7.000 mil pesos por una emergencia que tenía y la recarga nunca me llegó fui hablar con el señor que me recargo y me dijo comunique se con claro a ver qué le responde ellos porque yo no le voy a devolver el dinero 😢. Y bueno gracias a Dios solo fue 7mil pesos nada más y la emergencia la resolví por otro teléfono que pedí prestado🤦🏻‍♀️ ya tengo 5 años con este mismo número. Tocará cambiarme de línea.,2024-03-02T16:05:51Z,4,1,Atención al Cliente y Soporte,ayer recargue mil pesos por una emergencia que teni a y la recarga nunca me llego fui hablar con el sen or que me recargo y me dijo comunique se con claro a ver que le responde ellos porque yo no le voy a devolver el dinero y bueno gracias a dios solo fue mil pesos nada ma s y la emergencia la resolvi por otro tele fono que pedi prestado ya tengo an os con este mismo nu mero tocara cambiarme de li nea,ayer recargue mil pesos emergencia teni recarga nunca llego hablar sen recargo dijo comunique ver responde voy devolver dinero bueno gracias dios solo mil pesos emergencia resolvi tele fono pedi prestado mismo mero tocara cambiarme nea,Facturación y Tarifas,POSITIVO,0.75
UgwkGTWIGiOFZfug06p4AaABAg,qLxWDavp0bg,¿Cómo llamar a CLARO Servicio al cliente? en TODOS los países,Claro RD,@erlindatorresleon5062,Yo no tengo internet desde el sábado y hoy es miércoles y no me solucionan hasta hoy día me dijeron que el técnico viene de 11 A1 y no viene muy mal servicio,2024-02-29T18:05:27Z,3,3,Fibra Óptica e Internet Hogar,yo no tengo internet desde el sa bado y hoy es mie rcoles y no me solucionan hasta hoy di a me dijeron que el te cnico viene de a y no viene muy mal servicio,internet bado hoy mie rcoles solucionan hoy dijeron cnico viene viene mal servicio,Fibra Óptica e Internet Hogar,NEUTRO,0.6
UgwXq3wx-ikdFZd5tJN4AaABAg,qLxWDavp0bg,¿Cómo llamar a CLARO Servicio al cliente? en TODOS los países,Claro RD,@ismaelmontoya2285,"Soy de Colombia y la verdad es que lo he intentado en muchos horarios y la verdad nunca contestan, siempre es que la plataforma está fuera de servicio",2024-02-28T22:56:01Z,4,1,Atención al Cliente y Soporte,soy de colombia y la verdad es que lo he intentado en muchos horarios y la verdad nunca contestan siempre es que la plataforma esta fuera de servicio,colombia verdad intentado horarios verdad nunca contestan siempre plataforma servicio,Atención al Cliente y Soporte,NEUTRO,0.6
UgwPMLaKF2GOvw_COcd4AaABAg,32ad78KOfW4,CÓMO LLAMAR A SERVICIOS DE CLARO,Claro RD,@AngloBh2332,Claro. Para. Asido lo mejor. Llevo. 14 años. Con. Ellos. Pero.  Me. Ise. Un plan.   Y. Desgraciada mente me robaron.    Llevo. 5cuotas pagadas.  Y. No. Me dieron. Otro. Teléfono.        Como. Les quedó. El.  Ojo😅,2024-02-24T18:16:53Z,0,0,Atención al Cliente y Soporte,claro para asido lo mejor llevo an os con ellos pero me ise un plan y desgraciada mente me robaron llevo cuotas pagadas y no me dieron otro tele fono como les quedo el ojo,asido mejor llevo ise plan desgraciada mente robaron llevo cuotas pagadas dieron tele fono quedo ojo,Planes y Promociones,POSITIVO,0.75
Ugzg-WjWvazwwYPQjf54AaABAg,vOG5AbNRYvs,🔥Probando 5G en República Dominicana -  Buscaba 1GB pero encontré otra cosa!!!,Claro RD,@luckyelevenx,"tengo un aparato 5G , pero nunca ha pasado de LTE, existe algún VPN o configuración de Claro para que hale la señal o necesariamente hay que pagar un plan de factura con la telefónica?",2024-02-23T20:00:32Z,0,1,Red Móvil y Cobertura 5G,tengo un aparato g pero nunca ha pasado de lte existe algu n vpn o configuracio n de claro para que hale la sen al o necesariamente hay que pagar un plan de factura con la telefo nica,aparato nunca pasado lte existe algu vpn configuracio hale sen necesariamente pagar plan factura telefo nica,Red Móvil y Cobertura 5G,NEUTRO,0.6
Ugwpw7YG4Z-PqiaetKJ4AaABAg,JyYD60E2Vpk,Claro RD - Yo soy Claro - Urbano,Claro RD,@luzmarinez8188,Cualquiera se cambia de compania solo por esa cancion tan chula❤,2024-02-22T11:02:09Z,0,0,Experiencia General de Marca,cualquiera se cambia de compania solo por esa cancion tan chula,cualquiera cambia compania solo cancion tan chula,Experiencia General de Marca,NEUTRO,0.6
UgxyQrCEX_sCpbimS4Z4AaABAg,JyYD60E2Vpk,Claro RD - Yo soy Claro - Urbano,Claro RD,@ArleyCubillos-jl3sf,Claro me gusta,2024-02-21T18:28:28Z,0,0,Experiencia General de Marca,claro me gusta,gusta,Experiencia General de Marca,NEUTRO,0.6
UgzCtWlclNFZB0c_80F4AaABAg,JyYD60E2Vpk,Claro RD - Yo soy Claro - Urbano,Claro RD,@luistaveras1556,El mejor anuncio del mundo con las mejores melodía que me dan deceo de hacer TikTok con el,2024-02-21T16:49:24Z,0,0,Experiencia General de Marca,el mejor anuncio del mundo con las mejores melodi a que me dan deceo de hacer tiktok con el,mejor anuncio mundo mejores melodi dan deceo hacer tiktok,Experiencia General de Marca,POSITIVO,0.75
Ugzcof3IIj7GNRFITxJ4AaABAg,JyYD60E2Vpk,Claro RD - Yo soy Claro - Urbano,Claro RD,@MariaFelix-is2wi,Para mí es hermoso yo siempre lo busco. Muy lindo y profesionales,2024-02-20T21:33:08Z,0,0,Experiencia General de Marca,para mi es hermoso yo siempre lo busco muy lindo y profesionales,hermoso siempre busco lindo profesionales,Experiencia General de Marca,NEUTRO,0.6
UgyGoYKVJGRk1CK8ejt4AaABAg,JyYD60E2Vpk,Claro RD - Yo soy Claro - Urbano,Claro RD,@grupocsi3285,"Este anuncio es un hit,deberían hacer el tema completo ahora así esa línea comercial y melimel que siga cantando que tiene hermosa voz",2024-02-19T00:11:27Z,1,0,Experiencia General de Marca,este anuncio es un hit deberi an hacer el tema completo ahora asi esa li nea comercial y melimel que siga cantando que tiene hermosa voz,anuncio hit deberi hacer tema completo ahora asi nea comercial melimel siga cantando hermosa voz,Experiencia General de Marca,NEUTRO,0.6
UgyapBumAT9A1Ym5ScN4AaABAg,TKWpVefFVkQ,La Mejor compañía internet móvil de República Dominicana.,Claro RD,@FelizCalvo,Pero el internet es muy lento,2024-02-12T14:40:02Z,0,1,Fibra Óptica e Internet Hogar,pero el internet es muy lento,internet lento,Fibra Óptica e Internet Hogar,NEGATIVO,0.75
Ugx-AMLWWi_x30dykEd4AaABAg,JyYD60E2Vpk,Claro RD - Yo soy Claro - Urbano,Claro RD,@alfredomatos7453,Me encanta esa mujer canta muy bien,2024-02-09T16:10:40Z,0,0,Experiencia General de Marca,me encanta esa mujer canta muy bien,encanta mujer canta bien,Experiencia General de Marca,NEUTRO,0.6
UgxWanHYJrs51NjIhKl4AaABAg,JyYD60E2Vpk,Claro RD - Yo soy Claro - Urbano,Claro RD,@el_granlobo.,Esa canción me recuerda los anuncios de Coca-Cola en los niños 95 en adelante muy bonitos y también los anuncios de marlboro,2024-02-07T15:49:16Z,0,0,Experiencia General de Marca,esa cancio n me recuerda los anuncios de coca cola en los nin os en adelante muy bonitos y tambie n los anuncios de marlboro,cancio recuerda anuncios coca cola nin adelante bonitos tambie anuncios marlboro,Experiencia General de Marca,NEUTRO,0.6
UgzrI2J3k8B1ba-Uv2Z4AaABAg,TKWpVefFVkQ,La Mejor compañía internet móvil de República Dominicana.,Claro RD,@kibelsegura,Altice se a dañado,2024-02-05T12:59:17Z,2,1,Fibra Óptica e Internet Hogar,altice se a dan ado,altice dan ado,Experiencia General de Marca,NEUTRO,0.6
UgzrC73HaJdjGp-M8454AaABAg,qLxWDavp0bg,¿Cómo llamar a CLARO Servicio al cliente? en TODOS los países,Claro RD,@ruthgarcia3760,""" como cancelar un contrato con ellos, por mal servicios y mentiras al cliente. En vez de resolver, le ponen una sarta de anuncios y nunca atienden, pero el cobro es bien puntual????",2024-01-26T17:15:19Z,1,1,Atención al Cliente y Soporte,como cancelar un contrato con ellos por mal servicios y mentiras al cliente en vez de resolver le ponen una sarta de anuncios y nunca atienden pero el cobro es bien puntual,cancelar contrato mal servicios mentiras cliente vez resolver ponen sarta anuncios nunca atienden cobro bien puntual,Atención al Cliente y Soporte,POSITIVO,0.75
Ugxh5Ok54zd5EzOTwTd4AaABAg,qLxWDavp0bg,¿Cómo llamar a CLARO Servicio al cliente? en TODOS los países,Claro RD,@luisangeldamianchoque2660,Ayuda!  Estoy en chile y como puedo hacer para llamar a servicios claro mobil perú desde chile?,2024-01-13T13:42:20Z,1,1,Atención al Cliente y Soporte,ayuda estoy en chile y como puedo hacer para llamar a servicios claro mobil peru desde chile,ayuda chile puedo hacer llamar servicios mobil peru chile,Atención al Cliente y Soporte,NEUTRO,0.6
Ugz0UB7qw6Rns9ZLb2N4AaABAg,JyYD60E2Vpk,Claro RD - Yo soy Claro - Urbano,Claro RD,@anazunildamartemarte8693,HAY QUE  DARLE UN PREMIO CASANDRA,2024-01-12T02:04:19Z,1,0,Experiencia General de Marca,hay que darle un premio casandra,darle premio casandra,Experiencia General de Marca,NEUTRO,0.6
UgxGJN22ScSEYuzRa114AaABAg,TKWpVefFVkQ,La Mejor compañía internet móvil de República Dominicana.,Claro RD,@hijodeDios4ever,"Para mí bro , altice es el mejor en cobertura , pero luego que tu internet se le van todo los gb no sirve entonces claro no tiene cobertura pero su internet cuando se degrada si tiene señal es fuego 🔥",2024-01-08T18:04:13Z,14,4,Fibra Óptica e Internet Hogar,para mi bro altice es el mejor en cobertura pero luego que tu internet se le van todo los gb no sirve entonces claro no tiene cobertura pero su internet cuando se degrada si tiene sen al es fuego,bro altice mejor cobertura luego internet van sirve entonces cobertura internet degrada sen fuego,Fibra Óptica e Internet Hogar,POSITIVO,0.75
UgxyEll1mQSaeEWhBjR4AaABAg,TKWpVefFVkQ,La Mejor compañía internet móvil de República Dominicana.,Claro RD,@hijodeDios4ever,"Bro puedes hablar de los internet, de los router inalámbrico, porque yo tenía uno de altice , y le ponía paqueticos y lo podía poner de 10 GB por 200 pesos , y duraba 2 hora en vez de durar 5 , sin ver muchos videos ni nada no sé porque pasaba eso",2024-01-08T18:02:32Z,2,2,Fibra Óptica e Internet Hogar,bro puedes hablar de los internet de los router inala mbrico porque yo teni a uno de altice y le poni a paqueticos y lo podi a poner de gb por pesos y duraba hora en vez de durar sin ver muchos videos ni nada no se porque pasaba eso,bro puedes hablar internet router inala mbrico teni altice poni paqueticos podi poner pesos duraba hora vez durar ver videos pasaba,Fibra Óptica e Internet Hogar,NEUTRO,0.6
UgySrGyGtU8AseH-kc14AaABAg,qLxWDavp0bg,¿Cómo llamar a CLARO Servicio al cliente? en TODOS los países,Claro RD,@romeliaduque7995,Tele fotos de claro nesecito,2023-12-29T23:21:29Z,1,1,Atención al Cliente y Soporte,tele fotos de claro nesecito,tele fotos nesecito,Experiencia General de Marca,NEUTRO,0.6
UgwqxhvCRBslYc-rdvh4AaABAg,vyzj855irRw,Claro Nicaragua y su servicio al cliente,Claro RD,@celiareina2383,papapapa papapapa o mi papapapa pa 😂 los trabajos que me copiaste profes remix Cr a las últimas décadas de la que se te cante el culo a las últimas décadas de la que se te cante el culo a las olimpiadas de la que se no es profes remix Cr a las últimas décadas de la que se te cante el culo a las últimas décadas de la culo 😮,2023-12-23T14:16:21Z,4,0,Atención al Cliente y Soporte,papapapa papapapa o mi papapapa pa los trabajos que me copiaste profes remix cr a las u ltimas de cadas de la que se te cante el culo a las u ltimas de cadas de la que se te cante el culo a las olimpiadas de la que se no es profes remix cr a las u ltimas de cadas de la que se te cante el culo a las u ltimas de cadas de la culo,papapapa papapapa papapapa trabajos copiaste profes remix ltimas cadas cante culo ltimas cadas cante culo olimpiadas profes remix ltimas cadas cante culo ltimas cadas culo,Experiencia General de Marca,NEUTRO,0.6
UgzJUThnVZ2qxKEjDHZ4AaABAg,TKWpVefFVkQ,La Mejor compañía internet móvil de República Dominicana.,Claro RD,@wandervargas1613,Y cual es la compañía que mas le dura los datos móviles,2023-12-22T13:49:03Z,2,1,Fibra Óptica e Internet Hogar,y cual es la compan i a que mas le dura los datos mo viles,compan mas dura datos viles,Red Móvil y Cobertura 5G,NEUTRO,0.6
UgysMg7gXi4GVfQ9vL54AaABAg,qLxWDavp0bg,¿Cómo llamar a CLARO Servicio al cliente? en TODOS los países,Claro RD,@sebastianalmeida5273,Hola,2023-12-18T16:34:30Z,1,1,Atención al Cliente y Soporte,hola,,Experiencia General de Marca,NEUTRO,0.6
UgyT4Do06hgj0mtPyMN4AaABAg,32ad78KOfW4,CÓMO LLAMAR A SERVICIOS DE CLARO,Claro RD,@GuadalupepastoraEspinales,Buenas tardes estoy llamando a la oficina de Claro porque me pusieron un mensaje de que yo no había pagado el internet sí lo pagué el 28 de noviembre y se me vence el 28 de yo me llamo Guadalupe pastor espinales por favor necesito que me desenrede en ese enredo yo no puedo estar en ese enredo de que yo Claro que me atienda,2023-12-09T21:57:10Z,2,1,Fibra Óptica e Internet Hogar,buenas tardes estoy llamando a la oficina de claro porque me pusieron un mensaje de que yo no habi a pagado el internet si lo pague el de noviembre y se me vence el de yo me llamo guadalupe pastor espinales por favor necesito que me desenrede en ese enredo yo no puedo estar en ese enredo de que yo claro que me atienda,buenas llamando oficina pusieron mensaje habi pagado internet pague noviembre vence llamo guadalupe pastor espinales favor necesito desenrede enredo puedo enredo atienda,Fibra Óptica e Internet Hogar,NEUTRO,0.6
Ugz4EAk5_IIPJV5rmbx4AaABAg,qLxWDavp0bg,¿Cómo llamar a CLARO Servicio al cliente? en TODOS los países,Claro RD,@clemensiamartinez4182,Estoy llamando numeral 611 para hablar a un operador declaró me qué no me dice cómo hago,2023-12-05T20:30:32Z,1,1,Atención al Cliente y Soporte,estoy llamando numeral para hablar a un operador declaro me que no me dice co mo hago,llamando numeral hablar operador declaro dice hago,Experiencia General de Marca,NEUTRO,0.6
UgyvakQEFpr0cgNFXtl4AaABAg,qLxWDavp0bg,¿Cómo llamar a CLARO Servicio al cliente? en TODOS los países,Claro RD,@antoniavasquez3454,"3s decir que tu no puedes tener minutos en tu celular porque se consumen , sin usarlo ya comorendo el porque tabtas personas se cambian de compañía",2023-11-30T18:04:50Z,1,1,Atención al Cliente y Soporte,s decir que tu no puedes tener minutos en tu celular porque se consumen sin usarlo ya comorendo el porque tabtas personas se cambian de compan i a,decir puedes tener minutos celular consumen usarlo comorendo tabtas personas cambian compan,Planes y Promociones,NEUTRO,0.6
Ugyi3UhmEnhX9AJ8Z7B4AaABAg,qLxWDavp0bg,¿Cómo llamar a CLARO Servicio al cliente? en TODOS los países,Claro RD,@antoniavasquez3454,"Me dijo usted no posee lo sufriente para realizar esa recarga , tengo mucho años con claro aunque he cambiado de número muchas veces ,pero si eso no mejora tendré que cambiar de compañía",2023-11-30T03:55:18Z,2,2,Atención al Cliente y Soporte,me dijo usted no posee lo sufriente para realizar esa recarga tengo mucho an os con claro aunque he cambiado de nu mero muchas veces pero si eso no mejora tendre que cambiar de compan i a,dijo usted posee sufriente realizar recarga aunque cambiado mero muchas veces mejora tendre cambiar compan,Facturación y Tarifas,POSITIVO,0.75
Ugyp9__sKkHwF91-jlR4AaABAg,qLxWDavp0bg,¿Cómo llamar a CLARO Servicio al cliente? en TODOS los países,Claro RD,@antoniavasquez3454,Porque claro es tan ladrona puse una recarga de 150 las 9 de la mañana y pence mi paquete se venció la fui a activar y la contestadora me dijo que asta que el paquete no se venciera no podía activar y lo deje así apague la data solo puse el internet de mi hotel y cuando la Fuy a poner después que pasó el plazo del paquete,2023-11-30T03:53:42Z,1,1,Fibra Óptica e Internet Hogar,porque claro es tan ladrona puse una recarga de las de la man ana y pence mi paquete se vencio la fui a activar y la contestadora me dijo que asta que el paquete no se venciera no podi a activar y lo deje asi apague la data solo puse el internet de mi hotel y cuando la fuy a poner despue s que paso el plazo del paquete,tan ladrona puse recarga man ana pence paquete vencio activar contestadora dijo asta paquete venciera podi activar deje asi apague data solo puse internet hotel fuy poner despue paso plazo paquete,Fibra Óptica e Internet Hogar,NEUTRO,0.6
UgxfidoDPq4AcJpIejp4AaABAg,zE4mlgdWzYg,como configurar Apn 5G 4G claro Dominicana,Claro RD,@MrFranciscobest,No todo los planes,2023-11-25T01:47:37Z,1,0,Red Móvil y Cobertura 5G,no todo los planes,planes,Planes y Promociones,NEUTRO,0.6
UgyNGJpNrIj6g_6LL314AaABAg,qLxWDavp0bg,¿Cómo llamar a CLARO Servicio al cliente? en TODOS los países,Claro RD,@sandraangelicamogollonrome931,"Soy una adulta mayor y no uso pajinas ni link, para pedir un técnico es tan difícil y siempre lo cancelan uds, no se porque tan mal servicio😭",2023-11-24T18:45:39Z,1,2,Atención al Cliente y Soporte,soy una adulta mayor y no uso pajinas ni link para pedir un te cnico es tan difi cil y siempre lo cancelan uds no se porque tan mal servicio,adulta mayor uso pajinas link pedir cnico tan difi cil siempre cancelan uds tan mal servicio,Atención al Cliente y Soporte,NEUTRO,0.6
UgyfWwwT_lhR-_hUHcN4AaABAg,32ad78KOfW4,CÓMO LLAMAR A SERVICIOS DE CLARO,Claro RD,@yoicejohannalopezcarrillo5602,Es una empresa estafadora,2023-11-22T19:24:53Z,1,0,Atención al Cliente y Soporte,es una empresa estafadora,empresa estafadora,Experiencia General de Marca,NEGATIVO,0.75
UgwV3x0Qrdzk5C6xxyV4AaABAg,TKWpVefFVkQ,La Mejor compañía internet móvil de República Dominicana.,Claro RD,@GRangel64,Eso es  cierto altice en movil es lo mejor,2023-11-22T04:20:24Z,4,1,Fibra Óptica e Internet Hogar,eso es cierto altice en movil es lo mejor,cierto altice movil mejor,Experiencia General de Marca,POSITIVO,0.75
UgzQWAGLYrQKPlfpM7B4AaABAg,qLxWDavp0bg,¿Cómo llamar a CLARO Servicio al cliente? en TODOS los países,Claro RD,@antoniavasquez3454,"Una pregunta porque , mi internet está tan lentos",2023-11-22T02:33:36Z,1,2,Fibra Óptica e Internet Hogar,una pregunta porque mi internet esta tan lentos,pregunta internet tan lentos,Fibra Óptica e Internet Hogar,NEGATIVO,0.75
UgzLVz83h7Ix86Xwfex4AaABAg,TKWpVefFVkQ,La Mejor compañía internet móvil de República Dominicana.,Claro RD,@carlosyan388,Lo que pasa tu no puedes regalar tu trabajo.. pero tienes que se justo,2023-11-21T23:03:16Z,2,1,Fibra Óptica e Internet Hogar,lo que pasa tu no puedes regalar tu trabajo pero tienes que se justo,pasa puedes regalar trabajo justo,Experiencia General de Marca,NEUTRO,0.6
UgwAMP-oqpIWFpWdWHl4AaABAg,TKWpVefFVkQ,La Mejor compañía internet móvil de República Dominicana.,Claro RD,@carlosyan388,Claro es la pionera que halla perdiendo un poco de cobertura pero eso se debe a los  cambios que han hecho pero han mejorado mucho en sus tecnologia y capacidad de respuesta.recuerde cuánto duró cuando se le callo la plataforma altice y claro duró 35minuto tiempo límite...,2023-11-21T23:00:34Z,4,4,Fibra Óptica e Internet Hogar,claro es la pionera que halla perdiendo un poco de cobertura pero eso se debe a los cambios que han hecho pero han mejorado mucho en sus tecnologia y capacidad de respuesta recuerde cua nto duro cuando se le callo la plataforma altice y claro duro minuto tiempo li mite,pionera halla perdiendo cobertura debe cambios hecho mejorado tecnologia capacidad respuesta recuerde cua nto duro callo plataforma altice duro minuto tiempo mite,Red Móvil y Cobertura 5G,POSITIVO,0.75
UgzD51CzOkjPEELtqhd4AaABAg,TKWpVefFVkQ,La Mejor compañía internet móvil de República Dominicana.,Claro RD,@carlosyan388,Claro a mejorado bastante claro es superior,2023-11-21T14:39:37Z,6,2,Fibra Óptica e Internet Hogar,claro a mejorado bastante claro es superior,mejorado bastante superior,Experiencia General de Marca,POSITIVO,0.85
Ugw1x_AlFtpo8WCyTCh4AaABAg,TKWpVefFVkQ,La Mejor compañía internet móvil de República Dominicana.,Claro RD,@carlosyan388,No lo creo,2023-11-21T14:37:42Z,1,1,Fibra Óptica e Internet Hogar,no lo creo,creo,Experiencia General de Marca,NEUTRO,0.6
UgwMk1XRSsVrdyp7k3R4AaABAg,JyYD60E2Vpk,Claro RD - Yo soy Claro - Urbano,Claro RD,@Luismatias11,Esa cancion esta del kiloooooo😮😮😮😮😮,2023-11-19T23:14:53Z,0,0,Experiencia General de Marca,esa cancion esta del kiloooooo,cancion kiloooooo,Experiencia General de Marca,NEUTRO,0.6
UgzLb5UOH-Z-LNa1WVp4AaABAg,cXJfXbWC248,👉CON ESTE CODIGO EVITAS que CLARO te CONSUMA SALDO SIN PERMISO.,Claro RD,@romeropalacios6697,Wey,2023-11-19T18:15:22Z,0,0,Experiencia General de Marca,wey,wey,Experiencia General de Marca,NEUTRO,0.6
UgwQFrbijtoceuKIGhR4AaABAg,JyYD60E2Vpk,Claro RD - Yo soy Claro - Urbano,Claro RD,@theazrael9951,"Lo que hace el talento. Me tienen escuchando un anuncio, cuando yo solo espero los 5 segundos para omitir",2023-11-16T23:16:19Z,2,0,Fibra Óptica e Internet Hogar,lo que hace el talento me tienen escuchando un anuncio cuando yo solo espero los segundos para omitir,hace talento escuchando anuncio solo espero segundos omitir,Fibra Óptica e Internet Hogar,NEGATIVO,0.75
Ugww2WksKNXkaQldGOJ4AaABAg,JyYD60E2Vpk,Claro RD - Yo soy Claro - Urbano,Claro RD,@anazunildamartemarte8693,🎉😊❤🎉el MEJOR  anuncio de la television DOMINICANA..❤❤❤,2023-11-16T19:33:31Z,2,0,Experiencia General de Marca,el mejor anuncio de la television dominicana,mejor anuncio television dominicana,Experiencia General de Marca,POSITIVO,0.75
UgyuOOZ3-wKFJ5_Ul254AaABAg,JyYD60E2Vpk,Claro RD - Yo soy Claro - Urbano,Claro RD,@kevinlapaix2019,Que bella MelyMel hermosura,2023-11-13T12:39:07Z,1,0,Experiencia General de Marca,que bella melymel hermosura,bella melymel hermosura,Experiencia General de Marca,NEUTRO,0.6
Ugwh4BeMEj7QIUS7esZ4AaABAg,qLxWDavp0bg,¿Cómo llamar a CLARO Servicio al cliente? en TODOS los países,Claro RD,@joseluisamati7153,Donde hay representantes de claro en Bs As Argentina y teléfono para comunicarme ?......,2023-11-12T23:27:00Z,1,1,Atención al Cliente y Soporte,donde hay representantes de claro en bs as argentina y tele fono para comunicarme,representantes argentina tele fono comunicarme,Experiencia General de Marca,NEUTRO,0.6
Ugxxmtw7wkGPqVF9f-Z4AaABAg,JyYD60E2Vpk,Claro RD - Yo soy Claro - Urbano,Claro RD,@carlito550,Melimer es una artistasa,2023-11-11T12:56:07Z,1,0,Experiencia General de Marca,melimer es una artistasa,melimer artistasa,Experiencia General de Marca,NEUTRO,0.6
UgycUIjmZB5zltGxiQ94AaABAg,32ad78KOfW4,CÓMO LLAMAR A SERVICIOS DE CLARO,Claro RD,@mariagracielsgonzalez9394,Cómo hago para dar de baja a claro?,2023-11-09T04:20:35Z,2,0,Atención al Cliente y Soporte,co mo hago para dar de baja a claro,hago dar baja,Experiencia General de Marca,NEUTRO,0.6
UgybVxgsh_KxUWiITNt4AaABAg,32ad78KOfW4,CÓMO LLAMAR A SERVICIOS DE CLARO,Claro RD,@mariagracielsgonzalez9394,Quiero dar de baja a claro,2023-11-09T04:19:16Z,0,0,Atención al Cliente y Soporte,quiero dar de baja a claro,quiero dar baja,Experiencia General de Marca,NEUTRO,0.6
UgzR1p74WCX17JgYUFV4AaABAg,qLxWDavp0bg,¿Cómo llamar a CLARO Servicio al cliente? en TODOS los países,Claro RD,@aideecardona853,"Estoy buscando solución a mi problema , pero no es posible comunicarme.",2023-11-06T20:29:26Z,1,1,Atención al Cliente y Soporte,estoy buscando solucio n a mi problema pero no es posible comunicarme,buscando solucio problema posible comunicarme,Experiencia General de Marca,NEUTRO,0.6
UgzzmcDo60Obj2oknB14AaABAg,32ad78KOfW4,CÓMO LLAMAR A SERVICIOS DE CLARO,Claro RD,@ciriacapacheco8696,Y la promoción de pañales ?cuando depositan,2023-11-06T12:51:17Z,0,0,Atención al Cliente y Soporte,y la promocio n de pan ales cuando depositan,promocio pan ales depositan,Planes y Promociones,NEUTRO,0.6
UgxDkqD8AX4XO__eQq54AaABAg,32ad78KOfW4,CÓMO LLAMAR A SERVICIOS DE CLARO,Claro RD,@frellamorales3276,No se entiende pueden dar el numero ustedes porque yo no entiendo Tecnologia MODERNA Felicitaciones 💖💕💖💕 gracias,2023-11-05T04:25:32Z,0,2,Atención al Cliente y Soporte,no se entiende pueden dar el numero ustedes porque yo no entiendo tecnologia moderna felicitaciones gracias,entiende pueden dar numero ustedes entiendo tecnologia moderna felicitaciones gracias,Experiencia General de Marca,NEUTRO,0.6
Ugz4H87HALQWfBwqxyR4AaABAg,qLxWDavp0bg,¿Cómo llamar a CLARO Servicio al cliente? en TODOS los países,Claro RD,@frellamorales3276,Número de claro chile  gracias ❤❤❤,2023-11-05T04:22:26Z,0,1,Atención al Cliente y Soporte,nu mero de claro chile gracias,mero chile gracias,Experiencia General de Marca,NEUTRO,0.6
UgxbpUpCGyEXTm8Tplh4AaABAg,JyYD60E2Vpk,Claro RD - Yo soy Claro - Urbano,Claro RD,@nicolejimenez9096,"Esta mujer es genial, me hizo venir a escuchar un anuncio, es el único que no me salgo y hasta el sol de hoy no olvido la promoción de verano presidente",2023-11-04T19:19:38Z,9,0,Planes y Promociones,esta mujer es genial me hizo venir a escuchar un anuncio es el u nico que no me salgo y hasta el sol de hoy no olvido la promocio n de verano presidente,mujer genial hizo venir escuchar anuncio nico salgo sol hoy olvido promocio verano presidente,Planes y Promociones,POSITIVO,0.75
UgxQ4HxyTc_Yzyduum94AaABAg,JyYD60E2Vpk,Claro RD - Yo soy Claro - Urbano,Claro RD,@mellgarcia5099,"wwwaaauu si, me gusta ese anuncio, jjjje lo busque pa escuchalo de nuevo!!! Es fuerte; el único país donde  las canciones de los comerciales se pegan y se viven !!",2023-11-03T20:43:12Z,10,0,Experiencia General de Marca,wwwaaauu si me gusta ese anuncio jjjje lo busque pa escuchalo de nuevo es fuerte el u nico pai s donde las canciones de los comerciales se pegan y se viven,wwwaaauu gusta anuncio jjjje busque escuchalo nuevo fuerte nico pai canciones comerciales pegan viven,Experiencia General de Marca,NEUTRO,0.6
Ugzv2K41a8cvxghSvP94AaABAg,JyYD60E2Vpk,Claro RD - Yo soy Claro - Urbano,Claro RD,@La-Lissah,Es muy buena la canción!,2023-11-03T02:19:29Z,3,0,Experiencia General de Marca,es muy buena la cancio n,buena cancio,Experiencia General de Marca,NEUTRO,0.6
UgyZcPJgI2VOqyFfwBh4AaABAg,qLxWDavp0bg,¿Cómo llamar a CLARO Servicio al cliente? en TODOS los países,Claro RD,@lucerocardenas7209,Solo pedí cancelar el servicio y me dejaron 40 minutos y no me contestaron,2023-11-02T17:02:33Z,1,1,Atención al Cliente y Soporte,solo pedi cancelar el servicio y me dejaron minutos y no me contestaron,solo pedi cancelar servicio dejaron minutos contestaron,Atención al Cliente y Soporte,NEUTRO,0.6
UgyWu8Zh-8ACD2P7pUl4AaABAg,qLxWDavp0bg,¿Cómo llamar a CLARO Servicio al cliente? en TODOS los países,Claro RD,@lucerocardenas7209,Pésimo el servicio de claro es lo mas malo que hay,2023-11-02T17:01:00Z,18,3,Atención al Cliente y Soporte,pe simo el servicio de claro es lo mas malo que hay,simo servicio mas malo,Red Móvil y Cobertura 5G,NEGATIVO,0.75
UgwLAN4MN8KaiCVnJpt4AaABAg,JyYD60E2Vpk,Claro RD - Yo soy Claro - Urbano,Claro RD,@manuellaquiino1209,Estoy enamorado de ese anuncio melymel siempre la aplica!! “ ❤😍,2023-11-01T18:02:29Z,11,0,Experiencia General de Marca,estoy enamorado de ese anuncio melymel siempre la aplica,enamorado anuncio melymel siempre aplica,Experiencia General de Marca,NEUTRO,0.6
UgzwvbgMj8h_vToxUet4AaABAg,JyYD60E2Vpk,Claro RD - Yo soy Claro - Urbano,Claro RD,@lourdesgonzalez8747,Excelente!!!,2023-11-01T02:36:34Z,3,0,Experiencia General de Marca,excelente,excelente,Experiencia General de Marca,POSITIVO,0.75
Ugy66dT-ezHHKIp7DyR4AaABAg,JyYD60E2Vpk,Claro RD - Yo soy Claro - Urbano,Claro RD,@MichaelXSF,Todo es mejor,2023-10-31T20:25:07Z,2,0,Experiencia General de Marca,todo es mejor,mejor,Experiencia General de Marca,POSITIVO,0.75
UgxolcGRvFbkHijaG1l4AaABAg,JyYD60E2Vpk,Claro RD - Yo soy Claro - Urbano,Claro RD,@edileniafamilia1979,Primera vez que escucho un anuncio y me gusta😂❤️❤️❤️❤️❤️ Hermosa canción ❤️,2023-10-31T00:11:22Z,9,0,Experiencia General de Marca,primera vez que escucho un anuncio y me gusta hermosa cancio n,primera vez escucho anuncio gusta hermosa cancio,Experiencia General de Marca,NEUTRO,0.6
UgyFR7YOmWZl-m6pBdp4AaABAg,JyYD60E2Vpk,Claro RD - Yo soy Claro - Urbano,Claro RD,@mversexDD,Esta buenisima la dieron en la televisión mia y la vi y estuvo buena muy chida 👍 Yo tambien tengo un celular de claro,2023-10-30T23:46:05Z,3,0,Planes y Promociones,esta buenisima la dieron en la televisio n mia y la vi y estuvo buena muy chida yo tambien tengo un celular de claro,buenisima dieron televisio mia buena chida tambien celular,Red Móvil y Cobertura 5G,NEUTRO,0.6
UgwI2_38XvcWNNeU_I54AaABAg,32ad78KOfW4,CÓMO LLAMAR A SERVICIOS DE CLARO,Claro RD,@OlgaOrtiz-k5w,Número para comunicarme  con  clar,2023-10-25T18:31:04Z,0,0,Atención al Cliente y Soporte,nu mero para comunicarme con clar,mero comunicarme clar,Experiencia General de Marca,NEUTRO,0.6
Ugzl3kMf09VvSLTooCV4AaABAg,qLxWDavp0bg,¿Cómo llamar a CLARO Servicio al cliente? en TODOS los países,Claro RD,@OlgaOrtiz-k5w,Necesito comunicarme  con  un ejecutivo,2023-10-25T18:16:16Z,1,1,Atención al Cliente y Soporte,necesito comunicarme con un ejecutivo,necesito comunicarme ejecutivo,Experiencia General de Marca,NEUTRO,0.6
Ugx2EnlS2cFtIBJ5yOV4AaABAg,JyYD60E2Vpk,Claro RD - Yo soy Claro - Urbano,Claro RD,@OPINIÓN_URBANA_TV,Ese anuncio es mejor que muchísimas canciones ❤,2023-10-25T02:31:38Z,5,0,Experiencia General de Marca,ese anuncio es mejor que muchi simas canciones,anuncio mejor muchi simas canciones,Red Móvil y Cobertura 5G,POSITIVO,0.75
UgzWfOuyha2Qm-r4gwd4AaABAg,JyYD60E2Vpk,Claro RD - Yo soy Claro - Urbano,Claro RD,@amazonclient4502,amo está canción😍,2023-10-25T00:36:14Z,3,0,Experiencia General de Marca,amo esta cancio n,amo cancio,Experiencia General de Marca,NEUTRO,0.6
Ugzn7lQ7pnxanm7wHLt4AaABAg,JyYD60E2Vpk,Claro RD - Yo soy Claro - Urbano,Claro RD,@kazuha2967,"Que bueno leer que pusieron los créditos a melymel como compositora, la mejor y más versátil",2023-10-25T00:23:30Z,13,0,Experiencia General de Marca,que bueno leer que pusieron los cre ditos a melymel como compositora la mejor y ma s versa til,bueno leer pusieron cre ditos melymel compositora mejor versa til,Experiencia General de Marca,POSITIVO,0.85
UgwVmnbFoDHqV21wocd4AaABAg,JyYD60E2Vpk,Claro RD - Yo soy Claro - Urbano,Claro RD,@AndresFlete,Wao que canción más hermosa me da nostalgia,2023-10-22T03:26:58Z,3,0,Experiencia General de Marca,wao que cancio n ma s hermosa me da nostalgia,wao cancio hermosa nostalgia,Experiencia General de Marca,NEUTRO,0.6
UgwL7BuCmzE9BXJ5cO54AaABAg,JyYD60E2Vpk,Claro RD - Yo soy Claro - Urbano,Claro RD,@MichaelXSF,La mejor canción,2023-10-22T01:58:30Z,3,0,Experiencia General de Marca,la mejor cancio n,mejor cancio,Experiencia General de Marca,POSITIVO,0.75
UgyL2zKHQyamjgGAhhZ4AaABAg,JyYD60E2Vpk,Claro RD - Yo soy Claro - Urbano,Claro RD,@darlynseverino8469,Me canta la cacion de melimel ❤,2023-10-20T18:48:16Z,11,0,Experiencia General de Marca,me canta la cacion de melimel,canta cacion melimel,Experiencia General de Marca,NEUTRO,0.6
UgydVOP2PvBvo1voFoZ4AaABAg,JyYD60E2Vpk,Claro RD - Yo soy Claro - Urbano,Claro RD,@themaxter9492,Ellos dos deberían sacar este tema y alargarlo.,2023-10-20T15:57:12Z,9,0,Experiencia General de Marca,ellos dos deberi an sacar este tema y alargarlo,dos deberi sacar tema alargarlo,Experiencia General de Marca,NEUTRO,0.6
UgwwXQcxOTL5chYyFl94AaABAg,qLxWDavp0bg,¿Cómo llamar a CLARO Servicio al cliente? en TODOS los países,Claro RD,@frankicardenas8411,Hola no encuentro atencion directa con un operador la linea de internet por cable se fue y nesecito saber que paso con el internet,2023-10-19T10:46:58Z,1,1,Fibra Óptica e Internet Hogar,hola no encuentro atencion directa con un operador la linea de internet por cable se fue y nesecito saber que paso con el internet,encuentro atencion directa operador linea internet cable nesecito saber paso internet,Fibra Óptica e Internet Hogar,NEUTRO,0.6
UgwHjhtO_XGxj3wFPh54AaABAg,JyYD60E2Vpk,Claro RD - Yo soy Claro - Urbano,Claro RD,@eldelossazones889,Dios mio mely un anuncio que no se me va de la cabeza porque esa música esta bellísima,2023-10-19T02:11:09Z,12,0,Experiencia General de Marca,dios mio mely un anuncio que no se me va de la cabeza porque esa mu sica esta belli sima,dios mio mely anuncio cabeza sica belli sima,Red Móvil y Cobertura 5G,NEUTRO,0.6
Ugwu5MlDJs4Sp9nFTp54AaABAg,32ad78KOfW4,CÓMO LLAMAR A SERVICIOS DE CLARO,Claro RD,@JosephRosales-z1r,BAD SERVICIO AL CLIENTE,2023-10-17T21:03:37Z,0,0,Atención al Cliente y Soporte,bad servicio al cliente,bad servicio cliente,Atención al Cliente y Soporte,NEUTRO,0.6
UgytC6uJp5dsHR29BrN4AaABAg,JyYD60E2Vpk,Claro RD - Yo soy Claro - Urbano,Claro RD,@GriselReyes-o6c,"Waooo, deberian de hacer un disco de ese tema Melymel y Chimbala",2023-10-17T02:13:20Z,4,0,Experiencia General de Marca,waooo deberian de hacer un disco de ese tema melymel y chimbala,waooo deberian hacer disco tema melymel chimbala,Experiencia General de Marca,NEUTRO,0.6
UgwzWynIGqRuDNRd8id4AaABAg,JyYD60E2Vpk,Claro RD - Yo soy Claro - Urbano,Claro RD,@dulcemolina-kp8vj,Nunca en la vida clero avía tenido un anuncio tan lindo como ese bendiciones,2023-10-16T18:29:48Z,15,0,Experiencia General de Marca,nunca en la vida clero avi a tenido un anuncio tan lindo como ese bendiciones,nunca vida clero avi anuncio tan lindo bendiciones,Experiencia General de Marca,NEUTRO,0.6
UgxvOksVeCGWFtFt7rh4AaABAg,JyYD60E2Vpk,Claro RD - Yo soy Claro - Urbano,Claro RD,@natalymateo1123,No paro de ver este anuncio lo amé y la hermosa voz de MelyMel nunca pasa de moda la amo😍❤,2023-10-15T04:08:54Z,6,0,Experiencia General de Marca,no paro de ver este anuncio lo ame y la hermosa voz de melymel nunca pasa de moda la amo,paro ver anuncio ame hermosa voz melymel nunca pasa moda amo,Experiencia General de Marca,NEUTRO,0.6
UgyPQBXEQGtw-fy9_9R4AaABAg,TKWpVefFVkQ,La Mejor compañía internet móvil de República Dominicana.,Claro RD,@samuelmartineznunez-fy7yi,Si pero lo unico que yo vivo en guaricano y tengo un plan de 2997 pesos de altice y uno de 700 pesos en viva y altice no sirve por aqui y viva es exelente me funciona muy bien en cambio altice no,2023-10-14T19:12:09Z,2,1,Fibra Óptica e Internet Hogar,si pero lo unico que yo vivo en guaricano y tengo un plan de pesos de altice y uno de pesos en viva y altice no sirve por aqui y viva es exelente me funciona muy bien en cambio altice no,unico vivo guaricano plan pesos altice pesos viva altice sirve aqui viva exelente funciona bien cambio altice,Facturación y Tarifas,NEUTRO,0.6
UgxJdviAqbmMz2xMR0R4AaABAg,JyYD60E2Vpk,Claro RD - Yo soy Claro - Urbano,Claro RD,@alexanderpenagonzalez4603,Dios mío necesito esto en sportify,2023-10-13T10:45:18Z,3,0,Experiencia General de Marca,dios mi o necesito esto en sportify,dios necesito sportify,Experiencia General de Marca,NEUTRO,0.6
UgwwG6zGX9W-ZINpI9F4AaABAg,JyYD60E2Vpk,Claro RD - Yo soy Claro - Urbano,Claro RD,@yoemilbeltrequinones1768,"Es increíble como repito esta canción una y otra vez, y eso que es un ANUNCIOOOOO🤩",2023-10-13T00:00:06Z,56,2,Experiencia General de Marca,es increi ble como repito esta cancio n una y otra vez y eso que es un anunciooooo,increi ble repito cancio vez anunciooooo,Experiencia General de Marca,NEUTRO,0.6
Ugxe5ZQcmas3q1P-VU14AaABAg,JyYD60E2Vpk,Claro RD - Yo soy Claro - Urbano,Claro RD,@Liiiiinagm.r1823,Este anuncio es un palo.,2023-10-12T16:45:53Z,18,0,Experiencia General de Marca,este anuncio es un palo,anuncio palo,Experiencia General de Marca,NEUTRO,0.6
UgxXa7yqCBOe7G3u7qp4AaABAg,JyYD60E2Vpk,Claro RD - Yo soy Claro - Urbano,Claro RD,@MariaSuarez-i8u,"El mejor anuncio de claro me encanta no lo dejo de cantar, asta de tono lo puse en el cel😊",2023-10-10T15:24:56Z,18,0,Experiencia General de Marca,el mejor anuncio de claro me encanta no lo dejo de cantar asta de tono lo puse en el cel,mejor anuncio encanta dejo cantar asta tono puse cel,Experiencia General de Marca,POSITIVO,0.75
UgwYHX9cui7hB8-xPYB4AaABAg,TKWpVefFVkQ,La Mejor compañía internet móvil de República Dominicana.,Claro RD,@estebanacosta5163,"Tienes muchas rason yo ya e probado las tres compañias entre la tres yo sacaría a claro como la peor de todas en el campo en su paquetes y su planes tedan mucha velocidad pero se degrada rápido si tú eres una personas k te gusta usar YouTube,nexfli,u otra aplicación no la recomiendo yo sol de la línea noroeste un paquete de claro de 5dias es una basura se degrada ante k pase 5hora aora si usas un móvil 3G te puede durar tarbes yega a los 5dias y eso si no lo forsa si ases intervalo de 2hora puede yegar a los 5dias a diferencia de altice y viva ambas son buenas,,,, aora claro tiene buena cobertura pero solo el la carretera pero en cayejones es una basura hieso k es la compañia más cara del país en minuto cobran caro no puedes ASER una yamada a países fuera se teban todos los minutos",2023-10-09T14:34:55Z,4,1,Fibra Óptica e Internet Hogar,tienes muchas rason yo ya e probado las tres compan ias entre la tres yo sacari a a claro como la peor de todas en el campo en su paquetes y su planes tedan mucha velocidad pero se degrada ra pido si tu eres una personas k te gusta usar youtube nexfli u otra aplicacio n no la recomiendo yo sol de la li nea noroeste un paquete de claro de dias es una basura se degrada ante k pase hora aora si usas un mo vil g te puede durar tarbes yega a los dias y eso si no lo forsa si ases intervalo de hora puede yegar a los dias a diferencia de altice y viva ambas son buenas aora claro tiene buena cobertura pero solo el la carretera pero en cayejones es una basura hieso k es la compan ia ma s cara del pai s en minuto cobran caro no puedes aser una yamada a pai ses fuera se teban todos los minutos,muchas rason probado tres compan ias tres sacari peor todas campo paquetes planes tedan mucha velocidad degrada pido personas gusta usar nexfli aplicacio recomiendo sol nea noroeste paquete dias basura degrada pase hora aora usas vil puede durar tarbes yega dias forsa ases intervalo hora puede yegar dias diferencia altice viva ambas buenas aora buena cobertura solo carretera cayejones basura hieso compan cara pai minuto cobran caro puedes aser yamada pai ses teban minutos,Red Móvil y Cobertura 5G,NEGATIVO,0.95
Ugzdmhq-h94lgxdLV894AaABAg,zE4mlgdWzYg,como configurar Apn 5G 4G claro Dominicana,Claro RD,@yefryarias7454,Pero en claro solo se pone el 5g cuando es con plan cuando tú teléfono es prepago no se pone,2023-10-09T02:00:43Z,2,0,Red Móvil y Cobertura 5G,pero en claro solo se pone el g cuando es con plan cuando tu tele fono es prepago no se pone,solo pone plan tele fono prepago pone,Red Móvil y Cobertura 5G,NEUTRO,0.6
Ugz2uOz_vL2GKdRoPTd4AaABAg,32ad78KOfW4,CÓMO LLAMAR A SERVICIOS DE CLARO,Claro RD,@FelicitasGloria-ix7py,Buenas tardes por favor teléfono móvil de Perú,2023-10-06T18:30:19Z,0,0,Atención al Cliente y Soporte,buenas tardes por favor tele fono mo vil de peru,buenas favor tele fono vil peru,Experiencia General de Marca,NEUTRO,0.6
UgwpBUBBwViQikc_iGZ4AaABAg,qLxWDavp0bg,¿Cómo llamar a CLARO Servicio al cliente? en TODOS los países,Claro RD,@meryayala3660,En Peru 123 pero desde telef cin linea Claro y si no soy Claro 😮,2023-10-04T01:13:24Z,1,1,Red Móvil y Cobertura 5G,en peru pero desde telef cin linea claro y si no soy claro,peru telef cin linea,Red Móvil y Cobertura 5G,NEUTRO,0.6
UgwpkX5HzYamYo-OLfR4AaABAg,JyYD60E2Vpk,Claro RD - Yo soy Claro - Urbano,Claro RD,@lromero3913,Le metieron durisimo a este anuncio!,2023-09-30T15:44:14Z,20,0,Experiencia General de Marca,le metieron durisimo a este anuncio,metieron durisimo anuncio,Red Móvil y Cobertura 5G,NEUTRO,0.6
Ugxb2rQwj5py8lnKMdx4AaABAg,JyYD60E2Vpk,Claro RD - Yo soy Claro - Urbano,Claro RD,@Turbo809oficial,EtSs mujer es la potencia musical nadie como ella mely 😍😍😍 hasta los anuncios los pega 👏🏻👏🏻👏🏻👏🏻,2023-09-30T12:19:09Z,16,0,Experiencia General de Marca,etss mujer es la potencia musical nadie como ella mely hasta los anuncios los pega,etss mujer potencia musical nadie mely anuncios pega,Experiencia General de Marca,NEUTRO,0.6
UgwDh2qSJWG3hGhCtNl4AaABAg,JyYD60E2Vpk,Claro RD - Yo soy Claro - Urbano,Claro RD,@floiranmercedes3918,Está es la canción del verano debe ser nominada,2023-09-29T10:30:43Z,26,0,Experiencia General de Marca,esta es la cancio n del verano debe ser nominada,cancio verano debe ser nominada,Experiencia General de Marca,NEUTRO,0.6
UgwdvQAxmgl2RRrkyuh4AaABAg,L0mPhRFp0lo,"Como registrarse en Mi Claro, abre una cuenta en mi claro y paga tus facturas, recarga saldo y más 😎",Claro RD,@babydollmlgamer6464,No me deja registrarme nunca llega el codigo para confirmar por sms,2023-09-27T12:57:50Z,0,0,Facturación y Tarifas,no me deja registrarme nunca llega el codigo para confirmar por sms,deja registrarme nunca llega codigo confirmar sms,Experiencia General de Marca,NEUTRO,0.6
Ugwu3B7LhZREEGRYE414AaABAg,JyYD60E2Vpk,Claro RD - Yo soy Claro - Urbano,Claro RD,@winnierjimz5613,Que dura 😊 meli,2023-09-24T11:13:00Z,2,0,Experiencia General de Marca,que dura meli,dura meli,Experiencia General de Marca,NEUTRO,0.6
UgxxJ2tfkXg0bPEq-zB4AaABAg,JyYD60E2Vpk,Claro RD - Yo soy Claro - Urbano,Claro RD,@ruthsantos2320,Esta canción casi me hace llorar😢❤,2023-09-22T22:17:22Z,10,0,Experiencia General de Marca,esta cancio n casi me hace llorar,cancio casi hace llorar,Experiencia General de Marca,NEUTRO,0.6
UgxwROs8KPNJQDZaBhl4AaABAg,JyYD60E2Vpk,Claro RD - Yo soy Claro - Urbano,Claro RD,@KeiraStudy47,Pegajosa no?,2023-09-22T19:12:25Z,11,0,Experiencia General de Marca,pegajosa no,pegajosa,Experiencia General de Marca,NEUTRO,0.6
UgwoDx9potElqXVP0214AaABAg,JyYD60E2Vpk,Claro RD - Yo soy Claro - Urbano,Claro RD,@joseluisgreen9162,Se convirtió en un hit,2023-09-22T13:27:16Z,11,0,Experiencia General de Marca,se convirtio en un hit,convirtio hit,Experiencia General de Marca,NEUTRO,0.6
UgzC8U4V9lLGVoXjSjt4AaABAg,JyYD60E2Vpk,Claro RD - Yo soy Claro - Urbano,Claro RD,@miguelAngel-gl8ci,😂😂😂😂 ahora canto esa canción,2023-09-22T10:41:43Z,2,0,Experiencia General de Marca,ahora canto esa cancio n,ahora canto cancio,Experiencia General de Marca,NEUTRO,0.6
UgxCtbazZbWIaGK3lZB4AaABAg,JyYD60E2Vpk,Claro RD - Yo soy Claro - Urbano,Claro RD,@angelavasquez8949,Me encanta esaaaaa canciooon Dios que duraaaaaaaaa,2023-09-22T00:41:59Z,2,0,Experiencia General de Marca,me encanta esaaaaa canciooon dios que duraaaaaaaaa,encanta esaaaaa canciooon dios duraaaaaaaaa,Experiencia General de Marca,NEUTRO,0.6
UgwPDNAoU2s9C3GUZwZ4AaABAg,JyYD60E2Vpk,Claro RD - Yo soy Claro - Urbano,Claro RD,@ricardopachecofelix661,mely mel hace falta musica tuya te esperamos tu eres la real mama bendisiones 💯💯💯💯💯💥💥💥💥,2023-09-21T11:57:53Z,2,0,Experiencia General de Marca,mely mel hace falta musica tuya te esperamos tu eres la real mama bendisiones,mely mel hace falta musica esperamos real mama bendisiones,Atención al Cliente y Soporte,NEGATIVO,0.75
UgwSG0s9436_nU_ljE54AaABAg,JyYD60E2Vpk,Claro RD - Yo soy Claro - Urbano,Claro RD,@blackboyoficial896,Se la comieron ahi 🇩🇴🔥🔥,2023-09-20T23:29:38Z,2,0,Experiencia General de Marca,se la comieron ahi,comieron ahi,Experiencia General de Marca,NEUTRO,0.6
UgxjftOYpiHmJLzwMvd4AaABAg,JyYD60E2Vpk,Claro RD - Yo soy Claro - Urbano,Claro RD,@RafaelTapia-ih5cx,Juuuuu me encanta!!,2023-09-19T11:07:10Z,1,0,Experiencia General de Marca,juuuuu me encanta,juuuuu encanta,Experiencia General de Marca,NEUTRO,0.6
Ugy1oTfRF8kS-GhL6Id4AaABAg,JyYD60E2Vpk,Claro RD - Yo soy Claro - Urbano,Claro RD,@Mariasuarez-dt5no,Canta bello!❤,2023-09-18T11:21:04Z,2,0,Experiencia General de Marca,canta bello,canta bello,Experiencia General de Marca,NEUTRO,0.6
UgzZYak2t_eRAaZZ-xB4AaABAg,JyYD60E2Vpk,Claro RD - Yo soy Claro - Urbano,Claro RD,@richardmena7,"Melimel , deberias terminar esta cancion completa.  ME encanta tu lirica",2023-09-18T02:45:13Z,2,0,Experiencia General de Marca,melimel deberias terminar esta cancion completa me encanta tu lirica,melimel deberias terminar cancion completa encanta lirica,Experiencia General de Marca,NEUTRO,0.6
UgyK3w3fZtDtEUIeUCx4AaABAg,JyYD60E2Vpk,Claro RD - Yo soy Claro - Urbano,Claro RD,@Domingoriguezzc,ami me encanta este tema esa mujer una real cantante,2023-09-17T12:24:19Z,2,0,Experiencia General de Marca,ami me encanta este tema esa mujer una real cantante,ami encanta tema mujer real cantante,Experiencia General de Marca,NEUTRO,0.6
UgwhzH5qKlTLEpYIrU14AaABAg,JyYD60E2Vpk,Claro RD - Yo soy Claro - Urbano,Claro RD,@fatimacampusanoreyes,Que bonito!,2023-09-17T02:00:06Z,3,0,Experiencia General de Marca,que bonito,bonito,Experiencia General de Marca,NEUTRO,0.6
UgwyQ21oC3ilsSmFIwd4AaABAg,JyYD60E2Vpk,Claro RD - Yo soy Claro - Urbano,Claro RD,@christianpimentel9128,Muy dura la canción 🔥🔥🔥🔥,2023-09-16T06:07:30Z,2,0,Experiencia General de Marca,muy dura la cancio n,dura cancio,Experiencia General de Marca,NEUTRO,0.6
UgwOojMM0mRCAJfIg7F4AaABAg,JyYD60E2Vpk,Claro RD - Yo soy Claro - Urbano,Claro RD,@naoleidyrodriguez3691,"Hermosa quedó pao en ese vídeo una niña muy hermosa con un futuro muy prometedor ❤️ , bendiciones, melymel la mamá de todas las nenas del género urbano ...",2023-09-15T03:30:55Z,15,0,Experiencia General de Marca,hermosa quedo pao en ese vi deo una nin a muy hermosa con un futuro muy prometedor bendiciones melymel la mama de todas las nenas del ge nero urbano,hermosa quedo pao deo nin hermosa futuro prometedor bendiciones melymel mama todas nenas nero urbano,Experiencia General de Marca,NEUTRO,0.6
Ugyc3FZ86_y9gUBhJyR4AaABAg,JyYD60E2Vpk,Claro RD - Yo soy Claro - Urbano,Claro RD,@siganviendo1,Deria  hacerla completa,2023-09-15T00:18:57Z,2,0,Experiencia General de Marca,deria hacerla completa,deria hacerla completa,Experiencia General de Marca,NEUTRO,0.6
Ugwz5Q4HtBgXfO3ze194AaABAg,JyYD60E2Vpk,Claro RD - Yo soy Claro - Urbano,Claro RD,@gflowrd9853,Demasiado duro,2023-09-13T21:15:35Z,2,0,Experiencia General de Marca,demasiado duro,demasiado duro,Experiencia General de Marca,NEUTRO,0.6
UgyzU0dmpE2lZRZU7hp4AaABAg,JyYD60E2Vpk,Claro RD - Yo soy Claro - Urbano,Claro RD,@bolcan.mevite,Un palo 🔴 exelente music ✨,2023-09-13T02:07:16Z,3,0,Experiencia General de Marca,un palo exelente music,palo exelente music,Experiencia General de Marca,NEUTRO,0.6
UgwNZPTzqEzglJGom3R4AaABAg,JyYD60E2Vpk,Claro RD - Yo soy Claro - Urbano,Claro RD,@enmanuelshephard3222,"Wao, Wao, Wao, esto es talento.",2023-09-13T01:09:26Z,12,0,Fibra Óptica e Internet Hogar,wao wao wao esto es talento,wao wao wao talento,Fibra Óptica e Internet Hogar,NEGATIVO,0.75
UgxRopDEkZtkWjPRHxx4AaABAg,JyYD60E2Vpk,Claro RD - Yo soy Claro - Urbano,Claro RD,@melfinacosta,"Muy duro el tema 🤌🏽
Melymel la saca por los 411 siempre, no falla.",2023-09-13T00:37:56Z,9,0,Experiencia General de Marca,muy duro el tema melymel la saca por los siempre no falla,duro tema melymel saca siempre falla,Experiencia General de Marca,NEGATIVO,0.75
Ugxey9pTBrbt7O_K-jB4AaABAg,JyYD60E2Vpk,Claro RD - Yo soy Claro - Urbano,Claro RD,@romanpayano5067,"Está a nombre de mi madre doña Josefina Emperatriz Peña vda Payano, feliz noche",2023-09-13T00:15:37Z,1,0,Experiencia General de Marca,esta a nombre de mi madre don a josefina emperatriz pen a vda payano feliz noche,nombre madre don josefina emperatriz pen vda payano feliz noche,Experiencia General de Marca,NEUTRO,0.6
UgzJgEKIYM4QqarWuWR4AaABAg,JyYD60E2Vpk,Claro RD - Yo soy Claro - Urbano,Claro RD,@raulonduras1542,"Carajo ta duro el temita, el verso del pequeñito me engrifó...😅",2023-09-13T00:08:09Z,3,0,Experiencia General de Marca,carajo ta duro el temita el verso del pequen ito me engrifo,carajo duro temita verso pequen ito engrifo,Experiencia General de Marca,NEUTRO,0.6
UgyWQenJkw1zQ3GnL5V4AaABAg,JyYD60E2Vpk,Claro RD - Yo soy Claro - Urbano,Claro RD,@julioreyes2425,Que musica tan hermosa💞,2023-09-12T23:58:05Z,2,0,Experiencia General de Marca,que musica tan hermosa,musica tan hermosa,Experiencia General de Marca,NEUTRO,0.6
UgwPB8qIlbaAdZSlmjF4AaABAg,JyYD60E2Vpk,Claro RD - Yo soy Claro - Urbano,Claro RD,@chamil3030,Muy lindo el tema,2023-09-12T23:41:56Z,2,0,Experiencia General de Marca,muy lindo el tema,lindo tema,Experiencia General de Marca,NEUTRO,0.6
UgzrKlCLl41uVo5sV6J4AaABAg,JyYD60E2Vpk,Claro RD - Yo soy Claro - Urbano,Claro RD,@yovaletrasoficial,"Waoh! MelyMel, hiciste que yo escuche un anuncia más de 5 veces. Te felicito mi loca.",2023-09-12T23:33:42Z,95,11,Experiencia General de Marca,waoh melymel hiciste que yo escuche un anuncia ma s de veces te felicito mi loca,waoh melymel hiciste escuche anuncia veces felicito loca,Experiencia General de Marca,NEUTRO,0.6
UgzmLA0kp-eGcGUEFV94AaABAg,JyYD60E2Vpk,Claro RD - Yo soy Claro - Urbano,Claro RD,@CABRAL89,LA  MAMA DEL RAP. YO NO VEO ANUNCIO PERO DESDE QUE VI A MELYMEL dije hay que verlo  debe de ser duro .  muy dura la mama del rap,2023-09-12T18:13:11Z,11,0,Experiencia General de Marca,la mama del rap yo no veo anuncio pero desde que vi a melymel dije hay que verlo debe de ser duro muy dura la mama del rap,mama rap veo anuncio melymel dije verlo debe ser duro dura mama rap,Experiencia General de Marca,NEUTRO,0.6
UgwPaEkLTxmWm-QywKR4AaABAg,JyYD60E2Vpk,Claro RD - Yo soy Claro - Urbano,Claro RD,@Ismaelg10,Mely siempre aplicándola 😍,2023-09-12T15:35:05Z,2,0,Experiencia General de Marca,mely siempre aplica ndola,mely siempre aplica ndola,Experiencia General de Marca,NEUTRO,0.6
UgxHtQMCfP8_owpROAt4AaABAg,JyYD60E2Vpk,Claro RD - Yo soy Claro - Urbano,Claro RD,@kariibunny1,Debería ser la canción oficial y ponerla que representar Claro Latam,2023-09-12T14:04:39Z,36,0,Experiencia General de Marca,deberi a ser la cancio n oficial y ponerla que representar claro latam,deberi ser cancio oficial ponerla representar latam,Experiencia General de Marca,NEUTRO,0.6
UgxBodpg2QrjQcWXUT94AaABAg,JyYD60E2Vpk,Claro RD - Yo soy Claro - Urbano,Claro RD,@wilkissantana9996,Tremendo comercial... ya es una canción! wow que buena es Melymel... Chimbala genial!,2023-09-12T14:03:56Z,21,0,Experiencia General de Marca,tremendo comercial ya es una cancio n wow que buena es melymel chimbala genial,tremendo comercial cancio wow buena melymel chimbala genial,Experiencia General de Marca,POSITIVO,0.75
UgygZs0gOIarXv9JZFV4AaABAg,JyYD60E2Vpk,Claro RD - Yo soy Claro - Urbano,Claro RD,@musicworld0910,Melimel tiene la voz hermosa igual que ella 🇩🇴🇩🇴,2023-09-12T13:41:21Z,17,0,Experiencia General de Marca,melimel tiene la voz hermosa igual que ella,melimel voz hermosa igual,Experiencia General de Marca,NEUTRO,0.6
UgwF8l4d0f9Skvlvtb14AaABAg,JyYD60E2Vpk,Claro RD - Yo soy Claro - Urbano,Claro RD,@jeimyjimenez4800,"Chimbala  el  mejor 👏 
La Melimel matando duro, poder femenino ❤️",2023-09-12T13:17:08Z,10,1,Experiencia General de Marca,chimbala el mejor la melimel matando duro poder femenino,chimbala mejor melimel matando duro poder femenino,Experiencia General de Marca,POSITIVO,0.75
Ugzedgf579hNs3KJDX54AaABAg,JyYD60E2Vpk,Claro RD - Yo soy Claro - Urbano,Claro RD,@katherinetejedadhanraj5765,Increíble yo poniendo reproducción indefinida de un anuncio....❤❤❤❤,2023-09-12T13:07:57Z,27,0,Experiencia General de Marca,increi ble yo poniendo reproduccio n indefinida de un anuncio,increi ble poniendo reproduccio indefinida anuncio,Experiencia General de Marca,NEUTRO,0.6
UgzxOuk5RSP0TLp1RQJ4AaABAg,JyYD60E2Vpk,Claro RD - Yo soy Claro - Urbano,Claro RD,@eliezergonzalez-z6x,la quiero completa demasiado dura,2023-09-12T12:54:39Z,2,0,Experiencia General de Marca,la quiero completa demasiado dura,quiero completa demasiado dura,Experiencia General de Marca,NEUTRO,0.6
Ugy_4LtbohOf7fnuMD14AaABAg,JyYD60E2Vpk,Claro RD - Yo soy Claro - Urbano,Claro RD,@eliezergonzalez-z6x,eso es un palo la estoy buscando y no la encuentrola queremos completa,2023-09-12T12:53:42Z,12,0,Experiencia General de Marca,eso es un palo la estoy buscando y no la encuentrola queremos completa,palo buscando encuentrola queremos completa,Experiencia General de Marca,NEUTRO,0.6
Ugw-ee7-PB9voXVbhlt4AaABAg,JyYD60E2Vpk,Claro RD - Yo soy Claro - Urbano,Claro RD,@kelvinfelix4588,Muy linda,2023-09-12T12:25:26Z,1,0,Experiencia General de Marca,muy linda,linda,Experiencia General de Marca,NEUTRO,0.6
Ugw9s7miWvf6Mt2eKjF4AaABAg,JyYD60E2Vpk,Claro RD - Yo soy Claro - Urbano,Claro RD,@monorcitogustoso9081,Claro❤,2023-09-12T11:47:35Z,1,0,Experiencia General de Marca,claro,,Experiencia General de Marca,NEUTRO,0.6
UgwdxLaWRQV9z2kv90J4AaABAg,JyYD60E2Vpk,Claro RD - Yo soy Claro - Urbano,Claro RD,@lindarosemusic,Esa canción ta dura!!!!!! Yo vine de un anuncio! Ta jevi,2023-09-12T08:15:20Z,14,2,Experiencia General de Marca,esa cancio n ta dura yo vine de un anuncio ta jevi,cancio dura vine anuncio jevi,Experiencia General de Marca,NEUTRO,0.6
UgzPpIRbx5caemmOtA94AaABAg,JyYD60E2Vpk,Claro RD - Yo soy Claro - Urbano,Claro RD,@zayner_rs,suena dura la cancion con el relajo jaja,2023-09-12T04:53:57Z,13,0,Experiencia General de Marca,suena dura la cancion con el relajo risa,suena dura cancion relajo risa,Experiencia General de Marca,NEUTRO,0.6
UgyZV5Eb31V70kbc9g14AaABAg,JyYD60E2Vpk,Claro RD - Yo soy Claro - Urbano,Claro RD,@melaniafernandez6004,"Es cierto es un palo, la Mely  siempre pegandola",2023-09-12T02:48:36Z,17,0,Experiencia General de Marca,es cierto es un palo la mely siempre pegandola,cierto palo mely siempre pegandola,Experiencia General de Marca,NEUTRO,0.6
UgyBiV1ceOh8LhGnIP54AaABAg,JyYD60E2Vpk,Claro RD - Yo soy Claro - Urbano,Claro RD,@Dery360z,Excelente.,2023-09-12T02:25:22Z,3,0,Experiencia General de Marca,excelente,excelente,Experiencia General de Marca,POSITIVO,0.75
UgxD8fwTlwkrdwbq0vJ4AaABAg,wpSBLTr1UFI,¿Cómo ATENDER QUEJAS y RECLAMOS de los CLIENTES?,Claro RD,@paulastreppone,"me parece super interesante! La técnica suena genial, pienso que tan viable y realista es para los negocios dar esas compensaciones, siendo que muchos clientes quieren utilizan estas cosas en nuestra contra. Vienen enojados para que le hagas descuentos, vienen enojados para que les repares. Siento que obvio aplica a cada negocio y mercado, pero nosé hasta donde son realistas y sustentables, a la vez no veo otro camino que reparar con algo! Que lindo desafio!!",2023-08-28T21:04:46Z,0,2,Atención al Cliente y Soporte,me parece super interesante la te cnica suena genial pienso que tan viable y realista es para los negocios dar esas compensaciones siendo que muchos clientes quieren utilizan estas cosas en nuestra contra vienen enojados para que le hagas descuentos vienen enojados para que les repares siento que obvio aplica a cada negocio y mercado pero nose hasta donde son realistas y sustentables a la vez no veo otro camino que reparar con algo que lindo desafio,parece super interesante cnica suena genial pienso tan viable realista negocios dar compensaciones clientes quieren utilizan cosas vienen enojados hagas descuentos vienen enojados repares siento obvio aplica cada negocio mercado nose realistas sustentables vez veo camino reparar lindo desafio,Experiencia General de Marca,POSITIVO,0.85
UgwTXZ_9Mqw9mGCnqud4AaABAg,32ad78KOfW4,CÓMO LLAMAR A SERVICIOS DE CLARO,Claro RD,@DermanFeliz,Como acer una Reclamación  a claro,2023-08-24T19:24:36Z,0,1,Atención al Cliente y Soporte,como acer una reclamacio n a claro,acer reclamacio,Experiencia General de Marca,NEUTRO,0.6
UgxsTOh8VSQTt-B8FJR4AaABAg,wpSBLTr1UFI,¿Cómo ATENDER QUEJAS y RECLAMOS de los CLIENTES?,Claro RD,@zulemareyesgarcia1701,"Buena explicación y manera de ver el tema de las quejas de los clientes, me parece una buena manera de resolver quejas, aunque la verdad estando a la mera hora aveces caes en no saber sobrellevar la situación y más haces que se moleste el cliente, lo digo por experiencia propia, hay que tener mucho control de emociones jej",2023-08-14T21:59:03Z,1,1,Atención al Cliente y Soporte,buena explicacio n y manera de ver el tema de las quejas de los clientes me parece una buena manera de resolver quejas aunque la verdad estando a la mera hora aveces caes en no saber sobrellevar la situacio n y ma s haces que se moleste el cliente lo digo por experiencia propia hay que tener mucho control de emociones jej,buena explicacio manera ver tema quejas clientes parece buena manera resolver quejas aunque verdad mera hora aveces caes saber sobrellevar situacio haces moleste cliente digo experiencia propia tener control emociones jej,Experiencia General de Marca,NEGATIVO,0.75
UgyPQis5WN2rmm7Q9N14AaABAg,wpSBLTr1UFI,¿Cómo ATENDER QUEJAS y RECLAMOS de los CLIENTES?,Claro RD,@devanyrdzpadilla1929,Muy buena explicación para dar un buen servicio y seguimiento a tus clientes y fidelizarlos a largo plazo.,2023-08-14T19:46:11Z,0,1,Atención al Cliente y Soporte,muy buena explicacio n para dar un buen servicio y seguimiento a tus clientes y fidelizarlos a largo plazo,buena explicacio dar buen servicio seguimiento clientes fidelizarlos largo plazo,Atención al Cliente y Soporte,NEUTRO,0.6
UgynhXr_RNbxroaLGb54AaABAg,wpSBLTr1UFI,¿Cómo ATENDER QUEJAS y RECLAMOS de los CLIENTES?,Claro RD,@ceciliacristinatorresmelin5034,Me gustó la idea de ver las 2 perspectivas de la situación en este caso ver los problema scomo oportunidad para poder qué sea nuestro favor pero si satisfacer la necesidades y solventar un problema que nuestro cliente puede estar pasando y todo de una forma mas fácil y sencilla.,2023-08-14T06:06:34Z,0,1,Atención al Cliente y Soporte,me gusto la idea de ver las perspectivas de la situacio n en este caso ver los problema scomo oportunidad para poder que sea nuestro favor pero si satisfacer la necesidades y solventar un problema que nuestro cliente puede estar pasando y todo de una forma mas fa cil y sencilla,gusto idea ver perspectivas situacio caso ver problema scomo oportunidad poder favor satisfacer necesidades solventar problema cliente puede pasando forma mas cil sencilla,Experiencia General de Marca,NEUTRO,0.6
Ugx6HWLnyPAxuPE8GbB4AaABAg,wpSBLTr1UFI,¿Cómo ATENDER QUEJAS y RECLAMOS de los CLIENTES?,Claro RD,@jennifergonzalezzacarias569,"Maneja un metodo asi a la hora de resolver quejas es muy bueno, lo digo por experiencia propia y es bueno tener un video que nos ayude a poder enteder que siempre hay formas buenas de resolver problemas.",2023-08-14T04:48:48Z,1,1,Atención al Cliente y Soporte,maneja un metodo asi a la hora de resolver quejas es muy bueno lo digo por experiencia propia y es bueno tener un video que nos ayude a poder enteder que siempre hay formas buenas de resolver problemas,maneja metodo asi hora resolver quejas bueno digo experiencia propia bueno tener ayude poder enteder siempre formas buenas resolver problemas,Experiencia General de Marca,NEUTRO,0.6
UgzyCc3EoHlUrVEvdlJ4AaABAg,wpSBLTr1UFI,¿Cómo ATENDER QUEJAS y RECLAMOS de los CLIENTES?,Claro RD,@stephanyalexandraroblesvel3107,"Me pareció excelente el video, no conocía la técnica del calcetín, pero lo único que creo que está demás es sobre la compensación de más al cliente siento que a cada rato va a sacar un problema para que le den una compensación",2023-08-14T04:40:09Z,0,1,Atención al Cliente y Soporte,me parecio excelente el video no conoci a la te cnica del calceti n pero lo u nico que creo que esta dema s es sobre la compensacio n de ma s al cliente siento que a cada rato va a sacar un problema para que le den una compensacio n,parecio excelente conoci cnica calceti nico creo dema compensacio cliente siento cada rato sacar problema den compensacio,Experiencia General de Marca,POSITIVO,0.75
Ugz7nguWnLg8N1uMu2B4AaABAg,wpSBLTr1UFI,¿Cómo ATENDER QUEJAS y RECLAMOS de los CLIENTES?,Claro RD,@Radiochxn,"Excelente video, me ha dado una nueva técnica de como enfrentar las situaciones inesperadas con los clientes.",2023-08-13T16:48:34Z,0,1,Atención al Cliente y Soporte,excelente video me ha dado una nueva te cnica de como enfrentar las situaciones inesperadas con los clientes,excelente dado nueva cnica enfrentar situaciones inesperadas clientes,Atención al Cliente y Soporte,NEUTRO,0.6
UgwV7VmCuF5tzl3lRNt4AaABAg,TKWpVefFVkQ,La Mejor compañía internet móvil de República Dominicana.,Claro RD,@eddyjean5304,Comparto sus ideas y opiniones,2023-08-12T18:10:25Z,5,1,Fibra Óptica e Internet Hogar,comparto sus ideas y opiniones,comparto ideas opiniones,Experiencia General de Marca,NEUTRO,0.6
UgwWIukiUdhQ4sfzidx4AaABAg,TKWpVefFVkQ,La Mejor compañía internet móvil de República Dominicana.,Claro RD,@eddyjean5304,Buenas tardes mano mio,2023-08-12T18:09:38Z,2,1,Fibra Óptica e Internet Hogar,buenas tardes mano mio,buenas mano mio,Experiencia General de Marca,NEUTRO,0.6
UgzzaJKkTL03gb4c3DB4AaABAg,wpSBLTr1UFI,¿Cómo ATENDER QUEJAS y RECLAMOS de los CLIENTES?,Claro RD,@IvethAguilarMartinez,"Es una excelente técnica, ya lo había visto en mi trabajo, ya que trabajo en el área de marketing y nos basamos en información digital donde se comparte las quejas y le brindamos la atención que se requiera, es muy genial que se viera cada punto que es importante para solucionar estos problemas con el cliente.",2023-08-12T17:11:22Z,0,1,Atención al Cliente y Soporte,es una excelente te cnica ya lo habi a visto en mi trabajo ya que trabajo en el a rea de marketing y nos basamos en informacio n digital donde se comparte las quejas y le brindamos la atencio n que se requiera es muy genial que se viera cada punto que es importante para solucionar estos problemas con el cliente,excelente cnica habi visto trabajo trabajo rea marketing basamos informacio digital comparte quejas brindamos atencio requiera genial viera cada punto importante solucionar problemas cliente,Experiencia General de Marca,POSITIVO,0.85
Ugwtjd6qTzkFv2PBUTt4AaABAg,qLxWDavp0bg,¿Cómo llamar a CLARO Servicio al cliente? en TODOS los países,Claro RD,@JoseRamon-nu3bh,Buenas tarde yo quiero Aser una reclamo ayer yo pose una recargas quise instalar un paquetico dé un día tenía 65 peso siempre me mostraba error te voy decir lo que yo creo que eso es para rovame y hoy reviso la cuenta y tengo45 peso yo estoy jarto de perder dinero,2023-08-03T22:39:21Z,2,3,Atención al Cliente y Soporte,buenas tarde yo quiero aser una reclamo ayer yo pose una recargas quise instalar un paquetico de un di a teni a peso siempre me mostraba error te voy decir lo que yo creo que eso es para rovame y hoy reviso la cuenta y tengo peso yo estoy jarto de perder dinero,buenas tarde quiero aser reclamo ayer pose recargas quise instalar paquetico teni peso siempre mostraba error voy decir creo rovame hoy reviso cuenta peso jarto perder dinero,Facturación y Tarifas,NEUTRO,0.6
UgxPhSK9mSp7LTOeK3B4AaABAg,qLxWDavp0bg,¿Cómo llamar a CLARO Servicio al cliente? en TODOS los países,Claro RD,@JoseMartinez-eu9ne,Gracias por el video,2023-08-01T00:13:31Z,1,1,Atención al Cliente y Soporte,gracias por el video,gracias,Experiencia General de Marca,NEUTRO,0.6
Ugxj6qS6kpnG-YJtClN4AaABAg,qLxWDavp0bg,¿Cómo llamar a CLARO Servicio al cliente? en TODOS los países,Claro RD,@ArteYMarqueteria-bw2lj,EL SERVICIO AL CLIENTE DE CLARO ES UNA SEVERENDA MIERDA,2023-07-28T20:41:39Z,1,1,Atención al Cliente y Soporte,el servicio al cliente de claro es una severenda mierda,servicio cliente severenda mierda,Atención al Cliente y Soporte,NEUTRO,0.6
Ugxe6derkXTF19BnLFF4AaABAg,qLxWDavp0bg,¿Cómo llamar a CLARO Servicio al cliente? en TODOS los países,Claro RD,@ArteYMarqueteria-bw2lj,HABLAS MUCHO Y NO INFORMAS LO QUE  SE REQUIERE,2023-07-28T20:40:03Z,3,3,Atención al Cliente y Soporte,hablas mucho y no informas lo que se requiere,hablas informas requiere,Experiencia General de Marca,NEUTRO,0.6
Ugy8h_jXv9Rw_PzM9ul4AaABAg,qLxWDavp0bg,¿Cómo llamar a CLARO Servicio al cliente? en TODOS los países,Claro RD,@JeinerVictoria-ls7vu,"Mañana.en.la.mañana.estare.arimando.
Para.comfirmales.de.q.puedo.
Continuar.en.el.plan.soy.una.
Persona.de.bajos.recursos.si.lo.
Entienden.paren.el.corer.del.plan",2023-07-13T19:07:32Z,1,1,Atención al Cliente y Soporte,man ana en la man ana estare arimando para comfirmales de q puedo continuar en el plan soy una persona de bajos recursos si lo entienden paren el corer del plan,man ana man ana estare arimando comfirmales puedo continuar plan persona bajos recursos entienden paren corer plan,Planes y Promociones,NEUTRO,0.6
UgxtPL9uN7SxNJAZ4214AaABAg,qLxWDavp0bg,¿Cómo llamar a CLARO Servicio al cliente? en TODOS los países,Claro RD,@antoniogutuerrez,"Niñas me estan   
Robando  
Los  minuto   
Mui  la drones",2023-06-27T23:39:59Z,2,1,Atención al Cliente y Soporte,nin as me estan robando los minuto mui la drones,nin estan robando minuto mui drones,Experiencia General de Marca,NEUTRO,0.6
UgxWVr0PA5AvWRuziER4AaABAg,L0mPhRFp0lo,"Como registrarse en Mi Claro, abre una cuenta en mi claro y paga tus facturas, recarga saldo y más 😎",Claro RD,@Vicente-y4b,Ayuda me pide un correo que termine en .cl,2023-06-27T17:13:38Z,0,0,Facturación y Tarifas,ayuda me pide un correo que termine en cl,ayuda pide correo termine,Experiencia General de Marca,NEUTRO,0.6
UgxHSvDHodGCFrlDn6F4AaABAg,qLxWDavp0bg,¿Cómo llamar a CLARO Servicio al cliente? en TODOS los países,Claro RD,@eduardobuenahora7434,Y es por deuda jenerica que quier arreglar,2023-06-26T23:33:43Z,1,1,Atención al Cliente y Soporte,y es por deuda jenerica que quier arreglar,deuda jenerica quier arreglar,Experiencia General de Marca,NEUTRO,0.6
UgzYcGOEnFPjjXqBBXR4AaABAg,qLxWDavp0bg,¿Cómo llamar a CLARO Servicio al cliente? en TODOS los países,Claro RD,@eduardobuenahora7434,Ahora estoy en antel y antes estaba en claro y es importante y urgente,2023-06-26T23:30:34Z,1,3,Atención al Cliente y Soporte,ahora estoy en antel y antes estaba en claro y es importante y urgente,ahora antel importante urgente,Experiencia General de Marca,NEUTRO,0.6
UgzDJekBUOWdyU-l2b94AaABAg,qLxWDavp0bg,¿Cómo llamar a CLARO Servicio al cliente? en TODOS los países,Claro RD,@MaynorOrozco-v6r,Estoy intentando comunicarme a claro por problemas de tv en casa y no encuentro atencion para nada,2023-06-26T18:08:03Z,5,1,Atención al Cliente y Soporte,estoy intentando comunicarme a claro por problemas de tv en casa y no encuentro atencion para nada,intentando comunicarme problemas casa encuentro atencion,Atención al Cliente y Soporte,NEUTRO,0.6
UgzgwP9q3HMvVdLXHRB4AaABAg,L0mPhRFp0lo,"Como registrarse en Mi Claro, abre una cuenta en mi claro y paga tus facturas, recarga saldo y más 😎",Claro RD,@raynerbernal4575,Jjajajajajajajaj y con mi primer nombre jajajajajajajajajajaj ojo con eso jajaja,2023-06-23T13:41:24Z,0,0,Facturación y Tarifas,jjajajajajajajaj y con mi primer nombre jajajajajajajajajajaj ojo con eso risa,jjajajajajajajaj primer nombre jajajajajajajajajajaj ojo risa,Experiencia General de Marca,NEUTRO,0.6
Ugx2pNsjia6VPX5DTTV4AaABAg,qLxWDavp0bg,¿Cómo llamar a CLARO Servicio al cliente? en TODOS los países,Claro RD,@darioiniiniiiningutierrezi8459,Hola  soy Darío me quiero comunicar con Claro,2023-06-22T19:02:42Z,1,1,Atención al Cliente y Soporte,hola soy dari o me quiero comunicar con claro,dari quiero comunicar,Experiencia General de Marca,NEUTRO,0.6
UgxrHdI-cx0b6074Ggh4AaABAg,L0mPhRFp0lo,"Como registrarse en Mi Claro, abre una cuenta en mi claro y paga tus facturas, recarga saldo y más 😎",Claro RD,@LuisRodriguez-on8gb,Claro es una basura me voy a cambiar a tigo la verdad,2023-06-16T02:45:18Z,0,0,Facturación y Tarifas,claro es una basura me voy a cambiar a tigo la verdad,basura voy cambiar tigo verdad,Experiencia General de Marca,NEGATIVO,0.75
UgwG2JZr2BOJf6klFbt4AaABAg,L0mPhRFp0lo,"Como registrarse en Mi Claro, abre una cuenta en mi claro y paga tus facturas, recarga saldo y más 😎",Claro RD,@BenetiYT,A mi no me llega el pin porfavor ayudenme,2023-06-04T03:19:11Z,0,0,Facturación y Tarifas,a mi no me llega el pin porfavor ayudenme,llega pin porfavor ayudenme,Experiencia General de Marca,NEUTRO,0.6
UgzINdWjajz9Jeg3Ozx4AaABAg,cXJfXbWC248,👉CON ESTE CODIGO EVITAS que CLARO te CONSUMA SALDO SIN PERMISO.,Claro RD,@BrendaSanchez-u2h,"Tengo un problema yo recargo de saldo mi teléfono le desactivo los datos móviles le quito el Internet, lo dejo normal pero con solo hacer una llamada a cualquier teléfono me consume el saldo me lo dejan en cero sin la persona contestar a la llamada, en este caso que puedo hacer porque mi saldo me queda en cero con solo realizar una llamada y no me contestan",2023-05-20T15:22:48Z,10,4,Fibra Óptica e Internet Hogar,tengo un problema yo recargo de saldo mi tele fono le desactivo los datos mo viles le quito el internet lo dejo normal pero con solo hacer una llamada a cualquier tele fono me consume el saldo me lo dejan en cero sin la persona contestar a la llamada en este caso que puedo hacer porque mi saldo me queda en cero con solo realizar una llamada y no me contestan,problema recargo saldo tele fono desactivo datos viles quito internet dejo normal solo hacer llamada cualquier tele fono consume saldo dejan cero persona contestar llamada caso puedo hacer saldo queda cero solo realizar llamada contestan,Fibra Óptica e Internet Hogar,NEUTRO,0.6
UgzfAX3TssBLCyWYikJ4AaABAg,cXJfXbWC248,👉CON ESTE CODIGO EVITAS que CLARO te CONSUMA SALDO SIN PERMISO.,Claro RD,@israelpierrend,paquetico tico ahora hay chévere control chico,2023-05-18T02:02:36Z,4,0,Planes y Promociones,paquetico tico ahora hay che vere control chico,paquetico tico ahora che vere control chico,Experiencia General de Marca,NEUTRO,0.6
UgxFZyIhQj1eIz3Qk3d4AaABAg,qLxWDavp0bg,¿Cómo llamar a CLARO Servicio al cliente? en TODOS los países,Claro RD,@esperanzasandoval1586,Porfa cual es el número claro Colombia servicio cliente,2023-05-09T17:38:46Z,2,1,Atención al Cliente y Soporte,porfa cual es el nu mero claro colombia servicio cliente,porfa mero colombia servicio cliente,Atención al Cliente y Soporte,NEUTRO,0.6
Ugyll8Q1W3h7Ph5PtjZ4AaABAg,qLxWDavp0bg,¿Cómo llamar a CLARO Servicio al cliente? en TODOS los países,Claro RD,@esperanzasandoval1586,No se ven bien cual es el número claro clombia,2023-05-09T17:36:59Z,1,1,Atención al Cliente y Soporte,no se ven bien cual es el nu mero claro clombia,ven bien mero clombia,Experiencia General de Marca,NEUTRO,0.6
UgyLQLwzvpc0y9iXyQB4AaABAg,32ad78KOfW4,CÓMO LLAMAR A SERVICIOS DE CLARO,Claro RD,@yolandal.a.7239,"Tengo celular operadora claro quiero llamar al 123 y me dice no existe 
Quiero hacer una consulta porque desde mi celular no puedo llamar a EEUU",2023-05-07T17:39:44Z,1,0,Atención al Cliente y Soporte,tengo celular operadora claro quiero llamar al y me dice no existe quiero hacer una consulta porque desde mi celular no puedo llamar a eeuu,celular operadora quiero llamar dice existe quiero hacer consulta celular puedo llamar eeuu,Planes y Promociones,NEUTRO,0.6
UgxhZsFiPHNnVPYouh54AaABAg,qLxWDavp0bg,¿Cómo llamar a CLARO Servicio al cliente? en TODOS los países,Claro RD,@karen-nb8pi,"No puedo creer los ladrones que son!! Esta tarde me pusieron una recarga de 3 dias pero no la puse porque tenia internet, resulta que los muy ladrones me robaron mi recarga😡😡😡😡😡😡",2023-04-29T01:08:19Z,1,9,Fibra Óptica e Internet Hogar,no puedo creer los ladrones que son esta tarde me pusieron una recarga de dias pero no la puse porque tenia internet resulta que los muy ladrones me robaron mi recarga,puedo creer ladrones tarde pusieron recarga dias puse tenia internet resulta ladrones robaron recarga,Fibra Óptica e Internet Hogar,NEUTRO,0.6
UgwSkuhzDqxoeAdamlp4AaABAg,qLxWDavp0bg,¿Cómo llamar a CLARO Servicio al cliente? en TODOS los países,Claro RD,@junirodriguez7837,Como llamar a  claro desde Chicago iLLinois a puerto rico,2023-04-28T20:53:29Z,1,2,Atención al Cliente y Soporte,como llamar a claro desde chicago illinois a puerto rico,llamar chicago illinois puerto rico,Experiencia General de Marca,NEUTRO,0.6
UgxEgPalS16WG8sEAXZ4AaABAg,niYeqdxGxy4,Claro RD Prueba de velocidad plan 10mbps fibra optica,Claro RD,@post-_skeleton6637,Broo perdon pero en realidad tu no tienes 10mB 😂😂,2023-04-20T18:54:54Z,0,0,Fibra Óptica e Internet Hogar,broo perdon pero en realidad tu no tienes mb,broo perdon realidad,Experiencia General de Marca,NEUTRO,0.6
UgxMkx0d7FjE4dzdNjV4AaABAg,qLxWDavp0bg,¿Cómo llamar a CLARO Servicio al cliente? en TODOS los países,Claro RD,@mariabobadilla9814,"Teléfono de Claro en Perú por Favor, gracias.",2023-04-17T16:53:09Z,1,1,Atención al Cliente y Soporte,tele fono de claro en peru por favor gracias,tele fono peru favor gracias,Experiencia General de Marca,NEUTRO,0.6
UgzLRzlfyHerciiIlkN4AaABAg,wpSBLTr1UFI,¿Cómo ATENDER QUEJAS y RECLAMOS de los CLIENTES?,Claro RD,@darynkaaglaee1519,"Tengo un negocio y pondré en práctica estás estrategias, gracias por el video!",2023-03-30T16:04:00Z,0,1,Atención al Cliente y Soporte,tengo un negocio y pondre en pra ctica esta s estrategias gracias por el video,negocio pondre pra ctica estrategias gracias,Experiencia General de Marca,NEUTRO,0.6
Ugw79d4BvXbhoAl3yZV4AaABAg,wpSBLTr1UFI,¿Cómo ATENDER QUEJAS y RECLAMOS de los CLIENTES?,Claro RD,@deliafambesancheztristan1181,"Nunca había escuchado sobre el truco del calcetín, se me hizo algo completamente novedoso y util para aplicar en la empresa a la hora de tener un problema. Enseña a sacar lo mejor de los peores momentos y como estos te pueden servir para mejorar la relación con los clientes si lo vez desde otro enfoque y lo sabes aprovechar.",2023-03-30T05:26:39Z,0,1,Atención al Cliente y Soporte,nunca habi a escuchado sobre el truco del calceti n se me hizo algo completamente novedoso y util para aplicar en la empresa a la hora de tener un problema ensen a a sacar lo mejor de los peores momentos y como estos te pueden servir para mejorar la relacio n con los clientes si lo vez desde otro enfoque y lo sabes aprovechar,nunca habi escuchado truco calceti hizo completamente novedoso util aplicar empresa hora tener problema ensen sacar mejor peores momentos pueden servir mejorar relacio clientes vez enfoque sabes aprovechar,Experiencia General de Marca,NEUTRO,0.6
UgzUmyrsqsvR3c9qgit4AaABAg,wpSBLTr1UFI,¿Cómo ATENDER QUEJAS y RECLAMOS de los CLIENTES?,Claro RD,@noelefrainsolismata6803,"Excelente informacion con excelentes trucos darle un alto valor a nuestros clientes, haciendolos sentir importantes y mejorando nuestro servicio y atencion al cliente.",2023-03-30T05:26:34Z,0,1,Atención al Cliente y Soporte,excelente informacion con excelentes trucos darle un alto valor a nuestros clientes haciendolos sentir importantes y mejorando nuestro servicio y atencion al cliente,excelente informacion excelentes trucos darle alto valor clientes haciendolos sentir importantes mejorando servicio atencion cliente,Atención al Cliente y Soporte,POSITIVO,0.85
UgzRdmGFS6bLXooTeAt4AaABAg,wpSBLTr1UFI,¿Cómo ATENDER QUEJAS y RECLAMOS de los CLIENTES?,Claro RD,@guadalupeflores1472,Excelente video! Me ha parecido muy útil para emplearlo en mi trabajo 😃,2023-03-30T05:21:48Z,0,1,Atención al Cliente y Soporte,excelente video me ha parecido muy u til para emplearlo en mi trabajo,excelente parecido til emplearlo trabajo,Experiencia General de Marca,POSITIVO,0.75
UgxL8mQ7kL5IHGtDVk54AaABAg,wpSBLTr1UFI,¿Cómo ATENDER QUEJAS y RECLAMOS de los CLIENTES?,Claro RD,@jennifermedinarodriguez1368,Me parece una excelente técnica puesto que trabajo en servicio al cliente y es muy difícil el poder llegar al punto de tener contento al cliente y poder ofrecerle todo lo que necesita o cree necesitar,2023-03-30T04:31:40Z,0,1,Atención al Cliente y Soporte,me parece una excelente te cnica puesto que trabajo en servicio al cliente y es muy difi cil el poder llegar al punto de tener contento al cliente y poder ofrecerle todo lo que necesita o cree necesitar,parece excelente cnica puesto trabajo servicio cliente difi cil poder llegar punto tener contento cliente poder ofrecerle necesita cree necesitar,Atención al Cliente y Soporte,POSITIVO,0.75
UgzfK7aoNOZeE3yJxvJ4AaABAg,wpSBLTr1UFI,¿Cómo ATENDER QUEJAS y RECLAMOS de los CLIENTES?,Claro RD,@cristinasillas4031,"Nunca habia escuchado esta técnica la cual me parecio muy interesante, cada paso lo explica con mucha claridad y con muchos ejemplos los cuales hacen que sea más fácil entender el tema.
Excelente video",2023-03-30T04:15:55Z,0,1,Atención al Cliente y Soporte,nunca habia escuchado esta te cnica la cual me parecio muy interesante cada paso lo explica con mucha claridad y con muchos ejemplos los cuales hacen que sea ma s fa cil entender el tema excelente video,nunca habia escuchado cnica parecio interesante cada paso explica mucha claridad ejemplos cuales hacen cil entender tema excelente,Experiencia General de Marca,POSITIVO,0.75
UgyR3zNPkydZlTsFDwd4AaABAg,wpSBLTr1UFI,¿Cómo ATENDER QUEJAS y RECLAMOS de los CLIENTES?,Claro RD,@fernandomarinrodriguez6263,"Buena explicación!
Ya había escuchado sobre ese tema, pero me agrado mucho como lo llamaste y del como lo abordaste, y tiene mucho sentido, es muy importante la opinión de nuestros clientes ya que esta en sus manos nuestro éxito y nuestro fracaso",2023-03-30T03:39:44Z,1,1,Atención al Cliente y Soporte,buena explicacio n ya habi a escuchado sobre ese tema pero me agrado mucho como lo llamaste y del como lo abordaste y tiene mucho sentido es muy importante la opinio n de nuestros clientes ya que esta en sus manos nuestro e xito y nuestro fracaso,buena explicacio habi escuchado tema agrado llamaste abordaste sentido importante opinio clientes manos xito fracaso,Experiencia General de Marca,NEUTRO,0.6
UgwsPU0QvUJX1GfP4154AaABAg,wpSBLTr1UFI,¿Cómo ATENDER QUEJAS y RECLAMOS de los CLIENTES?,Claro RD,@cinthiarubimuozlara8874,Me parece una excelente explicación y el saber como es importante el tratamiento  que les damos a nuestros clientes y el vocabulario que se debe llevar,2023-03-30T03:27:16Z,0,1,Atención al Cliente y Soporte,me parece una excelente explicacio n y el saber como es importante el tratamiento que les damos a nuestros clientes y el vocabulario que se debe llevar,parece excelente explicacio saber importante tratamiento damos clientes vocabulario debe llevar,Experiencia General de Marca,POSITIVO,0.75
UgyXk4067ejXb5W7nMx4AaABAg,wpSBLTr1UFI,¿Cómo ATENDER QUEJAS y RECLAMOS de los CLIENTES?,Claro RD,@fatimasamanthabolanospiedr1565,Me parece una excelente técnica de cómo podemos ver un problema como una oportunidad que muchos pensaríamos que el problema con el cliente sería lo peor pero aquí te enseña a cómo verlo de una manera positiva y cómo sacarle provecho y aun mejor poder fidelizar a tu cliente,2023-03-30T01:39:25Z,1,1,Atención al Cliente y Soporte,me parece una excelente te cnica de co mo podemos ver un problema como una oportunidad que muchos pensari amos que el problema con el cliente seri a lo peor pero aqui te ensen a a co mo verlo de una manera positiva y co mo sacarle provecho y aun mejor poder fidelizar a tu cliente,parece excelente cnica podemos ver problema oportunidad pensari amos problema cliente seri peor aqui ensen verlo manera positiva sacarle provecho aun mejor poder fidelizar cliente,Experiencia General de Marca,POSITIVO,0.85
Ugwgc9T2eR55jgaGIPJ4AaABAg,wpSBLTr1UFI,¿Cómo ATENDER QUEJAS y RECLAMOS de los CLIENTES?,Claro RD,@LuisHernandez-qo3gs,"Me parece una técnica muy efectiva e interesante, ya que su implementación demuestra un firme compromiso de nosotros con la satisfacción de nuestro cliente.",2023-03-29T22:32:33Z,0,1,Atención al Cliente y Soporte,me parece una te cnica muy efectiva e interesante ya que su implementacio n demuestra un firme compromiso de nosotros con la satisfaccio n de nuestro cliente,parece cnica efectiva interesante implementacio demuestra firme compromiso satisfaccio cliente,Experiencia General de Marca,NEUTRO,0.6
Ugw1ccJ3J1OyHtM6g5V4AaABAg,wpSBLTr1UFI,¿Cómo ATENDER QUEJAS y RECLAMOS de los CLIENTES?,Claro RD,@karenyaresisolismata6823,El truco del calcetín es una buena manera de explicar y entender la importancia que tiene el servicio al cliente. El tema en general siempre hay que tomar en cuenta ya que en la mayoría de las empresas siempre están en contacto directos con sus clientes y hay que tomar en cuenta siempre lo que quiere el cliente.,2023-03-29T19:00:15Z,0,1,Atención al Cliente y Soporte,el truco del calceti n es una buena manera de explicar y entender la importancia que tiene el servicio al cliente el tema en general siempre hay que tomar en cuenta ya que en la mayori a de las empresas siempre esta n en contacto directos con sus clientes y hay que tomar en cuenta siempre lo que quiere el cliente,truco calceti buena manera explicar entender importancia servicio cliente tema general siempre tomar cuenta mayori empresas siempre contacto directos clientes tomar cuenta siempre quiere cliente,Atención al Cliente y Soporte,NEUTRO,0.6
Ugwi7kAzFW8CU5sZ_OZ4AaABAg,wpSBLTr1UFI,¿Cómo ATENDER QUEJAS y RECLAMOS de los CLIENTES?,Claro RD,@mariaguadalupemontemayor6091,Me parece una buena explicación y es de suma importancia tomar en cuenta este punto en el servicio al cliente ya que si tienes algún negocio o eres un gerente de alguna empresa es bueno saberlo para poder contentar a los clientes para hacerlos sentir mejor y que puedan volver a confiar y ganarse un cliente a largo plazo.,2023-03-29T04:54:07Z,0,1,Atención al Cliente y Soporte,me parece una buena explicacio n y es de suma importancia tomar en cuenta este punto en el servicio al cliente ya que si tienes algu n negocio o eres un gerente de alguna empresa es bueno saberlo para poder contentar a los clientes para hacerlos sentir mejor y que puedan volver a confiar y ganarse un cliente a largo plazo,parece buena explicacio suma importancia tomar cuenta punto servicio cliente algu negocio gerente alguna empresa bueno saberlo poder contentar clientes hacerlos sentir mejor puedan volver confiar ganarse cliente largo plazo,Atención al Cliente y Soporte,POSITIVO,0.85
Ugyl0RkwQqvvb0g3ifl4AaABAg,cXJfXbWC248,👉CON ESTE CODIGO EVITAS que CLARO te CONSUMA SALDO SIN PERMISO.,Claro RD,@damedina1932,En costa rica k código es,2023-03-29T02:28:14Z,0,0,Experiencia General de Marca,en costa rica k co digo es,costa rica digo,Experiencia General de Marca,NEUTRO,0.6
Ugxu5WChtbhxyl3Gb0Z4AaABAg,wpSBLTr1UFI,¿Cómo ATENDER QUEJAS y RECLAMOS de los CLIENTES?,Claro RD,@ivonnearletrodarterios6507,Buena explicacion sobre la compensación desproporcionada es muy bueno lo que menciona de la técnica para fidelizar al cliente.,2023-03-28T20:37:56Z,0,1,Atención al Cliente y Soporte,buena explicacion sobre la compensacio n desproporcionada es muy bueno lo que menciona de la te cnica para fidelizar al cliente,buena explicacion compensacio desproporcionada bueno menciona cnica fidelizar cliente,Experiencia General de Marca,POSITIVO,0.75
UgzBKRCY3Z09jPgIK7d4AaABAg,wpSBLTr1UFI,¿Cómo ATENDER QUEJAS y RECLAMOS de los CLIENTES?,Claro RD,@CieloGuadalupeSeguraIbar-xh9gy,"Me parece un excelente video con una explicación detallada y clara, sobre el contenido del mismo estoy de acuerdo en todos los puntos ya que un cliente es uno de los pilares fundamentales de nuestro negocio y hacerles saberlo con acciones es hacer que existe la fidelización del cliente y también dar lo que a su persona le pareciera importante al adquirir algún producto o servicio, saber cómo reaccionar ante alguna queja.",2023-03-28T20:27:22Z,0,1,Atención al Cliente y Soporte,me parece un excelente video con una explicacio n detallada y clara sobre el contenido del mismo estoy de acuerdo en todos los puntos ya que un cliente es uno de los pilares fundamentales de nuestro negocio y hacerles saberlo con acciones es hacer que existe la fidelizacio n del cliente y tambie n dar lo que a su persona le pareciera importante al adquirir algu n producto o servicio saber co mo reaccionar ante alguna queja,parece excelente explicacio detallada clara contenido mismo acuerdo puntos cliente pilares fundamentales negocio hacerles saberlo acciones hacer existe fidelizacio cliente tambie dar persona pareciera importante adquirir algu producto servicio saber reaccionar alguna queja,Atención al Cliente y Soporte,NEUTRO,0.6
Ugwpr6Mjgrh5azMDXPB4AaABAg,wpSBLTr1UFI,¿Cómo ATENDER QUEJAS y RECLAMOS de los CLIENTES?,Claro RD,@samantapaezmartinez1316,"Me llamo mucho la atención el punto que toco con respecto a la compensación desproporcionada, ya que es raro encontrar algún lugar que lo haga y creo que es una muy buena técnica para fidelizar al cliente y hacerle saber que en realidad nos importa.",2023-03-28T17:27:35Z,0,2,Atención al Cliente y Soporte,me llamo mucho la atencio n el punto que toco con respecto a la compensacio n desproporcionada ya que es raro encontrar algu n lugar que lo haga y creo que es una muy buena te cnica para fidelizar al cliente y hacerle saber que en realidad nos importa,llamo atencio punto toco respecto compensacio desproporcionada raro encontrar algu lugar haga creo buena cnica fidelizar cliente hacerle saber realidad importa,Experiencia General de Marca,NEUTRO,0.6
UgzS4Bh-DutGSbqpONd4AaABAg,wpSBLTr1UFI,¿Cómo ATENDER QUEJAS y RECLAMOS de los CLIENTES?,Claro RD,@ivethhernandez8527,"Muy buen video, está muy bien explicada cada etapa con el ejemplo y conceptos claros.",2023-03-27T20:39:53Z,0,1,Atención al Cliente y Soporte,muy buen video esta muy bien explicada cada etapa con el ejemplo y conceptos claros,buen bien explicada cada etapa ejemplo conceptos claros,Experiencia General de Marca,NEUTRO,0.6
UgzPsgZrBQpIm6aP1OR4AaABAg,qLxWDavp0bg,¿Cómo llamar a CLARO Servicio al cliente? en TODOS los países,Claro RD,@leticiamesamora7791,Buenas  tardes  q  paso no tengo internet  e mi  casa,2023-03-16T18:44:05Z,1,3,Fibra Óptica e Internet Hogar,buenas tardes q paso no tengo internet e mi casa,buenas paso internet casa,Fibra Óptica e Internet Hogar,NEUTRO,0.6
UgxTmE80cRpWIC8JtlV4AaABAg,qLxWDavp0bg,¿Cómo llamar a CLARO Servicio al cliente? en TODOS los países,Claro RD,@diegoalejandro4481,Claro Colombia,2023-03-16T18:18:00Z,1,1,Atención al Cliente y Soporte,claro colombia,colombia,Experiencia General de Marca,NEUTRO,0.6
UgxATT1SUKOOdgSvw1J4AaABAg,L0mPhRFp0lo,"Como registrarse en Mi Claro, abre una cuenta en mi claro y paga tus facturas, recarga saldo y más 😎",Claro RD,@annabelisfelizmatos6205,Como la recupero mi cuenta y usuario,2023-03-15T23:26:26Z,0,0,Facturación y Tarifas,como la recupero mi cuenta y usuario,recupero cuenta usuario,Experiencia General de Marca,NEUTRO,0.6
Ugy8rd_17g5jznpHKDJ4AaABAg,cXJfXbWC248,👉CON ESTE CODIGO EVITAS que CLARO te CONSUMA SALDO SIN PERMISO.,Claro RD,@Linus-ocs,Que,2023-03-11T14:56:35Z,2,4,Experiencia General de Marca,que,,Experiencia General de Marca,NEUTRO,0.6
UgyTmKEhSfHy2U46mq54AaABAg,qLxWDavp0bg,¿Cómo llamar a CLARO Servicio al cliente? en TODOS los países,Claro RD,@mariaangelica3182,Necesito comunicarme con alguna operadora o número donde llamar,2023-02-17T21:40:40Z,1,3,Atención al Cliente y Soporte,necesito comunicarme con alguna operadora o nu mero donde llamar,necesito comunicarme alguna operadora mero llamar,Experiencia General de Marca,NEUTRO,0.6
Ugy2E9uPXZuanmb3PxV4AaABAg,cXJfXbWC248,👉CON ESTE CODIGO EVITAS que CLARO te CONSUMA SALDO SIN PERMISO.,Claro RD,@avrilgameryt5258,WoW,2023-02-12T04:28:11Z,0,0,Experiencia General de Marca,wow,wow,Experiencia General de Marca,NEUTRO,0.6
Ugy_l-jsNlCOUrkE17F4AaABAg,cXJfXbWC248,👉CON ESTE CODIGO EVITAS que CLARO te CONSUMA SALDO SIN PERMISO.,Claro RD,@avrilgameryt5258,❤️❤️,2023-02-12T04:27:53Z,2,0,Experiencia General de Marca,,,Experiencia General de Marca,NEUTRO,0.5
Ugx6vD6Jtgg_A_rtgL94AaABAg,cXJfXbWC248,👉CON ESTE CODIGO EVITAS que CLARO te CONSUMA SALDO SIN PERMISO.,Claro RD,@CrudoTech,.,2023-02-12T03:04:44Z,0,0,Experiencia General de Marca,,,Experiencia General de Marca,NEUTRO,0.5
Ugx6eorngCezNxBpOx54AaABAg,cXJfXbWC248,👉CON ESTE CODIGO EVITAS que CLARO te CONSUMA SALDO SIN PERMISO.,Claro RD,@CrudoTech,https://youtu.be/4p5R4THwcuE,2023-02-12T03:04:36Z,249,23,Experiencia General de Marca,,,Experiencia General de Marca,NEUTRO,0.5
UgyzGu9k6IU-0fNMHrp4AaABAg,L0mPhRFp0lo,"Como registrarse en Mi Claro, abre una cuenta en mi claro y paga tus facturas, recarga saldo y más 😎",Claro RD,@orfall._4,"Tengo un problema ahora, me sale lo de Acceder a red pero cuando voy a iniciar sesion no me aparece el Captcha y no puedo hacer nada, no puedo iniciar sesion desde internet o la aplicacion",2023-02-12T01:05:25Z,0,0,Fibra Óptica e Internet Hogar,tengo un problema ahora me sale lo de acceder a red pero cuando voy a iniciar sesion no me aparece el captcha y no puedo hacer nada no puedo iniciar sesion desde internet o la aplicacion,problema ahora sale acceder red voy iniciar sesion aparece captcha puedo hacer puedo iniciar sesion internet aplicacion,Fibra Óptica e Internet Hogar,NEUTRO,0.6
UgzLSh1cTMgjQEMZ_i54AaABAg,qLxWDavp0bg,¿Cómo llamar a CLARO Servicio al cliente? en TODOS los países,Claro RD,@elianimartinez7838,Desde Paraguay,2023-02-09T16:27:12Z,2,1,Atención al Cliente y Soporte,desde paraguay,paraguay,Experiencia General de Marca,NEUTRO,0.6
UgxffX7-ZBwXwB05MkR4AaABAg,qLxWDavp0bg,¿Cómo llamar a CLARO Servicio al cliente? en TODOS los países,Claro RD,@elianimartinez7838,Número atención al cliente,2023-02-09T16:27:03Z,1,3,Atención al Cliente y Soporte,nu mero atencio n al cliente,mero atencio cliente,Experiencia General de Marca,NEUTRO,0.6
UgztoAWmWrFp43Zg6Jh4AaABAg,vOG5AbNRYvs,🔥Probando 5G en República Dominicana -  Buscaba 1GB pero encontré otra cosa!!!,Claro RD,@estebanacosta5163,"No pero si esa velocidad del 5G 😄😄😄😄pero si claro le adjunta esa velocidad a los consumidores del paquetito bueno yo k e comprado un sim de claro y me regalaron 15GB solo me duró de un día para otro a una velocidad de 38MB  y eso k k más utilizar Mayol mente el WIFI  sin el wifi me imagino k esos 15 GB solo me hubiesen durado tardes 1hora o través un rato más si quieres utilizar la verdadera velocidad usa un Android pero no te lo recomiendo porque acabaría con todo el plan ameno k sea ilimitado y k la misma claro te de algunas aplicaciones gratis porn esa velocidad en móviles si fuese paquetito le daría 5segundo en caso de usuarios extremo k utilizan nexfli ,u otras aplicaciones de vídeos claro lo k tienen planes si son ilimitados no tienen problemas intenta comprar un paquetito de 5dias k la SIM sea 5G no necesitas de amigos sino de tu móvil 5G",2023-01-28T20:43:29Z,0,0,Fibra Óptica e Internet Hogar,no pero si esa velocidad del g pero si claro le adjunta esa velocidad a los consumidores del paquetito bueno yo k e comprado un sim de claro y me regalaron gb solo me duro de un di a para otro a una velocidad de mb y eso k k ma s utilizar mayol mente el wifi sin el wifi me imagino k esos gb solo me hubiesen durado tardes hora o trave s un rato ma s si quieres utilizar la verdadera velocidad usa un android pero no te lo recomiendo porque acabari a con todo el plan ameno k sea ilimitado y k la misma claro te de algunas aplicaciones gratis porn esa velocidad en mo viles si fuese paquetito le dari a segundo en caso de usuarios extremo k utilizan nexfli u otras aplicaciones de vi deos claro lo k tienen planes si son ilimitados no tienen problemas intenta comprar un paquetito de dias k la sim sea g no necesitas de amigos sino de tu mo vil g,velocidad adjunta velocidad consumidores paquetito bueno comprado sim regalaron solo duro velocidad utilizar mayol mente wifi wifi imagino solo durado hora trave rato quieres utilizar verdadera velocidad usa android recomiendo acabari plan ameno ilimitado misma aplicaciones gratis porn velocidad viles paquetito dari segundo caso usuarios extremo utilizan nexfli aplicaciones deos planes ilimitados problemas intenta comprar paquetito dias sim necesitas amigos sino vil,Fibra Óptica e Internet Hogar,POSITIVO,0.85
Ugww-udlZgasa9mwb294AaABAg,qLxWDavp0bg,¿Cómo llamar a CLARO Servicio al cliente? en TODOS los países,Claro RD,@fuentesaz,Que servicio mas pesimo malo y no sirve de nada deberian de tener la delicadesa de contestar directamente tengo mas de 15 dias de estarles llamando por mi problema y no atienden.  Son malos malos no sirven de nada.,2023-01-23T16:54:48Z,2,1,Atención al Cliente y Soporte,que servicio mas pesimo malo y no sirve de nada deberian de tener la delicadesa de contestar directamente tengo mas de dias de estarles llamando por mi problema y no atienden son malos malos no sirven de nada,servicio mas pesimo malo sirve deberian tener delicadesa contestar directamente mas dias estarles llamando problema atienden malos malos sirven,Red Móvil y Cobertura 5G,NEGATIVO,0.85
UgwfBvVaFmvk_ZIDIep4AaABAg,qLxWDavp0bg,¿Cómo llamar a CLARO Servicio al cliente? en TODOS los países,Claro RD,@liliamartinez4507,Buenos días señores Claro porque yo no tengo minutos y ayer recargue $20000 por favor no tengo minutos,2023-01-19T15:58:07Z,1,3,Atención al Cliente y Soporte,buenos di as sen ores claro porque yo no tengo minutos y ayer recargue por favor no tengo minutos,sen ores minutos ayer recargue favor minutos,Experiencia General de Marca,POSITIVO,0.75
UgyKcsku0_HgizMz3414AaABAg,qLxWDavp0bg,¿Cómo llamar a CLARO Servicio al cliente? en TODOS los países,Claro RD,@stevenderas4756,Si tengo un problema con claro   el deber de ellos es solucionarlo  lo mas rapido,2023-01-15T16:46:10Z,1,6,Atención al Cliente y Soporte,si tengo un problema con claro el deber de ellos es solucionarlo lo mas rapido,problema deber solucionarlo mas rapido,Experiencia General de Marca,POSITIVO,0.75
Ugzx97qXvarl67V2b7R4AaABAg,qLxWDavp0bg,¿Cómo llamar a CLARO Servicio al cliente? en TODOS los países,Claro RD,@sandypiscis420,En el *611 no encuentro opcion,2023-01-14T20:40:52Z,4,1,Atención al Cliente y Soporte,en el no encuentro opcion,encuentro opcion,Experiencia General de Marca,NEUTRO,0.6
UgzDifYHcjw_ZiQy3RR4AaABAg,j4yz4sOJbyQ,COMO CONFIGURAR EL APN CLARO  REPUBLICA DOMINICANA 2021,Claro RD,@miguelina61,❤️🥀🇩🇴😍🙏👍,2023-01-09T01:06:07Z,0,0,Red Móvil y Cobertura 5G,,,Experiencia General de Marca,NEUTRO,0.5
UgyOApThWid77fkmjXh4AaABAg,qLxWDavp0bg,¿Cómo llamar a CLARO Servicio al cliente? en TODOS los países,Claro RD,@alexiavalencia9398,necesito llamar de España a claro Colombia urgente me puede ayudar gracias,2022-12-29T14:47:05Z,1,1,Atención al Cliente y Soporte,necesito llamar de espan a a claro colombia urgente me puede ayudar gracias,necesito llamar espan colombia urgente puede ayudar gracias,Experiencia General de Marca,NEUTRO,0.6
UgzLPn8x0rkOgGgfIVZ4AaABAg,L0mPhRFp0lo,"Como registrarse en Mi Claro, abre una cuenta en mi claro y paga tus facturas, recarga saldo y más 😎",Claro RD,@jhoncapera2275,No me deja con mi cédula ke disque le falta un número i mi cédula no tiene más,2022-12-20T16:43:27Z,0,0,Facturación y Tarifas,no me deja con mi ce dula ke disque le falta un nu mero i mi ce dula no tiene ma s,deja dula disque falta mero dula,Experiencia General de Marca,NEUTRO,0.6
UgwJPsdi0qFxKn2-Htl4AaABAg,qLxWDavp0bg,¿Cómo llamar a CLARO Servicio al cliente? en TODOS los países,Claro RD,@maiquecalleja4121,Quiero una portabilidad,2022-12-12T19:39:57Z,0,1,Atención al Cliente y Soporte,quiero una portabilidad,quiero portabilidad,Experiencia General de Marca,NEUTRO,0.6
UgyzMbljFCmQM1Ke9hF4AaABAg,qLxWDavp0bg,¿Cómo llamar a CLARO Servicio al cliente? en TODOS los países,Claro RD,@maiquecalleja4121,Quiero comunicarme con claro,2022-12-12T19:39:06Z,2,1,Atención al Cliente y Soporte,quiero comunicarme con claro,quiero comunicarme,Experiencia General de Marca,NEUTRO,0.6
UgyJgyWD8s8Zc1x_7Op4AaABAg,vOG5AbNRYvs,🔥Probando 5G en República Dominicana -  Buscaba 1GB pero encontré otra cosa!!!,Claro RD,@tanosrd,Buen video bro,2022-12-12T00:53:22Z,1,0,Red Móvil y Cobertura 5G,buen video bro,buen bro,Experiencia General de Marca,NEUTRO,0.6
UgzjolHxNP2SEgWYUQd4AaABAg,L0mPhRFp0lo,"Como registrarse en Mi Claro, abre una cuenta en mi claro y paga tus facturas, recarga saldo y más 😎",Claro RD,@sandra_80s,Como poner una foto de perfil en claro hogar CHILE 🇨🇱🇨🇱💥,2022-11-29T02:01:30Z,0,0,Facturación y Tarifas,como poner una foto de perfil en claro hogar chile,poner foto perfil hogar chile,Experiencia General de Marca,NEUTRO,0.6
UgyKHYLIrDynpywOrhN4AaABAg,qLxWDavp0bg,¿Cómo llamar a CLARO Servicio al cliente? en TODOS los países,Claro RD,@romeliaduque7995,"Si no...son empleados de claro pero quedan gravadas y monitoriadas  para que los accionistas  lo: vean,escuchen  y resuelvan  y así dar garantías de los servicios que tan deficientemente prestan.",2022-11-28T22:09:47Z,3,1,Atención al Cliente y Soporte,si no son empleados de claro pero quedan gravadas y monitoriadas para que los accionistas lo vean escuchen y resuelvan y asi dar garanti as de los servicios que tan deficientemente prestan,empleados quedan gravadas monitoriadas accionistas vean escuchen resuelvan asi dar garanti servicios tan deficientemente prestan,Atención al Cliente y Soporte,POSITIVO,0.75
UgzUlDeZVPIKG0BIwjx4AaABAg,32ad78KOfW4,CÓMO LLAMAR A SERVICIOS DE CLARO,Claro RD,@renedaza7606,"No he podido encontrar el número para a claro x su mal servicio 
.ponen unos número que ni con lupa 🔎 se ven",2022-11-24T19:08:59Z,2,0,Atención al Cliente y Soporte,no he podido encontrar el nu mero para a claro x su mal servicio ponen unos nu mero que ni con lupa se ven,podido encontrar mero mal servicio ponen mero lupa ven,Atención al Cliente y Soporte,NEUTRO,0.6
UgxuvWBsh4x5zyTiCVx4AaABAg,qLxWDavp0bg,¿Cómo llamar a CLARO Servicio al cliente? en TODOS los países,Claro RD,@olgagriffa2536,A que número puedo llamar de Córdoba Argentina,2022-11-22T00:41:50Z,1,1,Atención al Cliente y Soporte,a que nu mero puedo llamar de co rdoba argentina,mero puedo llamar rdoba argentina,Experiencia General de Marca,NEUTRO,0.6
UgxupDFuHyX-_A7ndrN4AaABAg,L0mPhRFp0lo,"Como registrarse en Mi Claro, abre una cuenta en mi claro y paga tus facturas, recarga saldo y más 😎",Claro RD,@DanmerJet,Saludos  con esa app puedo recuperar mi número robado disculpe,2022-11-15T01:41:25Z,0,0,Facturación y Tarifas,saludos con esa app puedo recuperar mi nu mero robado disculpe,saludos app puedo recuperar mero robado disculpe,Experiencia General de Marca,NEUTRO,0.6
UgxgQwJljQgKzYw21E14AaABAg,L0mPhRFp0lo,"Como registrarse en Mi Claro, abre una cuenta en mi claro y paga tus facturas, recarga saldo y más 😎",Claro RD,@juangonzales7154,Amigo me piden que me llaman no me aparece la pagina tuya,2022-11-15T00:54:34Z,0,0,Facturación y Tarifas,amigo me piden que me llaman no me aparece la pagina tuya,amigo piden llaman aparece pagina,Experiencia General de Marca,NEUTRO,0.6
Ugwdcq39LEvYu4Iv4i14AaABAg,L0mPhRFp0lo,"Como registrarse en Mi Claro, abre una cuenta en mi claro y paga tus facturas, recarga saldo y más 😎",Claro RD,@yarielgonzalez3747,Usuario existente,2022-11-05T19:33:14Z,0,0,Facturación y Tarifas,usuario existente,usuario existente,Experiencia General de Marca,NEUTRO,0.6
UgzPlZZ23UxZIbbTqg94AaABAg,qLxWDavp0bg,¿Cómo llamar a CLARO Servicio al cliente? en TODOS los países,Claro RD,@Boxeo_profesiona,Yo quiero serbisio al cliente para un codigo,2022-10-30T23:58:34Z,1,1,Atención al Cliente y Soporte,yo quiero serbisio al cliente para un codigo,quiero serbisio cliente codigo,Experiencia General de Marca,NEUTRO,0.6
Ugw01y9oFTUdq31hbAJ4AaABAg,vOG5AbNRYvs,🔥Probando 5G en República Dominicana -  Buscaba 1GB pero encontré otra cosa!!!,Claro RD,@Sesinado,"Aunque parezca falso, el 5G de allá es mejor que el de USA, solamente que comiencen a incorporar frecuencias bajas(600-700mhz) a la red para que ayude a la Mid-Band(3.5ghz) a llegar más lejos.",2022-10-30T00:33:23Z,1,0,Red Móvil y Cobertura 5G,aunque parezca falso el g de alla es mejor que el de usa solamente que comiencen a incorporar frecuencias bajas mhz a la red para que ayude a la mid band ghz a llegar ma s lejos,aunque parezca falso alla mejor usa solamente comiencen incorporar frecuencias bajas mhz red ayude mid band ghz llegar lejos,Red Móvil y Cobertura 5G,POSITIVO,0.75
UgwLFRVtJkyL6JIHAk94AaABAg,L0mPhRFp0lo,"Como registrarse en Mi Claro, abre una cuenta en mi claro y paga tus facturas, recarga saldo y más 😎",Claro RD,@johanmanuelhenriquezbrgs5616,Cuando pongo mi correo y mi usuario me dice “Login invalido”. 🥲,2022-10-18T20:28:38Z,0,0,Facturación y Tarifas,cuando pongo mi correo y mi usuario me dice login invalido,pongo correo usuario dice login invalido,Experiencia General de Marca,NEUTRO,0.6
UgwYG4UYx9l75nYsf3F4AaABAg,vOG5AbNRYvs,🔥Probando 5G en República Dominicana -  Buscaba 1GB pero encontré otra cosa!!!,Claro RD,@fredmergameplaysd4525,"Hola Dios te bendiga 

Sinceramente no creo en el ""5G"" :/ la verdad es que no creo en ese supuesto 5G además de que si se implementaría en los teléfonos el teléfonos se forzará más, por ejemplo, yo tengo un teléfono con 4G (el que estoy usando tiene 3G) y la verdad es que la experiencia que tengo con el 4G es decepcionante :/, en primer lugar porque el teléfono se calienta, la duración de la batería es pues......que puedo decir y esto lo digo porque cuando uso WiFi la batería dura más ._. mientras que cuando uso datos la batería se acaba rápido, 

Quiero aclarar que la batería que tiene es de 3000 mAh


Aunque admito que depende del teléfono 

El otro cel que tengo es un LG",2022-10-17T18:24:25Z,0,1,Fibra Óptica e Internet Hogar,hola dios te bendiga sinceramente no creo en el g la verdad es que no creo en ese supuesto g adema s de que si se implementari a en los tele fonos el tele fonos se forzara ma s por ejemplo yo tengo un tele fono con g el que estoy usando tiene g y la verdad es que la experiencia que tengo con el g es decepcionante en primer lugar porque el tele fono se calienta la duracio n de la bateri a es pues que puedo decir y esto lo digo porque cuando uso wifi la bateri a dura ma s mientras que cuando uso datos la bateri a se acaba ra pido quiero aclarar que la bateri a que tiene es de mah aunque admito que depende del tele fono el otro cel que tengo es un lg,dios bendiga sinceramente creo verdad creo supuesto adema implementari tele fonos tele fonos forzara ejemplo tele fono usando verdad experiencia decepcionante primer lugar tele fono calienta duracio bateri pues puedo decir digo uso wifi bateri dura mientras uso datos bateri acaba pido quiero aclarar bateri mah aunque admito depende tele fono cel,Fibra Óptica e Internet Hogar,NEUTRO,0.6
UgyH-34Rg-DcrwY6Rw14AaABAg,qLxWDavp0bg,¿Cómo llamar a CLARO Servicio al cliente? en TODOS los países,Claro RD,@ramontmendozam,Desastre la claro,2022-10-13T20:26:15Z,4,1,Atención al Cliente y Soporte,desastre la claro,desastre,Experiencia General de Marca,NEGATIVO,0.75
UgxsUOjTe-zEGpBy9Yh4AaABAg,CgNaYaPKSMY,"Claro RD -  Estamos a la velocidad del mundo. Mejor red móvil, confirmado por Speedtest.",Claro RD,@Mello_dander,Gracias por esa información Internet estaba muy malo soy de República Dominicana,2022-10-07T19:28:03Z,0,0,Fibra Óptica e Internet Hogar,gracias por esa informacio n internet estaba muy malo soy de repu blica dominicana,gracias informacio internet malo repu blica dominicana,Fibra Óptica e Internet Hogar,NEGATIVO,0.75
Ugz0lIXbyypP1qLfQ2h4AaABAg,L0mPhRFp0lo,"Como registrarse en Mi Claro, abre una cuenta en mi claro y paga tus facturas, recarga saldo y más 😎",Claro RD,@alexronald7751,Una verga esa app no puedo revisar mis consumos,2022-10-03T20:05:51Z,0,0,Facturación y Tarifas,una verga esa app no puedo revisar mis consumos,verga app puedo revisar consumos,Experiencia General de Marca,NEUTRO,0.6
UgxmGQfUJXQqwl4ninx4AaABAg,mCVk0Zbshoo,"Claro RD es la Mejor Red Móvil del País, confirmado por Speedtest",Claro RD,@leivinjoseterreromontero3489,Ragalen paquetes libre por favor,2022-10-01T13:31:37Z,1,0,Experiencia General de Marca,ragalen paquetes libre por favor,ragalen paquetes libre favor,Experiencia General de Marca,NEUTRO,0.6
UgzrWsBWxG_ELR_pGad4AaABAg,vOG5AbNRYvs,🔥Probando 5G en República Dominicana -  Buscaba 1GB pero encontré otra cosa!!!,Claro RD,@frederichbonilla7327,Los dominicanos no tenemos ni 3G,2022-09-27T04:14:54Z,0,0,Red Móvil y Cobertura 5G,los dominicanos no tenemos ni g,dominicanos,Experiencia General de Marca,NEUTRO,0.6
Ugz7nl76_JxCNLbO0MV4AaABAg,qLxWDavp0bg,¿Cómo llamar a CLARO Servicio al cliente? en TODOS los países,Claro RD,@empleosreales7550,Gracias buen video!!,2022-09-25T19:07:38Z,2,2,Atención al Cliente y Soporte,gracias buen video,gracias buen,Experiencia General de Marca,NEUTRO,0.6
UgwfFjBgbO8kaUJniAh4AaABAg,vOG5AbNRYvs,🔥Probando 5G en República Dominicana -  Buscaba 1GB pero encontré otra cosa!!!,Claro RD,@eddybatista3821,"Las compañías telefónicas, aunque puedan Y quieran, no pondrán él Cinco G, más de un giga, porque así él cliente gasta más, dinero,miren él caso de los paqueticos de internet, Té lo degradan, yá no es paquetes ilimitados, Y debería de ser iluminado, porque yá supuestamente existe el Cinco G, pero no es así porque a las telefónicas les convienen seguir con las degradaciones del internet, así les roban más al usuario.",2022-09-19T21:55:41Z,0,0,Fibra Óptica e Internet Hogar,las compan i as telefo nicas aunque puedan y quieran no pondra n e l cinco g ma s de un giga porque asi e l cliente gasta ma s dinero miren e l caso de los paqueticos de internet te lo degradan ya no es paquetes ilimitados y deberi a de ser iluminado porque ya supuestamente existe el cinco g pero no es asi porque a las telefo nicas les convienen seguir con las degradaciones del internet asi les roban ma s al usuario,compan telefo nicas aunque puedan quieran pondra cinco giga asi cliente gasta dinero miren caso paqueticos internet degradan paquetes ilimitados deberi ser iluminado supuestamente existe cinco asi telefo nicas convienen seguir degradaciones internet asi roban usuario,Fibra Óptica e Internet Hogar,NEUTRO,0.6
UgzqipSyQvXx7MkVMDN4AaABAg,vOG5AbNRYvs,🔥Probando 5G en República Dominicana -  Buscaba 1GB pero encontré otra cosa!!!,Claro RD,@eddybatista3821,"Las compañías telefónicas, aunque puedan Y quieran, no pondrán él Cinco G, más de un giga, porque así él cliente gasta más, dinero,miren él caso de los paqueticos de internet, Té lo degradan, yá no es paquetes ilimitados, Y debería de ser iluminado, porque yá supuestamente existe el Cinco G, pero no es así porque a las telefónicas les convienen seguir con las degradaciones del internet, así les roban más al usuario.",2022-09-19T21:55:40Z,0,1,Fibra Óptica e Internet Hogar,las compan i as telefo nicas aunque puedan y quieran no pondra n e l cinco g ma s de un giga porque asi e l cliente gasta ma s dinero miren e l caso de los paqueticos de internet te lo degradan ya no es paquetes ilimitados y deberi a de ser iluminado porque ya supuestamente existe el cinco g pero no es asi porque a las telefo nicas les convienen seguir con las degradaciones del internet asi les roban ma s al usuario,compan telefo nicas aunque puedan quieran pondra cinco giga asi cliente gasta dinero miren caso paqueticos internet degradan paquetes ilimitados deberi ser iluminado supuestamente existe cinco asi telefo nicas convienen seguir degradaciones internet asi roban usuario,Fibra Óptica e Internet Hogar,NEUTRO,0.6
Ugz5f3BV05FgqZLNnq54AaABAg,L0mPhRFp0lo,"Como registrarse en Mi Claro, abre una cuenta en mi claro y paga tus facturas, recarga saldo y más 😎",Claro RD,@yeisonx164,"Tengo un problema, quiero registrarme pero no deja registrarme que puedo hacer?",2022-09-02T00:41:49Z,8,0,Facturación y Tarifas,tengo un problema quiero registrarme pero no deja registrarme que puedo hacer,problema quiero registrarme deja registrarme puedo hacer,Experiencia General de Marca,NEUTRO,0.6
UgxnEcMllIJh5rlv5ut4AaABAg,L0mPhRFp0lo,"Como registrarse en Mi Claro, abre una cuenta en mi claro y paga tus facturas, recarga saldo y más 😎",Claro RD,@anasimanca2884,Mi hombre es Ana Lucía simanca Villega,2022-08-30T17:25:48Z,0,1,Facturación y Tarifas,mi hombre es ana luci a simanca villega,hombre ana luci simanca villega,Red Móvil y Cobertura 5G,NEUTRO,0.6
UgyB5ZkUnAeOjoeQ8I54AaABAg,vOG5AbNRYvs,🔥Probando 5G en República Dominicana -  Buscaba 1GB pero encontré otra cosa!!!,Claro RD,@janielm.leonardol.6849,"creo que las compañías deben centrarse en ofrecer mejores servicios 4 g LTE ANTES de dar 5g. el 4g que tenemos casi en todas las compañías es muy mediocre, Pues apenas ofrecen unos pocos Gb por día. una mediocridad.",2022-08-10T15:55:39Z,3,0,Red Móvil y Cobertura 5G,creo que las compan i as deben centrarse en ofrecer mejores servicios g lte antes de dar g el g que tenemos casi en todas las compan i as es muy mediocre pues apenas ofrecen unos pocos gb por di a una mediocridad,creo compan deben centrarse ofrecer mejores servicios lte dar casi todas compan mediocre pues apenas ofrecen pocos mediocridad,Red Móvil y Cobertura 5G,POSITIVO,0.75
UgzZ2hR-Alg_4qb7Cp54AaABAg,vOG5AbNRYvs,🔥Probando 5G en República Dominicana -  Buscaba 1GB pero encontré otra cosa!!!,Claro RD,@janielm.leonardol.6849,Estabas midiendo Gigabites o Gigabait,2022-08-10T15:51:55Z,1,4,Red Móvil y Cobertura 5G,estabas midiendo gigabites o gigabait,midiendo gigabites gigabait,Experiencia General de Marca,NEUTRO,0.6
UgwBZDJ1K6R3xht9xxl4AaABAg,vOG5AbNRYvs,🔥Probando 5G en República Dominicana -  Buscaba 1GB pero encontré otra cosa!!!,Claro RD,@ilovedividend,En San Francisco De Macoris LTE me consigue una velocidad de 300+mbps,2022-08-08T03:25:15Z,1,0,Red Móvil y Cobertura 5G,en san francisco de macoris lte me consigue una velocidad de mbps,san francisco macoris lte consigue velocidad mbps,Red Móvil y Cobertura 5G,NEUTRO,0.6
UgwnQoNMDyH4Uovi3bF4AaABAg,vOG5AbNRYvs,🔥Probando 5G en República Dominicana -  Buscaba 1GB pero encontré otra cosa!!!,Claro RD,@ilovedividend,Por favor no confundan Mbps con Mbit/s o Gbps con Gbit/s,2022-08-08T03:23:42Z,2,1,Red Móvil y Cobertura 5G,por favor no confundan mbps con mbit s o gbps con gbit s,favor confundan mbps mbit gbps gbit,Experiencia General de Marca,NEUTRO,0.6
UgwmP7aP-5lon5yPWcV4AaABAg,vOG5AbNRYvs,🔥Probando 5G en República Dominicana -  Buscaba 1GB pero encontré otra cosa!!!,Claro RD,@jonathana.paulinoa.7742,Excelente video,2022-08-02T21:09:03Z,0,0,Red Móvil y Cobertura 5G,excelente video,excelente,Experiencia General de Marca,POSITIVO,0.75
UgwQHkC8Ke0vytpu-zx4AaABAg,L0mPhRFp0lo,"Como registrarse en Mi Claro, abre una cuenta en mi claro y paga tus facturas, recarga saldo y más 😎",Claro RD,@angeljerez9372,Necesito la mia,2022-07-29T15:08:44Z,0,0,Facturación y Tarifas,necesito la mia,necesito mia,Experiencia General de Marca,NEUTRO,0.6
UgwrgonAIEKQkqzKrwJ4AaABAg,vOG5AbNRYvs,🔥Probando 5G en República Dominicana -  Buscaba 1GB pero encontré otra cosa!!!,Claro RD,@NoticiasActualizadasTV,Debiste de grabar las otras velocidades,2022-07-27T23:12:26Z,0,0,Red Móvil y Cobertura 5G,debiste de grabar las otras velocidades,debiste grabar velocidades,Experiencia General de Marca,NEUTRO,0.6
Ugxd7kTBnh-Cu3rCk1x4AaABAg,EkLg289O9Ho,Configurar APN 3G/4G Claro Republica Dominicana - 2021,Claro RD,@lomejordetiktok13,Muchas gracias por ti no rompi mi teléfono,2022-07-27T22:42:43Z,0,0,Red Móvil y Cobertura 5G,muchas gracias por ti no rompi mi tele fono,muchas gracias rompi tele fono,Experiencia General de Marca,NEUTRO,0.6
UgxzlKsV1B6dZxpWeNF4AaABAg,vOG5AbNRYvs,🔥Probando 5G en República Dominicana -  Buscaba 1GB pero encontré otra cosa!!!,Claro RD,@DARP2947,"La red 5G usa antenas MIMO, donde estan ubicadas?",2022-07-26T20:56:08Z,2,0,Red Móvil y Cobertura 5G,la red g usa antenas mimo donde estan ubicadas,red usa antenas mimo estan ubicadas,Red Móvil y Cobertura 5G,NEUTRO,0.6
UgyAb_K6d8sdtbq6HfB4AaABAg,wpSBLTr1UFI,¿Cómo ATENDER QUEJAS y RECLAMOS de los CLIENTES?,Claro RD,@axelcristobalmartinezmuoz7273,"Muy buen video, me llamo mucho la atención el punto que toco con respecto a la compensación desproporcionada, ya que es raro encontrar algún lugar que lo haga y sin embargo creo que es una muy buena técnica para fidelizar al cliente y hacerle saber que en verdad nos importa.",2022-07-08T05:13:11Z,0,1,Atención al Cliente y Soporte,muy buen video me llamo mucho la atencio n el punto que toco con respecto a la compensacio n desproporcionada ya que es raro encontrar algu n lugar que lo haga y sin embargo creo que es una muy buena te cnica para fidelizar al cliente y hacerle saber que en verdad nos importa,buen llamo atencio punto toco respecto compensacio desproporcionada raro encontrar algu lugar haga embargo creo buena cnica fidelizar cliente hacerle saber verdad importa,Experiencia General de Marca,NEUTRO,0.6
UgwdgNiLa5QiKHssYJJ4AaABAg,wpSBLTr1UFI,¿Cómo ATENDER QUEJAS y RECLAMOS de los CLIENTES?,Claro RD,@jasdekjumares5813,"Muy bien vídeo, no me ha tocado estar en servicio al cliente pero sin duda me llevo una buena información para usarla en el futuro.",2022-07-08T04:14:01Z,0,1,Atención al Cliente y Soporte,muy bien vi deo no me ha tocado estar en servicio al cliente pero sin duda me llevo una buena informacio n para usarla en el futuro,bien deo tocado servicio cliente duda llevo buena informacio usarla futuro,Atención al Cliente y Soporte,NEUTRO,0.6
Ugw-tfAGRG4GCxRPF3B4AaABAg,wpSBLTr1UFI,¿Cómo ATENDER QUEJAS y RECLAMOS de los CLIENTES?,Claro RD,@oscarrodriguez751,"Buen video, me gusto la forma de explicar fácil y sencillo de entender, espero poner en práctica estos consejos.",2022-07-06T01:43:55Z,0,1,Atención al Cliente y Soporte,buen video me gusto la forma de explicar fa cil y sencillo de entender espero poner en pra ctica estos consejos,buen gusto forma explicar cil sencillo entender espero poner pra ctica consejos,Experiencia General de Marca,NEUTRO,0.6
UgwWrShquz2ZlYam9jJ4AaABAg,vOG5AbNRYvs,🔥Probando 5G en República Dominicana -  Buscaba 1GB pero encontré otra cosa!!!,Claro RD,@victorgil7565,"En Santiago con Claro he tenido buenos resultado y a la vez malos. 

Ellos dicen que hay que tener el plan 5G para que funcione, pero en prepago me ha funcionado si uso iPhone. En Dominos Pizza de Plaza Metropolitana medí 340 Megas, pero en en un Android 5G no me daba los mismos resultados. Dicen que hay que tener un equipo Android de la telefónica sino no funciona bien. Pero no sé, alguien que no compro allá pero si tenía el plan 5G logro medir 800Mb en Plaza Hache. 

Saben si Claro o Altice usa MmWave?",2022-07-04T04:14:53Z,0,1,Fibra Óptica e Internet Hogar,en santiago con claro he tenido buenos resultado y a la vez malos ellos dicen que hay que tener el plan g para que funcione pero en prepago me ha funcionado si uso iphone en dominos pizza de plaza metropolitana medi megas pero en en un android g no me daba los mismos resultados dicen que hay que tener un equipo android de la telefo nica sino no funciona bien pero no se alguien que no compro alla pero si teni a el plan g logro medir mb en plaza hache saben si claro o altice usa mmwave,santiago resultado vez malos dicen tener plan funcione prepago funcionado uso iphone dominos pizza plaza metropolitana medi megas android daba mismos resultados dicen tener equipo android telefo nica sino funciona bien alguien compro alla teni plan logro medir plaza hache saben altice usa mmwave,Fibra Óptica e Internet Hogar,NEUTRO,0.6
Ugz5jvEIjgBnp3zMAoJ4AaABAg,vOG5AbNRYvs,🔥Probando 5G en República Dominicana -  Buscaba 1GB pero encontré otra cosa!!!,Claro RD,@elche452,a medidas que pongan ams antenas y abarquen mas localidades iran mejroando... al igual que starlink s casi lo mismo...,2022-07-01T01:41:42Z,0,1,Red Móvil y Cobertura 5G,a medidas que pongan ams antenas y abarquen mas localidades iran mejroando al igual que starlink s casi lo mismo,medidas pongan ams antenas abarquen mas localidades iran mejroando igual starlink casi mismo,Experiencia General de Marca,POSITIVO,0.75
Ugza7GnBRLw3nzu8tPJ4AaABAg,wpSBLTr1UFI,¿Cómo ATENDER QUEJAS y RECLAMOS de los CLIENTES?,Claro RD,@ingridsanchez5420,"Me recordó mucho cuando trabajaba en atención al cliente, e incoscientemente realizaba estas claves para que la gente no se enojara jaja, lastima que aveces en las empresas no se pueden dar compensaciones.",2022-06-24T01:12:29Z,0,1,Atención al Cliente y Soporte,me recordo mucho cuando trabajaba en atencio n al cliente e incoscientemente realizaba estas claves para que la gente no se enojara risa lastima que aveces en las empresas no se pueden dar compensaciones,recordo trabajaba atencio cliente incoscientemente realizaba claves gente enojara risa lastima aveces empresas pueden dar compensaciones,Experiencia General de Marca,NEUTRO,0.6
UgzwxO1wZEeOgApVVJZ4AaABAg,L0mPhRFp0lo,"Como registrarse en Mi Claro, abre una cuenta en mi claro y paga tus facturas, recarga saldo y más 😎",Claro RD,@fernandaalvarado2622,A mi no me coje los paquetes no sé si sea el número o que ayuda,2022-06-09T22:40:58Z,0,0,Facturación y Tarifas,a mi no me coje los paquetes no se si sea el nu mero o que ayuda,coje paquetes mero ayuda,Experiencia General de Marca,NEUTRO,0.6
UgxN0znIxpCmXb8iact4AaABAg,wpSBLTr1UFI,¿Cómo ATENDER QUEJAS y RECLAMOS de los CLIENTES?,Claro RD,@victorperezromero6986,"No me sirve yo trabajo en una papelería y sacamos copias, muchos casos que nos suceden son por desinformación de los clientes ya sea porque no se informaron de como funcionan las cosas o son gente mayor o gente rica, esas 3 categorías son los clientes groseros que trato.",2022-06-07T04:47:21Z,0,1,Atención al Cliente y Soporte,no me sirve yo trabajo en una papeleri a y sacamos copias muchos casos que nos suceden son por desinformacio n de los clientes ya sea porque no se informaron de como funcionan las cosas o son gente mayor o gente rica esas categori as son los clientes groseros que trato,sirve trabajo papeleri sacamos copias casos suceden desinformacio clientes informaron funcionan cosas gente mayor gente rica categori clientes groseros trato,Experiencia General de Marca,NEUTRO,0.6
UgzqDBcdwY_g50NedbN4AaABAg,niYeqdxGxy4,Claro RD Prueba de velocidad plan 10mbps fibra optica,Claro RD,@JuniorRD1994klk,Yo puse el de wintelecom el internet no se me de grada,2022-06-05T03:42:33Z,1,0,Fibra Óptica e Internet Hogar,yo puse el de wintelecom el internet no se me de grada,puse wintelecom internet grada,Fibra Óptica e Internet Hogar,NEUTRO,0.6
Ugxy6rDkJDk49aj9cwp4AaABAg,vOG5AbNRYvs,🔥Probando 5G en República Dominicana -  Buscaba 1GB pero encontré otra cosa!!!,Claro RD,@luijox,"Cuando dejemos de ser ciudadanos complacientes las compañías honrarán sus ofertas, mientras continuemos pasando paño tibio👎😮",2022-05-29T19:12:30Z,0,1,Red Móvil y Cobertura 5G,cuando dejemos de ser ciudadanos complacientes las compan i as honrara n sus ofertas mientras continuemos pasando pan o tibio,dejemos ser ciudadanos complacientes compan honrara ofertas mientras continuemos pasando pan tibio,Planes y Promociones,NEUTRO,0.6
Ugx_2tuWxiqZ9CQggsx4AaABAg,QjLuuKrVvjA,claro es una mierda llamada  a  claro mal servicio,Claro RD,@oxy_xd7750,Hasta el netlife de mi tía es mejor xdxdxdxd,2022-05-22T19:24:19Z,0,0,Atención al Cliente y Soporte,hasta el netlife de mi ti a es mejor xdxdxdxd,netlife mejor xdxdxdxd,Experiencia General de Marca,POSITIVO,0.75
UgzEoaYdcmVdJw8G0dp4AaABAg,vOG5AbNRYvs,🔥Probando 5G en República Dominicana -  Buscaba 1GB pero encontré otra cosa!!!,Claro RD,@levidepp,"Yo lo medí en el sector Los Prados y lo más que pude conseguir fueron 800 y tantos de mb por segundo, y de subida unos 180, aún esperamos que Altice termine de expandir su tecnología ya que hace falta para los usuarios de esa compañía, buen video amigo!",2022-05-21T07:30:22Z,5,3,Fibra Óptica e Internet Hogar,yo lo medi en el sector los prados y lo ma s que pude conseguir fueron y tantos de mb por segundo y de subida unos au n esperamos que altice termine de expandir su tecnologi a ya que hace falta para los usuarios de esa compan i a buen video amigo,medi sector prados pude conseguir tantos segundo subida esperamos altice termine expandir tecnologi hace falta usuarios compan buen amigo,Fibra Óptica e Internet Hogar,NEGATIVO,0.75
Ugx8EUvy8rxxovOvPpR4AaABAg,vOG5AbNRYvs,🔥Probando 5G en República Dominicana -  Buscaba 1GB pero encontré otra cosa!!!,Claro RD,@ElYigoloHQ,"yo no confío en las promociones de las empresas de aquí, yo lo puedo ver poniendo el tendido y aun así les creó",2022-05-18T00:19:31Z,0,2,Red Móvil y Cobertura 5G,yo no confi o en las promociones de las empresas de aqui yo lo puedo ver poniendo el tendido y aun asi les creo,confi promociones empresas aqui puedo ver poniendo tendido aun asi creo,Planes y Promociones,NEUTRO,0.6
UgyjpK_ltxdwKxq3vd54AaABAg,vOG5AbNRYvs,🔥Probando 5G en República Dominicana -  Buscaba 1GB pero encontré otra cosa!!!,Claro RD,@sause861,deberías realizar un Claro vs Altice donde vas tengan cobertura 5G,2022-05-17T02:15:54Z,2,1,Red Móvil y Cobertura 5G,deberi as realizar un claro vs altice donde vas tengan cobertura g,deberi realizar altice vas cobertura,Red Móvil y Cobertura 5G,NEUTRO,0.6
UgxAP0VVWEo42T9xs6x4AaABAg,vOG5AbNRYvs,🔥Probando 5G en República Dominicana -  Buscaba 1GB pero encontré otra cosa!!!,Claro RD,@adolfowispe,Sigan viendo.. Esperando 2da parte con velocidades de más de 1gbit/s!,2022-05-16T23:40:05Z,2,2,Red Móvil y Cobertura 5G,sigan viendo esperando da parte con velocidades de ma s de gbit s,sigan viendo esperando parte velocidades gbit,Atención al Cliente y Soporte,NEGATIVO,0.75
UgzIWBhS3rkwpEfEVUh4AaABAg,vOG5AbNRYvs,🔥Probando 5G en República Dominicana -  Buscaba 1GB pero encontré otra cosa!!!,Claro RD,@enmanuelperalta,Cuando tendremos en la R.D planes de internet con mejores capacidades  de data o algún plan ilimitado con una tarifa fija al mes. Eso seria un avance en las telecomunicaciones. Primer video que veo después de mucho tiempo buscando los test de los planes 5G en el país.  👍👍👍,2022-05-16T22:37:56Z,13,6,Fibra Óptica e Internet Hogar,cuando tendremos en la r d planes de internet con mejores capacidades de data o algu n plan ilimitado con una tarifa fija al mes eso seria un avance en las telecomunicaciones primer video que veo despue s de mucho tiempo buscando los test de los planes g en el pai s,planes internet mejores capacidades data algu plan ilimitado tarifa fija mes seria avance telecomunicaciones primer veo despue tiempo buscando test planes pai,Fibra Óptica e Internet Hogar,POSITIVO,0.75
UgzR3pRQaVScxQhI6yp4AaABAg,vOG5AbNRYvs,🔥Probando 5G en República Dominicana -  Buscaba 1GB pero encontré otra cosa!!!,Claro RD,@juanml30,"Así mismo como dices las velocidades varían bastente de una locación a otra, pero me llama mucho la  atención que estando un día en un lugar puedo tener velocidades de más de 800 mbps y volver días después al mismo sitio y la velocidad ser de tan solo 40 mbps, una locura!",2022-05-16T22:26:57Z,0,1,Red Móvil y Cobertura 5G,asi mismo como dices las velocidades vari an bastente de una locacio n a otra pero me llama mucho la atencio n que estando un di a en un lugar puedo tener velocidades de ma s de mbps y volver di as despue s al mismo sitio y la velocidad ser de tan solo mbps una locura,asi mismo dices velocidades vari bastente locacio llama atencio lugar puedo tener velocidades mbps volver despue mismo sitio velocidad ser tan solo mbps locura,Experiencia General de Marca,NEUTRO,0.6
Ugyc32U_q6m-rh2Gd-N4AaABAg,vOG5AbNRYvs,🔥Probando 5G en República Dominicana -  Buscaba 1GB pero encontré otra cosa!!!,Claro RD,@josejoelrivassanchez1817,1GB mínimo… y que cura con el motorista en villa con 😂😂😂😂,2022-05-16T21:03:18Z,1,0,Red Móvil y Cobertura 5G,gb mi nimo y que cura con el motorista en villa con,nimo cura motorista villa,Experiencia General de Marca,NEUTRO,0.6
UgyiK7_iryb-GHBy2VB4AaABAg,L0mPhRFp0lo,"Como registrarse en Mi Claro, abre una cuenta en mi claro y paga tus facturas, recarga saldo y más 😎",Claro RD,@Sebas.a_04,Si no tengo cédula ?,2022-05-16T18:24:04Z,0,0,Facturación y Tarifas,si no tengo ce dula,dula,Experiencia General de Marca,NEUTRO,0.6
Ugw8g25A9GG98A5BEGt4AaABAg,vOG5AbNRYvs,🔥Probando 5G en República Dominicana -  Buscaba 1GB pero encontré otra cosa!!!,Claro RD,@slireyes3543,1 gb,2022-05-16T18:20:25Z,0,0,Red Móvil y Cobertura 5G,gb,,Experiencia General de Marca,NEUTRO,0.6
UgyOMKgGcwZeR5gPbdd4AaABAg,vOG5AbNRYvs,🔥Probando 5G en República Dominicana -  Buscaba 1GB pero encontré otra cosa!!!,Claro RD,@juanapap6624,1Gb.,2022-05-16T18:00:20Z,0,0,Red Móvil y Cobertura 5G,gb,,Experiencia General de Marca,NEUTRO,0.6
UgzU4tXAxSsjvRzAff54AaABAg,vOG5AbNRYvs,🔥Probando 5G en República Dominicana -  Buscaba 1GB pero encontré otra cosa!!!,Claro RD,@israelantoniocesaraquino7454,"Aquí falta mucho para llegar a esa meta de 5G, dicen que hay pero eso es un engaño, las empresas no están en invertir tanto con tan poco beneficios",2022-05-16T17:31:23Z,1,1,Red Móvil y Cobertura 5G,aqui falta mucho para llegar a esa meta de g dicen que hay pero eso es un engan o las empresas no esta n en invertir tanto con tan poco beneficios,aqui falta llegar meta dicen engan empresas invertir tan beneficios,Red Móvil y Cobertura 5G,NEUTRO,0.6
UgwzJPacgcfCoxMv5a14AaABAg,vOG5AbNRYvs,🔥Probando 5G en República Dominicana -  Buscaba 1GB pero encontré otra cosa!!!,Claro RD,@doltroyergamer8125,Jjj no me recordaba de ese anuncio de viva 🤣🤣,2022-05-16T16:55:41Z,0,1,Red Móvil y Cobertura 5G,jjj no me recordaba de ese anuncio de viva,jjj recordaba anuncio viva,Experiencia General de Marca,NEUTRO,0.6
UgzLrM6T9fQR6-kADL14AaABAg,vOG5AbNRYvs,🔥Probando 5G en República Dominicana -  Buscaba 1GB pero encontré otra cosa!!!,Claro RD,@MarcianoTech,1G,2022-05-16T16:49:11Z,5,1,Red Móvil y Cobertura 5G,g,,Experiencia General de Marca,NEUTRO,0.6
UgzpGK6W7fZwrmelPJ14AaABAg,vOG5AbNRYvs,🔥Probando 5G en República Dominicana -  Buscaba 1GB pero encontré otra cosa!!!,Claro RD,@YoSoyHendrix,Jjj buen video,2022-05-16T16:45:45Z,0,1,Red Móvil y Cobertura 5G,jjj buen video,jjj buen,Experiencia General de Marca,NEUTRO,0.6
UgxUrxSk2I82Y7bU7F14AaABAg,vOG5AbNRYvs,🔥Probando 5G en República Dominicana -  Buscaba 1GB pero encontré otra cosa!!!,Claro RD,@actualisite,Déjame tu like a ver si youtube nos deja para un aire acondicionado 😅,2022-05-16T16:37:37Z,7,0,Red Móvil y Cobertura 5G,de jame tu like a ver si youtube nos deja para un aire acondicionado,jame like ver deja aire acondicionado,Experiencia General de Marca,NEUTRO,0.6
UgxkfDZiyUS33mnYJ7B4AaABAg,j4yz4sOJbyQ,COMO CONFIGURAR EL APN CLARO  REPUBLICA DOMINICANA 2021,Claro RD,@jesusrodriguez8529,Gracias hermano me funciono Dios te bendiga con salvacion y mas,2022-04-28T13:33:13Z,0,1,Red Móvil y Cobertura 5G,gracias hermano me funciono dios te bendiga con salvacion y mas,gracias hermano funciono dios bendiga salvacion mas,Experiencia General de Marca,NEUTRO,0.6
UgzMyY-ZrHFXWeQz7_x4AaABAg,L0mPhRFp0lo,"Como registrarse en Mi Claro, abre una cuenta en mi claro y paga tus facturas, recarga saldo y más 😎",Claro RD,@TheBlueDragonoficial,Hablas como fernaflo,2022-04-09T03:19:02Z,0,0,Facturación y Tarifas,hablas como fernaflo,hablas fernaflo,Experiencia General de Marca,NEUTRO,0.6
Ugzk07XSiNztuiDNWaJ4AaABAg,L0mPhRFp0lo,"Como registrarse en Mi Claro, abre una cuenta en mi claro y paga tus facturas, recarga saldo y más 😎",Claro RD,@JohanErneyy,"Me registre, me pide un email, lo coloco y saca de la aplicación ;-;",2022-03-15T22:35:45Z,0,0,Facturación y Tarifas,me registre me pide un email lo coloco y saca de la aplicacio n,registre pide email coloco saca aplicacio,Experiencia General de Marca,NEUTRO,0.6
UgxRjHGd62u6frLuQGx4AaABAg,wpSBLTr1UFI,¿Cómo ATENDER QUEJAS y RECLAMOS de los CLIENTES?,Claro RD,@jeeaxcat21,Y como haces para que la gente no se aproveché de las quejas y quiera cosas gratis,2022-02-28T03:16:07Z,1,1,Atención al Cliente y Soporte,y como haces para que la gente no se aproveche de las quejas y quiera cosas gratis,haces gente aproveche quejas quiera cosas gratis,Experiencia General de Marca,NEGATIVO,0.75
Ugwn2C_AVmOiY5NzNb54AaABAg,wpSBLTr1UFI,¿Cómo ATENDER QUEJAS y RECLAMOS de los CLIENTES?,Claro RD,@davidmauricio6951,"excelentisimo video, muchas gracias!",2022-02-16T15:24:35Z,0,1,Atención al Cliente y Soporte,excelentisimo video muchas gracias,excelentisimo muchas gracias,Red Móvil y Cobertura 5G,NEUTRO,0.6
UgzJqjwpPJs09WpTRX94AaABAg,L0mPhRFp0lo,"Como registrarse en Mi Claro, abre una cuenta en mi claro y paga tus facturas, recarga saldo y más 😎",Claro RD,@agustinalopez4614,"Hola, a mi me pide lo siguiente para registrarme; /  No. Cuenta Cliente Hogar o Número de Cuenta Cliente Postpago / Prepago:   / y no se esos datos porque mi numero es prepago, o sea que no tengo factura, que debo hacer?",2022-01-30T04:53:55Z,1,1,Red Móvil y Cobertura 5G,hola a mi me pide lo siguiente para registrarme no cuenta cliente hogar o nu mero de cuenta cliente postpago prepago y no se esos datos porque mi numero es prepago o sea que no tengo factura que debo hacer,pide siguiente registrarme cuenta cliente hogar mero cuenta cliente postpago prepago datos numero prepago factura debo hacer,Red Móvil y Cobertura 5G,NEUTRO,0.6
UgyzBRqzrcUbrEGrRwV4AaABAg,L0mPhRFp0lo,"Como registrarse en Mi Claro, abre una cuenta en mi claro y paga tus facturas, recarga saldo y más 😎",Claro RD,@jonathanmontalvan8362,No llega el código de validación a mi correo,2022-01-28T00:21:50Z,1,0,Facturación y Tarifas,no llega el co digo de validacio n a mi correo,llega digo validacio correo,Experiencia General de Marca,NEUTRO,0.6
Ugwb0t8j8jrAGTHrhTh4AaABAg,UOa45Reidps,Lanzamiento 5G | Altice Dominicana,Claro RD,@raulbrito2276,Hagan un trabajo limpio y de seriedad que eso es lo que le va  dar más frutos,2022-01-20T01:10:08Z,1,0,Red Móvil y Cobertura 5G,hagan un trabajo limpio y de seriedad que eso es lo que le va dar ma s frutos,hagan trabajo limpio seriedad dar frutos,Experiencia General de Marca,NEUTRO,0.6
UgxlQz8uku2WIMEKP_R4AaABAg,L0mPhRFp0lo,"Como registrarse en Mi Claro, abre una cuenta en mi claro y paga tus facturas, recarga saldo y más 😎",Claro RD,@nikauryish,¿CÓMO ELIMINO MI CUENTA?,2022-01-19T02:36:47Z,1,0,Facturación y Tarifas,co mo elimino mi cuenta,elimino cuenta,Experiencia General de Marca,NEUTRO,0.6
UgyxCawGHZFLV9tyBuR4AaABAg,L0mPhRFp0lo,"Como registrarse en Mi Claro, abre una cuenta en mi claro y paga tus facturas, recarga saldo y más 😎",Claro RD,@mrgaming1545,Ehhh tengo una duda como hacer recargas desde mí claro app,2022-01-18T00:56:46Z,0,0,Facturación y Tarifas,ehhh tengo una duda como hacer recargas desde mi claro app,ehhh duda hacer recargas app,Facturación y Tarifas,NEUTRO,0.6
Ugy9XnUYRqv4XHgYSnN4AaABAg,EkLg289O9Ho,Configurar APN 3G/4G Claro Republica Dominicana - 2021,Claro RD,@j_king_santana7493,Reina en el móvil que lo puse me dice formato no soportado 😏,2021-12-17T19:55:37Z,1,0,Red Móvil y Cobertura 5G,reina en el mo vil que lo puse me dice formato no soportado,reina vil puse dice formato soportado,Experiencia General de Marca,NEUTRO,0.6
UgxhrBcXAFRw1x-hQ1h4AaABAg,L0mPhRFp0lo,"Como registrarse en Mi Claro, abre una cuenta en mi claro y paga tus facturas, recarga saldo y más 😎",Claro RD,@andresitobeltran5518,Espero alguna respuesta,2021-12-17T14:27:16Z,0,0,Facturación y Tarifas,espero alguna respuesta,espero alguna respuesta,Experiencia General de Marca,NEUTRO,0.6
Ugxjs2Uh_duK0rXUIFt4AaABAg,L0mPhRFp0lo,"Como registrarse en Mi Claro, abre una cuenta en mi claro y paga tus facturas, recarga saldo y más 😎",Claro RD,@andresitobeltran5518,Hola buenos días una pregunta tengo un gran inconveniente quedó mal registrado mi correo electrónico y no me deja entrar a la página de claro que puedo hacer gracias,2021-12-17T14:26:54Z,2,2,Facturación y Tarifas,hola buenos di as una pregunta tengo un gran inconveniente quedo mal registrado mi correo electro nico y no me deja entrar a la pa gina de claro que puedo hacer gracias,pregunta gran inconveniente quedo mal registrado correo electro nico deja entrar gina puedo hacer gracias,Experiencia General de Marca,POSITIVO,0.85
UgzDWZU3TvYQuRD6YBl4AaABAg,L0mPhRFp0lo,"Como registrarse en Mi Claro, abre una cuenta en mi claro y paga tus facturas, recarga saldo y más 😎",Claro RD,@con.vara.o.sin.vara7,DENUNCIES ESA APLICACION NO SIRVE PARA NADA. A VECES SE PUEDE ABRIR OTRAS NO. HACE PERDER TU TIEMPO.,2021-12-07T22:23:56Z,0,0,Facturación y Tarifas,denuncies esa aplicacion no sirve para nada a veces se puede abrir otras no hace perder tu tiempo,denuncies aplicacion sirve veces puede abrir hace perder tiempo,Experiencia General de Marca,NEUTRO,0.6
UgwaNFdWkiVkLELLDYR4AaABAg,L0mPhRFp0lo,"Como registrarse en Mi Claro, abre una cuenta en mi claro y paga tus facturas, recarga saldo y más 😎",Claro RD,@astrymejias5551,Pero si ya cree mi cuenta como edito mis datos personales,2021-12-04T03:32:17Z,2,0,Red Móvil y Cobertura 5G,pero si ya cree mi cuenta como edito mis datos personales,cree cuenta edito datos personales,Red Móvil y Cobertura 5G,NEUTRO,0.6
Ugzp_omIPqJKW2iA7Zd4AaABAg,L0mPhRFp0lo,"Como registrarse en Mi Claro, abre una cuenta en mi claro y paga tus facturas, recarga saldo y más 😎",Claro RD,@michelrivas3953,Se puede recargar otro celular con el saldo del celular ?,2021-11-08T14:46:59Z,0,1,Facturación y Tarifas,se puede recargar otro celular con el saldo del celular,puede recargar celular saldo celular,Facturación y Tarifas,NEUTRO,0.6
UgwuS22sMfAS4T_9tqx4AaABAg,j4yz4sOJbyQ,COMO CONFIGURAR EL APN CLARO  REPUBLICA DOMINICANA 2021,Claro RD,@SpanishOverTea,"El Internet me funciona, pero no me llegan SMS de verificación. Cómo puedo solucionarlo?",2021-11-07T19:37:35Z,1,3,Fibra Óptica e Internet Hogar,el internet me funciona pero no me llegan sms de verificacio n co mo puedo solucionarlo,internet funciona llegan sms verificacio puedo solucionarlo,Fibra Óptica e Internet Hogar,NEUTRO,0.6
Ugz2y01cx0166tB9GEx4AaABAg,UOa45Reidps,Lanzamiento 5G | Altice Dominicana,Claro RD,@desdecero2076,"Si nos cobran un riñón con 4G imagínate con 5G. Total, nunca ofrecen la velocidad mínima del 4G y menos la exorbitante velocidad del 5G. Ya que vivimos en un País dónde no hay leyes para esto... Lamentablemente.",2021-11-05T13:19:45Z,5,0,Red Móvil y Cobertura 5G,si nos cobran un rin o n con g imagi nate con g total nunca ofrecen la velocidad mi nima del g y menos la exorbitante velocidad del g ya que vivimos en un pai s do nde no hay leyes para esto lamentablemente,cobran rin imagi nate total nunca ofrecen velocidad nima menos exorbitante velocidad vivimos pai nde leyes lamentablemente,Red Móvil y Cobertura 5G,NEUTRO,0.6
Ugwhkx8nEz1jPFBeMdp4AaABAg,UOa45Reidps,Lanzamiento 5G | Altice Dominicana,Claro RD,@pplusplay1496,👍👍,2021-11-05T13:13:05Z,2,0,Red Móvil y Cobertura 5G,,,Experiencia General de Marca,NEUTRO,0.5
UgyqF3H4jFja1pRXO9F4AaABAg,UOa45Reidps,Lanzamiento 5G | Altice Dominicana,Claro RD,@speedtouchtech,Pónganse para eso,2021-11-05T13:12:01Z,2,0,Red Móvil y Cobertura 5G,po nganse para eso,nganse,Experiencia General de Marca,NEUTRO,0.6
UgzfdX0KlObkoVOLMO14AaABAg,L0mPhRFp0lo,"Como registrarse en Mi Claro, abre una cuenta en mi claro y paga tus facturas, recarga saldo y más 😎",Claro RD,@carlosbravo2396,Como elimino mi cuenta?,2021-11-05T02:30:49Z,0,0,Facturación y Tarifas,como elimino mi cuenta,elimino cuenta,Experiencia General de Marca,NEUTRO,0.6
UgzG1KKN7cC9N3HSyDB4AaABAg,L0mPhRFp0lo,"Como registrarse en Mi Claro, abre una cuenta en mi claro y paga tus facturas, recarga saldo y más 😎",Claro RD,@silver.zc1,una vez activo se pueden hacer compras en play store?,2021-10-20T08:29:05Z,0,1,Facturación y Tarifas,una vez activo se pueden hacer compras en play store,vez activo pueden hacer compras play store,Experiencia General de Marca,NEUTRO,0.6
UgxmzPKbGhwHxqrZ40p4AaABAg,j4yz4sOJbyQ,COMO CONFIGURAR EL APN CLARO  REPUBLICA DOMINICANA 2021,Claro RD,@daysifeliz3611,Muy bien,2021-10-06T23:27:15Z,1,1,Red Móvil y Cobertura 5G,muy bien,bien,Experiencia General de Marca,NEUTRO,0.6
Ugy3eZzJhhWdWcxVPcp4AaABAg,L0mPhRFp0lo,"Como registrarse en Mi Claro, abre una cuenta en mi claro y paga tus facturas, recarga saldo y más 😎",Claro RD,@crisjhota7275,Me registre en Claro video pero no puedo ver ningún video porque no estoy vinculado Q HAGO,2021-10-04T12:06:59Z,0,0,Facturación y Tarifas,me registre en claro video pero no puedo ver ningu n video porque no estoy vinculado q hago,registre puedo ver ningu vinculado hago,Experiencia General de Marca,NEUTRO,0.6
UgygDQEsWuNl-vXbgDZ4AaABAg,wpSBLTr1UFI,¿Cómo ATENDER QUEJAS y RECLAMOS de los CLIENTES?,Claro RD,@dgcynthiamtz,"Muy interesante, ¡muchas gracias porque he aprendido algo nuevo! Sólo una duda, si 5 meses después de que se aprobó el trabajo (de diseño) aparece el director de la empresa a reclamar por lo que se realizo con todo y que tengo la aprobación que de la persona que asignó y quiere cambiar cosas como si fuera el mismo proceso  ¿Qué manejo se le da? Considerando que es un cliente de tipo dominante y neurótico (esta sería la segunda vez que se queja).  Ojalá leas mi mensaje y gracias.",2021-09-22T20:16:01Z,0,2,Atención al Cliente y Soporte,muy interesante muchas gracias porque he aprendido algo nuevo so lo una duda si meses despue s de que se aprobo el trabajo de disen o aparece el director de la empresa a reclamar por lo que se realizo con todo y que tengo la aprobacio n que de la persona que asigno y quiere cambiar cosas como si fuera el mismo proceso que manejo se le da considerando que es un cliente de tipo dominante y neuro tico esta seri a la segunda vez que se queja ojala leas mi mensaje y gracias,interesante muchas gracias aprendido nuevo duda meses despue aprobo trabajo disen aparece director empresa reclamar realizo aprobacio persona asigno quiere cambiar cosas mismo proceso manejo considerando cliente tipo dominante neuro tico seri segunda vez queja ojala leas mensaje gracias,Experiencia General de Marca,NEGATIVO,0.85
UgyNRtqsOiJp7fse2uR4AaABAg,L0mPhRFp0lo,"Como registrarse en Mi Claro, abre una cuenta en mi claro y paga tus facturas, recarga saldo y más 😎",Claro RD,@musicjm9709,Bro a mí no me sale así como a ti que tengo que hacer lo e intentado varias veces y nada!,2021-09-12T01:23:25Z,1,0,Facturación y Tarifas,bro a mi no me sale asi como a ti que tengo que hacer lo e intentado varias veces y nada,bro sale asi hacer intentado varias veces,Experiencia General de Marca,NEUTRO,0.6
UgxKwmR2zk6rPM62foF4AaABAg,L0mPhRFp0lo,"Como registrarse en Mi Claro, abre una cuenta en mi claro y paga tus facturas, recarga saldo y más 😎",Claro RD,@elgatorgbv3610,quiero registrarme pero no me llega ni un correp trm :v,2021-09-08T15:19:39Z,1,0,Facturación y Tarifas,quiero registrarme pero no me llega ni un correp trm v,quiero registrarme llega correp trm,Experiencia General de Marca,NEUTRO,0.6
Ugz2iHkB0cdIJSDKPJV4AaABAg,L0mPhRFp0lo,"Como registrarse en Mi Claro, abre una cuenta en mi claro y paga tus facturas, recarga saldo y más 😎",Claro RD,@abyssaltamer,Alguien me ayuda con la cedula?,2021-08-29T03:18:45Z,0,0,Facturación y Tarifas,alguien me ayuda con la cedula,alguien ayuda cedula,Experiencia General de Marca,NEUTRO,0.6
UgzZZFHkchMz054sJZR4AaABAg,wpSBLTr1UFI,¿Cómo ATENDER QUEJAS y RECLAMOS de los CLIENTES?,Claro RD,@mandrakeghost9712,"Y como evitan que la genta se haga encajosa y que encuentre falla inexistentes por las compesaciones mencionadas
y he visto me han tocado clientes que salen ""a mi no me regales nada""",2021-08-28T03:53:26Z,0,1,Atención al Cliente y Soporte,y como evitan que la genta se haga encajosa y que encuentre falla inexistentes por las compesaciones mencionadas y he visto me han tocado clientes que salen a mi no me regales nada,evitan genta haga encajosa encuentre falla inexistentes compesaciones mencionadas visto tocado clientes salen regales,Experiencia General de Marca,NEGATIVO,0.75
UgzCahakLHrfv-FWL8h4AaABAg,L0mPhRFp0lo,"Como registrarse en Mi Claro, abre una cuenta en mi claro y paga tus facturas, recarga saldo y más 😎",Claro RD,@ideasgeniales5876,Esto es para argentina? Se puede pagar el wifi desde aca?,2021-07-23T23:31:03Z,2,0,Fibra Óptica e Internet Hogar,esto es para argentina se puede pagar el wifi desde aca,argentina puede pagar wifi aca,Fibra Óptica e Internet Hogar,NEUTRO,0.6
UgxdSIWRffDTk9-cJb14AaABAg,EkLg289O9Ho,Configurar APN 3G/4G Claro Republica Dominicana - 2021,Claro RD,@kevinprmlml6263,Ese apn acelera la velocidad?,2021-07-20T00:46:20Z,1,0,Red Móvil y Cobertura 5G,ese apn acelera la velocidad,apn acelera velocidad,Experiencia General de Marca,NEUTRO,0.6
UgwY9pK2Et1uerKjYQ54AaABAg,L0mPhRFp0lo,"Como registrarse en Mi Claro, abre una cuenta en mi claro y paga tus facturas, recarga saldo y más 😎",Claro RD,@ShoxZnOficial,Se puede siendo menor de edad?,2021-07-19T06:00:32Z,5,2,Facturación y Tarifas,se puede siendo menor de edad,puede menor edad,Experiencia General de Marca,NEUTRO,0.6
UgxPTyqnYZoEd0JNg1J4AaABAg,EkLg289O9Ho,Configurar APN 3G/4G Claro Republica Dominicana - 2021,Claro RD,@mariorivas5187,Ola para el apn para claro panamá,2021-07-18T00:40:40Z,1,2,Red Móvil y Cobertura 5G,ola para el apn para claro panama,ola apn panama,Experiencia General de Marca,NEUTRO,0.6
Ugx7Mkj6KJEfaWISNUx4AaABAg,L0mPhRFp0lo,"Como registrarse en Mi Claro, abre una cuenta en mi claro y paga tus facturas, recarga saldo y más 😎",Claro RD,@alejandrogurrialeonardoart7065,Una pregunta   en México  hay claro?,2021-07-15T03:17:27Z,0,0,Facturación y Tarifas,una pregunta en me xico hay claro,pregunta xico,Experiencia General de Marca,NEUTRO,0.6
UgzWMYm4ZU5wjhwlczR4AaABAg,L0mPhRFp0lo,"Como registrarse en Mi Claro, abre una cuenta en mi claro y paga tus facturas, recarga saldo y más 😎",Claro RD,@ramirosuarez3431,Por qué no me deja? sale correo usado frecuentemente,2021-07-01T16:13:47Z,2,0,Facturación y Tarifas,por que no me deja sale correo usado frecuentemente,deja sale correo usado frecuentemente,Experiencia General de Marca,NEUTRO,0.6
UgxIHFDk77jhB4c0mbJ4AaABAg,L0mPhRFp0lo,"Como registrarse en Mi Claro, abre una cuenta en mi claro y paga tus facturas, recarga saldo y más 😎",Claro RD,@elportilla3961,Como desbinculo ya no quiero estar registrado,2021-06-23T17:03:19Z,1,0,Facturación y Tarifas,como desbinculo ya no quiero estar registrado,desbinculo quiero registrado,Experiencia General de Marca,NEUTRO,0.6
UgyHRNwRqxqFW8RYwJl4AaABAg,L0mPhRFp0lo,"Como registrarse en Mi Claro, abre una cuenta en mi claro y paga tus facturas, recarga saldo y más 😎",Claro RD,@jacquelinegaldamez3404,"Una pregunta, hice un registro equivoqué un número, como puedo eliminar mi registro?",2021-06-15T08:35:54Z,0,1,Facturación y Tarifas,una pregunta hice un registro equivoque un nu mero como puedo eliminar mi registro,pregunta hice registro equivoque mero puedo eliminar registro,Experiencia General de Marca,NEUTRO,0.6
UgwjWsiQZ8wWNsEsJlx4AaABAg,j4yz4sOJbyQ,COMO CONFIGURAR EL APN CLARO  REPUBLICA DOMINICANA 2021,Claro RD,@tempk3459,"Activo bro,... Sabes cómo, que es y para que el roaming?",2021-06-11T14:17:58Z,1,3,Red Móvil y Cobertura 5G,activo bro sabes co mo que es y para que el roaming,activo bro sabes roaming,Red Móvil y Cobertura 5G,NEUTRO,0.6
UgxtFlF5DKi6StqCLN54AaABAg,L0mPhRFp0lo,"Como registrarse en Mi Claro, abre una cuenta en mi claro y paga tus facturas, recarga saldo y más 😎",Claro RD,@y4408,yo la abri y tengo q activar router y no se,2021-06-01T16:32:56Z,0,0,Fibra Óptica e Internet Hogar,yo la abri y tengo q activar router y no se,abri activar router,Fibra Óptica e Internet Hogar,NEUTRO,0.6
Ugzq2Ds-rXGQtCPSskp4AaABAg,niYeqdxGxy4,Claro RD Prueba de velocidad plan 10mbps fibra optica,Claro RD,@GamerCat41968,Y yo quejándome de tener 200 megas de bajada y 100 de subida 😅,2021-05-30T19:58:05Z,0,1,Fibra Óptica e Internet Hogar,y yo queja ndome de tener megas de bajada y de subida,queja ndome tener megas bajada subida,Fibra Óptica e Internet Hogar,NEGATIVO,0.75
UgyZfwNBxZLMHPcXY-54AaABAg,L0mPhRFp0lo,"Como registrarse en Mi Claro, abre una cuenta en mi claro y paga tus facturas, recarga saldo y más 😎",Claro RD,@normal638,Wey mi sin card no le llegan los mensajes ni recarga ayudaaa,2021-05-30T19:22:31Z,0,0,Facturación y Tarifas,wey mi sin card no le llegan los mensajes ni recarga ayudaaa,wey card llegan mensajes recarga ayudaaa,Facturación y Tarifas,NEUTRO,0.6
UgxahpONXK1hIty7eJN4AaABAg,L0mPhRFp0lo,"Como registrarse en Mi Claro, abre una cuenta en mi claro y paga tus facturas, recarga saldo y más 😎",Claro RD,@Julian_1_,Oye me puedes decir como registrarme si no tengo sedula,2021-05-09T21:39:53Z,1,1,Facturación y Tarifas,oye me puedes decir como registrarme si no tengo sedula,oye puedes decir registrarme sedula,Experiencia General de Marca,NEUTRO,0.6
UgxQs-NfPRClUg6Q7Bx4AaABAg,L0mPhRFp0lo,"Como registrarse en Mi Claro, abre una cuenta en mi claro y paga tus facturas, recarga saldo y más 😎",Claro RD,@emanuellobo1087,Vos sabes cómo puedo registrarme en claro cloud 🤔,2021-05-08T22:09:59Z,1,0,Facturación y Tarifas,vos sabes co mo puedo registrarme en claro cloud,vos sabes puedo registrarme cloud,Experiencia General de Marca,NEUTRO,0.6
UgxbJG2Y2q1NiQ67TwR4AaABAg,L0mPhRFp0lo,"Como registrarse en Mi Claro, abre una cuenta en mi claro y paga tus facturas, recarga saldo y más 😎",Claro RD,@luiszr12Gh,Bro para menores no se puede?,2021-05-06T07:20:00Z,3,1,Facturación y Tarifas,bro para menores no se puede,bro menores puede,Experiencia General de Marca,NEUTRO,0.6
UgyhOWNwyKBzYjuaysp4AaABAg,QjLuuKrVvjA,claro es una mierda llamada  a  claro mal servicio,Claro RD,@sebas.v653,Claro es muy mal servicio recargue 4000 pesos colombianos y no me los dieron un pésimo servicio   >:(,2021-05-05T23:56:43Z,1,0,Atención al Cliente y Soporte,claro es muy mal servicio recargue pesos colombianos y no me los dieron un pe simo servicio,mal servicio recargue pesos colombianos dieron simo servicio,Red Móvil y Cobertura 5G,NEUTRO,0.6
UgyU2BAKom2mRBT9czh4AaABAg,L0mPhRFp0lo,"Como registrarse en Mi Claro, abre una cuenta en mi claro y paga tus facturas, recarga saldo y más 😎",Claro RD,@naguixff5810,Una pregunta esto nos permite que al recargar saldo puedo hacer compras en juegos con la facturación de claro ?,2021-05-04T14:07:56Z,20,12,Facturación y Tarifas,una pregunta esto nos permite que al recargar saldo puedo hacer compras en juegos con la facturacio n de claro,pregunta permite recargar saldo puedo hacer compras juegos facturacio,Facturación y Tarifas,NEUTRO,0.6
UgwAQwt8i4SLyh2p7dB4AaABAg,D5qw3HFi8zg,La empresa con la tarifa de Internet más barata en República Dominicana,Claro RD,@danielsuriel,Sube otro video actualizado año 2021. Gracias,2021-05-03T17:07:49Z,1,0,Fibra Óptica e Internet Hogar,sube otro video actualizado an o gracias,sube actualizado gracias,Experiencia General de Marca,NEUTRO,0.6
UgxG4sJtesiUtclbYXR4AaABAg,L0mPhRFp0lo,"Como registrarse en Mi Claro, abre una cuenta en mi claro y paga tus facturas, recarga saldo y más 😎",Claro RD,@brayanfelipemontaneznumpaq1163,hey bro me saludas porfa,2021-04-30T23:28:35Z,0,0,Facturación y Tarifas,hey bro me saludas porfa,hey bro saludas porfa,Experiencia General de Marca,NEUTRO,0.6
UgwS3tN4CQTLbj-mVrB4AaABAg,L0mPhRFp0lo,"Como registrarse en Mi Claro, abre una cuenta en mi claro y paga tus facturas, recarga saldo y más 😎",Claro RD,@dixbrowndixchris.oficial1108,😎 cool,2021-04-30T01:35:09Z,1,0,Facturación y Tarifas,cool,cool,Experiencia General de Marca,NEUTRO,0.6
UgzznblLagJd3BVMJ2d4AaABAg,L0mPhRFp0lo,"Como registrarse en Mi Claro, abre una cuenta en mi claro y paga tus facturas, recarga saldo y más 😎",Claro RD,@LEONARDOAMAROGARCÍA,"Vamos allá, fuerte fuerte",2021-04-30T01:18:45Z,2,0,Facturación y Tarifas,vamos alla fuerte fuerte,vamos alla fuerte fuerte,Experiencia General de Marca,NEUTRO,0.6
UgwJgc9kG4BXpP-vdVR4AaABAg,L0mPhRFp0lo,"Como registrarse en Mi Claro, abre una cuenta en mi claro y paga tus facturas, recarga saldo y más 😎",Claro RD,@TheRonalddd,Ok,2021-04-30T00:54:27Z,1,0,Facturación y Tarifas,ok,,Experiencia General de Marca,NEUTRO,0.6
UgzmESEPowGV6TpQ0h54AaABAg,wpSBLTr1UFI,¿Cómo ATENDER QUEJAS y RECLAMOS de los CLIENTES?,Claro RD,@isbeilylopez4729,excelente😉,2021-03-22T21:59:26Z,1,1,Atención al Cliente y Soporte,excelente,excelente,Experiencia General de Marca,POSITIVO,0.75
UgywXtQUGSbDNpsCz-B4AaABAg,niYeqdxGxy4,Claro RD Prueba de velocidad plan 10mbps fibra optica,Claro RD,@geremias4551,Hola buenas cual me reconmendari para un internet fijo altice o claro,2021-01-15T03:45:06Z,3,5,Fibra Óptica e Internet Hogar,hola buenas cual me reconmendari para un internet fijo altice o claro,buenas reconmendari internet fijo altice,Fibra Óptica e Internet Hogar,NEUTRO,0.6
UgysWX0JZ1zUzV0zqBN4AaABAg,niYeqdxGxy4,Claro RD Prueba de velocidad plan 10mbps fibra optica,Claro RD,@pixxel_lab,"Ya pueden ir a ver cómo está instalado el servicio, el router y cómo mide la velocidad utilizando varios dispositivos 
https://youtu.be/V2-Ha3ZJ1jU",2021-01-07T06:38:17Z,1,0,Fibra Óptica e Internet Hogar,ya pueden ir a ver co mo esta instalado el servicio el router y co mo mide la velocidad utilizando varios dispositivos,pueden ver instalado servicio router mide velocidad utilizando varios dispositivos,Fibra Óptica e Internet Hogar,NEUTRO,0.6
UgwIKFUirKXTbRtESWJ4AaABAg,niYeqdxGxy4,Claro RD Prueba de velocidad plan 10mbps fibra optica,Claro RD,@consejosparahombresymujere4424,"Bro, a cuanto te descarga esos 10MBps? en serio te descarga 10 megas por segundos? o solo a 1 mega por segundo?",2021-01-03T17:59:59Z,1,1,Fibra Óptica e Internet Hogar,bro a cuanto te descarga esos mbps en serio te descarga megas por segundos o solo a mega por segundo,bro cuanto descarga mbps serio descarga megas segundos solo mega segundo,Fibra Óptica e Internet Hogar,NEUTRO,0.6
UgxmQtzGohQfPOE_UrR4AaABAg,gzn0M7Kzr-M,"Altice Dominicana - ¡Regálale a mamá un Xiaomi Redmi 7A con RD$2,500 de descuento!",Claro RD,@arisleydajimenezsanchez7947,GRANDIOSO CON  ALTICE  DOMICANA   JUNTOS  SIN  CORONAVIRUS,2020-12-22T19:41:02Z,0,0,Experiencia General de Marca,grandioso con altice domicana juntos sin coronavirus,grandioso altice domicana juntos coronavirus,Experiencia General de Marca,POSITIVO,0.75
Ugz2hw9CzZKL2VeqdNZ4AaABAg,niYeqdxGxy4,Claro RD Prueba de velocidad plan 10mbps fibra optica,Claro RD,@daimlerjuegos4622,Una pregunta sera que me funciona bien el de 10 mg de claro en una pequeña aldea?,2020-12-04T07:05:19Z,0,0,Fibra Óptica e Internet Hogar,una pregunta sera que me funciona bien el de mg de claro en una pequen a aldea,pregunta sera funciona bien pequen aldea,Experiencia General de Marca,NEUTRO,0.6
Ugw2yd3GAjQ5sGoCHQx4AaABAg,niYeqdxGxy4,Claro RD Prueba de velocidad plan 10mbps fibra optica,Claro RD,@Ghost_sniper_x,"El final, aquí en Bávaro punta cana la fibra óptica de claro👍",2020-11-16T12:28:25Z,1,7,Fibra Óptica e Internet Hogar,el final aqui en ba varo punta cana la fibra o ptica de claro,final aqui varo punta cana fibra ptica,Fibra Óptica e Internet Hogar,NEUTRO,0.6
Ugz3jw9JB50afsXl1Px4AaABAg,niYeqdxGxy4,Claro RD Prueba de velocidad plan 10mbps fibra optica,Claro RD,@CarlosGomez-ei2eg,"Estuve pensando contratar 100mbps subida y 50 de bajada, pero al ver tu video creo que ya no lo haré, porque 100mbps  en descargas es = 12 mbps aproximadamente y en subida 50mbps ni se diga. claro es una falsa.",2020-10-09T16:02:58Z,2,7,Fibra Óptica e Internet Hogar,estuve pensando contratar mbps subida y de bajada pero al ver tu video creo que ya no lo hare porque mbps en descargas es mbps aproximadamente y en subida mbps ni se diga claro es una falsa,pensando contratar mbps subida bajada ver creo hare mbps descargas mbps aproximadamente subida mbps diga falsa,Fibra Óptica e Internet Hogar,NEUTRO,0.6
UgzFcAEaWyka1Nz6u7d4AaABAg,niYeqdxGxy4,Claro RD Prueba de velocidad plan 10mbps fibra optica,Claro RD,@solervapershop1588,Hola qué sector eres higuey,2020-10-05T18:53:30Z,0,0,Fibra Óptica e Internet Hogar,hola que sector eres higuey,sector higuey,Experiencia General de Marca,NEUTRO,0.6
UgzKD-IWA_J9ZC2jIdx4AaABAg,niYeqdxGxy4,Claro RD Prueba de velocidad plan 10mbps fibra optica,Claro RD,@chicopow,"Como se comporta estos dias de pandemia? Sigue igual de rapido? Cuanto pagas actulmente si tirnes el mismo plan?, pienso  poner uno de 40mb estoy cansado del freeze y donwgrade de velocidad del altice movil...",2020-09-19T21:50:18Z,2,2,Fibra Óptica e Internet Hogar,como se comporta estos dias de pandemia sigue igual de rapido cuanto pagas actulmente si tirnes el mismo plan pienso poner uno de mb estoy cansado del freeze y donwgrade de velocidad del altice movil,comporta dias pandemia sigue igual rapido cuanto pagas actulmente tirnes mismo plan pienso poner cansado freeze donwgrade velocidad altice movil,Planes y Promociones,NEUTRO,0.6
Ugyi-47an_moAqqUxHx4AaABAg,niYeqdxGxy4,Claro RD Prueba de velocidad plan 10mbps fibra optica,Claro RD,@angeltorres8836,Acabo de ver ahora mismo en la página de claro el internet de 10mbs esta a 1045 ese tiene fibra optica?,2020-09-09T01:16:51Z,2,0,Fibra Óptica e Internet Hogar,acabo de ver ahora mismo en la pa gina de claro el internet de mbs esta a ese tiene fibra optica,acabo ver ahora mismo gina internet mbs fibra optica,Fibra Óptica e Internet Hogar,NEUTRO,0.6
UgzZF3l-ljnrruFnrTh4AaABAg,niYeqdxGxy4,Claro RD Prueba de velocidad plan 10mbps fibra optica,Claro RD,@frannydelacruz3724,HAZ UNA PRUEBA CON FREE FIRE Y DIME AH CUANTO TE VA EL KING PORFA,2020-09-05T17:03:07Z,0,1,Fibra Óptica e Internet Hogar,haz una prueba con free fire y dime ah cuanto te va el king porfa,haz prueba free fire dime cuanto king porfa,Experiencia General de Marca,NEUTRO,0.6
UgzbbmOTmBCUHbS7aW14AaABAg,QjLuuKrVvjA,claro es una mierda llamada  a  claro mal servicio,Claro RD,@stiven541ts,Hasta ahora sigue siendo un mal servicio,2020-08-30T23:17:14Z,1,0,Atención al Cliente y Soporte,hasta ahora sigue siendo un mal servicio,ahora sigue mal servicio,Atención al Cliente y Soporte,NEUTRO,0.6
Ugw-0QvC79O_L23gfnd4AaABAg,niYeqdxGxy4,Claro RD Prueba de velocidad plan 10mbps fibra optica,Claro RD,@yefripeguerosantana3988,Eso no es fibra optica,2020-08-19T20:46:36Z,1,0,Fibra Óptica e Internet Hogar,eso no es fibra optica,fibra optica,Fibra Óptica e Internet Hogar,NEUTRO,0.6
Ugxw4I9Uf2eSMdvrUSZ4AaABAg,niYeqdxGxy4,Claro RD Prueba de velocidad plan 10mbps fibra optica,Claro RD,@joelestrella1526,"Ufff la pena que lo más que ellos me permiten solo son 6 mega ya estoy loco en retiras su pésimo servicio de claro, un desperdicio de dinero para lo malo que es, ya que es muy inestable.",2020-07-02T02:29:21Z,2,5,Fibra Óptica e Internet Hogar,ufff la pena que lo ma s que ellos me permiten solo son mega ya estoy loco en retiras su pe simo servicio de claro un desperdicio de dinero para lo malo que es ya que es muy inestable,ufff pena permiten solo mega loco retiras simo servicio desperdicio dinero malo inestable,Red Móvil y Cobertura 5G,NEGATIVO,0.85
UgylqBvxRlK1J9Yw2jR4AaABAg,niYeqdxGxy4,Claro RD Prueba de velocidad plan 10mbps fibra optica,Claro RD,@JDeyvi12,"Broo son 10Mbps, no 10mb/s. 
10Mbps = 1 MB x Segundo.",2020-06-19T05:19:55Z,4,3,Fibra Óptica e Internet Hogar,broo son mbps no mb s mbps mb x segundo,broo mbps mbps segundo,Experiencia General de Marca,NEUTRO,0.6
UgxY_zq7LBlzjtOHZUd4AaABAg,niYeqdxGxy4,Claro RD Prueba de velocidad plan 10mbps fibra optica,Claro RD,@juliopeguero7897,10 mega en fibra es muy poco tu me habla de 100 MB estamos hablando,2020-06-08T03:30:11Z,3,4,Fibra Óptica e Internet Hogar,mega en fibra es muy poco tu me habla de mb estamos hablando,mega fibra habla hablando,Fibra Óptica e Internet Hogar,NEUTRO,0.6
UgwcyKfr9u5oACz0VzF4AaABAg,niYeqdxGxy4,Claro RD Prueba de velocidad plan 10mbps fibra optica,Claro RD,@manueltp2592,"Hey a cuantos mb por segundo descargas? Y cuánto pagas por ese servicio? Espero tu respuesta,saludos 🙂",2020-06-04T03:46:54Z,3,24,Fibra Óptica e Internet Hogar,hey a cuantos mb por segundo descargas y cua nto pagas por ese servicio espero tu respuesta saludos,hey cuantos segundo descargas cua nto pagas servicio espero respuesta saludos,Atención al Cliente y Soporte,NEUTRO,0.6
UgwAEhoRj8KJoVB-fL14AaABAg,niYeqdxGxy4,Claro RD Prueba de velocidad plan 10mbps fibra optica,Claro RD,@Usuario23-w2o,Hola que tuviste que pagar para que te la pongan ?,2020-06-03T15:35:44Z,3,14,Fibra Óptica e Internet Hogar,hola que tuviste que pagar para que te la pongan,pagar pongan,Experiencia General de Marca,NEUTRO,0.6
UgxKU6NV7OF6QHrRmFJ4AaABAg,gzn0M7Kzr-M,"Altice Dominicana - ¡Regálale a mamá un Xiaomi Redmi 7A con RD$2,500 de descuento!",Claro RD,@daniamichellencarncionrami3051,El anuncio mas bello del mundo😍,2020-05-30T00:36:03Z,1,0,Experiencia General de Marca,el anuncio mas bello del mundo,anuncio mas bello mundo,Experiencia General de Marca,NEUTRO,0.6
Ugw9KZx6ku_aWJZHj0l4AaABAg,niYeqdxGxy4,Claro RD Prueba de velocidad plan 10mbps fibra optica,Claro RD,@KLIMIXRD,"bueno es lo que hay yo quería 20 tengo una rtx 2070 y ni bien al competitivo e podido jugar espero tener un pin decente con esta vaina, una pregunta.... no hacen una instalación de otra cajeta adicional para recibir la información en luz antes de llegar al router??????  o es solo la caja que te ponen???? por que si no es así eso no es fibra si te meten la caja así sola",2020-05-27T01:46:06Z,4,7,Fibra Óptica e Internet Hogar,bueno es lo que hay yo queri a tengo una rtx y ni bien al competitivo e podido jugar espero tener un pin decente con esta vaina una pregunta no hacen una instalacio n de otra cajeta adicional para recibir la informacio n en luz antes de llegar al router o es solo la caja que te ponen por que si no es asi eso no es fibra si te meten la caja asi sola,bueno queri rtx bien competitivo podido jugar espero tener pin decente vaina pregunta hacen instalacio cajeta adicional recibir informacio luz llegar router solo caja ponen asi fibra meten caja asi sola,Fibra Óptica e Internet Hogar,POSITIVO,0.75
Ugy1UeUkwD17WAnmI4V4AaABAg,gzn0M7Kzr-M,"Altice Dominicana - ¡Regálale a mamá un Xiaomi Redmi 7A con RD$2,500 de descuento!",Claro RD,@yhmodzmodz104,Ustedes lo que deberían arreglar esa señal de esa compañía que ese internet del diablo tiene pal de día lentisimo,2020-05-24T15:17:30Z,1,0,Fibra Óptica e Internet Hogar,ustedes lo que deberi an arreglar esa sen al de esa compan i a que ese internet del diablo tiene pal de di a lentisimo,ustedes deberi arreglar sen compan internet diablo pal lentisimo,Fibra Óptica e Internet Hogar,NEUTRO,0.6
UgytKRcyIY95C-ATEjh4AaABAg,niYeqdxGxy4,Claro RD Prueba de velocidad plan 10mbps fibra optica,Claro RD,@federicoascolani6457,"10 mb por fibra óptica es un desperdicio de la tecnología ,  mínimo 50 te tendrían que dar y aún es poco.",2020-05-10T22:59:14Z,2,2,Fibra Óptica e Internet Hogar,mb por fibra o ptica es un desperdicio de la tecnologi a mi nimo te tendri an que dar y au n es poco,fibra ptica desperdicio tecnologi nimo tendri dar,Fibra Óptica e Internet Hogar,NEUTRO,0.6
Ugx2yVymOUgT4ulabSR4AaABAg,niYeqdxGxy4,Claro RD Prueba de velocidad plan 10mbps fibra optica,Claro RD,@sebassCode,Gracias,2020-05-10T15:08:43Z,2,0,Fibra Óptica e Internet Hogar,gracias,gracias,Experiencia General de Marca,NEUTRO,0.6
Ugz1PjL37vAW6dPJ7Dl4AaABAg,EFrP8t9euPY,Claro Queja maltrato de la supervisora.,Claro RD,@enzo6320,Tienes que saber el número del móvil aunque sea,2018-09-18T22:50:51Z,1,0,Atención al Cliente y Soporte,tienes que saber el nu mero del mo vil aunque sea,saber mero vil aunque,Experiencia General de Marca,NEUTRO,0.6
UgxRA-Y-0XOo0QnD1YN4AaABAg,EFrP8t9euPY,Claro Queja maltrato de la supervisora.,Claro RD,@enzo6320,A la próxima si vas a hacer una queja no utilices ese tono de voz todo sumiso! Habla fuerte! Para q te hagas escuchar!,2018-09-18T22:47:45Z,1,0,Atención al Cliente y Soporte,a la pro xima si vas a hacer una queja no utilices ese tono de voz todo sumiso habla fuerte para q te hagas escuchar,pro xima vas hacer queja utilices tono voz sumiso habla fuerte hagas escuchar,Experiencia General de Marca,NEGATIVO,0.75
UgyJ93lJVIAdbhYEQWR4AaABAg,EFrP8t9euPY,Claro Queja maltrato de la supervisora.,Claro RD,@enzo6320,Claro es una estafa!!,2018-09-18T22:46:22Z,1,0,Atención al Cliente y Soporte,claro es una estafa,estafa,Experiencia General de Marca,NEGATIVO,0.75
UgyYJo3N2XyjytK-5vl4AaABAg,EFrP8t9euPY,Claro Queja maltrato de la supervisora.,Claro RD,@kristhianjonathancm5674,Que queja. De una vez reclamo. Por eso no le doy like. Si nunca vas reclamar nunca te haran caso,2018-09-07T03:30:57Z,1,0,Atención al Cliente y Soporte,que queja de una vez reclamo por eso no le doy like si nunca vas reclamar nunca te haran caso,queja vez reclamo doy like nunca vas reclamar nunca haran caso,Experiencia General de Marca,NEGATIVO,0.75
Ugx-hlClExs0fx8juXB4AaABAg,D5qw3HFi8zg,La empresa con la tarifa de Internet más barata en República Dominicana,Claro RD,@Stevengonzaleztineo799,Sí pero hay que ver la velocidad de mega si vale la pena por qué la compañía de internet de esta país es una porquería por qué te vende un producto y no lo cumple se lo roban.,2018-05-23T03:44:44Z,0,0,Fibra Óptica e Internet Hogar,si pero hay que ver la velocidad de mega si vale la pena por que la compan i a de internet de esta pai s es una porqueri a por que te vende un producto y no lo cumple se lo roban,ver velocidad mega vale pena compan internet pai porqueri vende producto cumple roban,Fibra Óptica e Internet Hogar,NEUTRO,0.6
UgyEDHdD3KwDbEXvC9l4AaABAg,EFrP8t9euPY,Claro Queja maltrato de la supervisora.,Claro RD,@tessysanchez4691,"jajajaja facil y este tipo era un ingreso nuevo de call center que le dan su capa de reclamos y se cree vivaso!!! que monse ! tu reclamo es super infundado, encima nisiquiera sabes el procedimiento correcto, le dices al asesor ""quiero poner una queja""  cuando queja no es lo mismo que reclamo, de verdad que ocioso para ir a perder el tiempo asi. Te la quisiste pegar de tramitador para tener tu descuento y quedaste en ridiculo.",2018-02-28T03:48:51Z,0,0,Atención al Cliente y Soporte,risa facil y este tipo era un ingreso nuevo de call center que le dan su capa de reclamos y se cree vivaso que monse tu reclamo es super infundado encima nisiquiera sabes el procedimiento correcto le dices al asesor quiero poner una queja cuando queja no es lo mismo que reclamo de verdad que ocioso para ir a perder el tiempo asi te la quisiste pegar de tramitador para tener tu descuento y quedaste en ridiculo,risa facil tipo ingreso nuevo call center dan capa reclamos cree vivaso monse reclamo super infundado encima nisiquiera sabes procedimiento correcto dices asesor quiero poner queja queja mismo reclamo verdad ocioso perder tiempo asi quisiste pegar tramitador tener descuento quedaste ridiculo,Atención al Cliente y Soporte,NEUTRO,0.6
UgwB7wKo2oYoXbQWTPN4AaABAg,D5qw3HFi8zg,La empresa con la tarifa de Internet más barata en República Dominicana,Claro RD,@danieleljefe7287,que caro un mega que solo sirve pa chatear en whassap casi 1000 pesos que lokos yo necesito al menos 10 megas,2018-02-12T16:40:09Z,1,0,Fibra Óptica e Internet Hogar,que caro un mega que solo sirve pa chatear en whassap casi pesos que lokos yo necesito al menos megas,caro mega solo sirve chatear whassap casi pesos lokos necesito menos megas,Fibra Óptica e Internet Hogar,NEGATIVO,0.75
UgwyDS4xNGi1EDLRyRZ4AaABAg,EFrP8t9euPY,Claro Queja maltrato de la supervisora.,Claro RD,@beatrizsoyadventistadelsed385,Yo fui a claro a Candelaria el plan imedigeron q si al cien quería q darse con emblema sino llamada para candelario loise y me fui del país  confiada q abia qdado canse lado esplan   demore 19 Días cuando polvo yameboy a claro me dijeron q  estaba canse lado des pues me yego un recibo yameboy apreguntar por q sino está utilizando el servicio mediera la solpresa q no estaba canse lado q tenía q pagar así no lo uniera utilizado aora llama Ami hermano y ledise q está por abogado osea q están asiendo surrobo Laval q Tris te con la custodia de este pais,2018-01-16T14:41:20Z,0,0,Atención al Cliente y Soporte,yo fui a claro a candelaria el plan imedigeron q si al cien queri a q darse con emblema sino llamada para candelario loise y me fui del pai s confiada q abia qdado canse lado esplan demore di as cuando polvo yameboy a claro me dijeron q estaba canse lado des pues me yego un recibo yameboy apreguntar por q sino esta utilizando el servicio mediera la solpresa q no estaba canse lado q teni a q pagar asi no lo uniera utilizado aora llama ami hermano y ledise q esta por abogado osea q esta n asiendo surrobo laval q tris te con la custodia de este pais,candelaria plan imedigeron cien queri darse emblema sino llamada candelario loise pai confiada abia qdado canse lado esplan demore polvo yameboy dijeron canse lado des pues yego recibo yameboy apreguntar sino utilizando servicio mediera solpresa canse lado teni pagar asi uniera utilizado aora llama ami hermano ledise abogado osea asiendo surrobo laval tris custodia pais,Atención al Cliente y Soporte,NEGATIVO,0.75
Ugz0EfYYKNQ0_dkZLM14AaABAg,EFrP8t9euPY,Claro Queja maltrato de la supervisora.,Claro RD,@dharo.gabriel,La  .mayoría de clientes son unos animales al reclamar.,2017-10-16T19:46:09Z,0,0,Atención al Cliente y Soporte,la mayori a de clientes son unos animales al reclamar,mayori clientes animales reclamar,Experiencia General de Marca,NEUTRO,0.6
Ugi_H9263HJ_83gCoAEC,EFrP8t9euPY,Claro Queja maltrato de la supervisora.,Claro RD,@89henrry,no le explicaron en el contrato cuando fue a trabajar wtf,2017-07-17T22:24:53Z,0,0,Atención al Cliente y Soporte,no le explicaron en el contrato cuando fue a trabajar wtf,explicaron contrato trabajar wtf,Facturación y Tarifas,NEGATIVO,0.75
UgjgT392ydYr9HgCoAEC,EFrP8t9euPY,Claro Queja maltrato de la supervisora.,Claro RD,@edgacacito,"No te explicaron del prorrateo del primer mes, pasaron otros meses y recien reclamas? Porq no reclamaste cuando pagaste el primer recibo? Tu reclamo no tiene fundamento, el titulo debe ser ""Quise reclamar sin datos de mi servicio y me trollearon con justa razon""",2017-07-07T15:35:02Z,1,1,Red Móvil y Cobertura 5G,no te explicaron del prorrateo del primer mes pasaron otros meses y recien reclamas porq no reclamaste cuando pagaste el primer recibo tu reclamo no tiene fundamento el titulo debe ser quise reclamar sin datos de mi servicio y me trollearon con justa razon,explicaron prorrateo primer mes pasaron meses recien reclamas porq reclamaste pagaste primer recibo reclamo fundamento titulo debe ser quise reclamar datos servicio trollearon justa razon,Red Móvil y Cobertura 5G,NEGATIVO,0.75
UgjmbFioHkXIIngCoAEC,EFrP8t9euPY,Claro Queja maltrato de la supervisora.,Claro RD,@jesusfloresramirez6085,"como pretendes hacer un reclamo de una línea que no sabes, si puedes hacer un reclamo como usuario pero mínimo tienes que saber el número. El primer asesor que te atendió no debió darte ningún dato si no sabes ni el número que vas a reclamar.",2017-06-28T02:02:57Z,2,0,Atención al Cliente y Soporte,como pretendes hacer un reclamo de una li nea que no sabes si puedes hacer un reclamo como usuario pero mi nimo tienes que saber el nu mero el primer asesor que te atendio no debio darte ningu n dato si no sabes ni el nu mero que vas a reclamar,pretendes hacer reclamo nea sabes puedes hacer reclamo usuario nimo saber mero primer asesor atendio debio darte ningu dato sabes mero vas reclamar,Experiencia General de Marca,NEUTRO,0.6
Ugh4Wzsv2RbCS3gCoAEC,EFrP8t9euPY,Claro Queja maltrato de la supervisora.,Claro RD,@rikimax84,este video tiene mal el audio,2017-03-23T09:18:21Z,0,0,Atención al Cliente y Soporte,este video tiene mal el audio,mal audio,Experiencia General de Marca,NEUTRO,0.6
Ugg9faYwcJjZIngCoAEC,EFrP8t9euPY,Claro Queja maltrato de la supervisora.,Claro RD,@87juvenal,Eso se llama prorrateo ...pensando ps...!!!,2017-03-17T06:35:32Z,0,0,Atención al Cliente y Soporte,eso se llama prorrateo pensando ps,llama prorrateo pensando,Experiencia General de Marca,NEUTRO,0.6
Ugj5rDhzK4Dyx3gCoAEC,EFrP8t9euPY,Claro Queja maltrato de la supervisora.,Claro RD,@carloslino9860,lamentable la ignorancia de muchas personas,2017-03-05T16:04:37Z,2,0,Atención al Cliente y Soporte,lamentable la ignorancia de muchas personas,lamentable ignorancia muchas personas,Experiencia General de Marca,NEUTRO,0.6
UghYb6Az-nfcd3gCoAEC,EFrP8t9euPY,Claro Queja maltrato de la supervisora.,Claro RD,@TEFITS,"antes sacar un numero debes de ssber que son ciclos de facturacion y que solamente los datos se dan a titulares, no tiene fundamento tu reclamo",2017-03-04T03:18:54Z,2,0,Red Móvil y Cobertura 5G,antes sacar un numero debes de ssber que son ciclos de facturacion y que solamente los datos se dan a titulares no tiene fundamento tu reclamo,sacar numero debes ssber ciclos facturacion solamente datos dan titulares fundamento reclamo,Red Móvil y Cobertura 5G,NEUTRO,0.6
UghCAG2zXgO0_3gCoAEC,EFrP8t9euPY,Claro Queja maltrato de la supervisora.,Claro RD,@alejandrodelacruztito2499,"lo poco que entendí es que reclamas un pago extra en el primer mes, ya el segundo te vino los 89 normal. Eso que pagaste demás se llama prorateo y está en función al día que pagas hasta el inicio de facturación y lo hacen todas las compañías, en el mes próximo siguiente.",2016-04-03T14:03:33Z,7,2,Atención al Cliente y Soporte,lo poco que entendi es que reclamas un pago extra en el primer mes ya el segundo te vino los normal eso que pagaste dema s se llama prorateo y esta en funcio n al di a que pagas hasta el inicio de facturacio n y lo hacen todas las compan i as en el mes pro ximo siguiente,entendi reclamas pago extra primer mes segundo vino normal pagaste dema llama prorateo funcio pagas inicio facturacio hacen todas compan mes pro ximo siguiente,Facturación y Tarifas,NEUTRO,0.6
Ugikf_c86dCmSngCoAEC,D5qw3HFi8zg,La empresa con la tarifa de Internet más barata en República Dominicana,Claro RD,@refutador007,"hay formas de tener internet gratis, legal y sin robarselo al vecino...",2014-10-05T13:48:20Z,1,0,Fibra Óptica e Internet Hogar,hay formas de tener internet gratis legal y sin robarselo al vecino,formas tener internet gratis legal robarselo vecino,Fibra Óptica e Internet Hogar,NEUTRO,0.6
UgytlKePQisQlHAa28p4AaABAg,D5qw3HFi8zg,La empresa con la tarifa de Internet más barata en República Dominicana,Claro RD,@leogym15,auxilio ,2013-10-10T17:23:20Z,0,0,Fibra Óptica e Internet Hogar,auxilio,auxilio,Experiencia General de Marca,NEUTRO,0.6
UgwAxCdMJ5k9tUchiVx4AaABAg,D5qw3HFi8zg,La empresa con la tarifa de Internet más barata en República Dominicana,Claro RD,@jdvg,4:20,2013-10-10T06:15:35Z,0,0,Fibra Óptica e Internet Hogar,,,Experiencia General de Marca,NEUTRO,0.5
UgyuSlU-jX-4H5_Isvd4AaABAg,D5qw3HFi8zg,La empresa con la tarifa de Internet más barata en República Dominicana,Claro RD,@Estela_E-p5k,aquí todo el mundo hace lo que le viene en g...,2013-10-09T21:36:36Z,1,0,Fibra Óptica e Internet Hogar,aqui todo el mundo hace lo que le viene en g,aqui mundo hace viene,Experiencia General de Marca,NEUTRO,0.6
