comment_id,video_id,video_title,channel_title,author,comment_text,published_at,like_count,reply_count,service_category
Ugw0TB4CCxNZNmBk2BF4AaABAg,z5VRwDNAoJY,Claro RD - La Conexión que nos une,Claro RD,@esperanzaraposo9198,Pueden aser.esa publicidad más corta,2026-08-30T19:05:27Z,0,0,Experiencia General de Marca
UgzjchBHvjAc4chsB0N4AaABAg,tFedIElQiLs,0800 CLARO 🔴 Número de Teléfono de Atención al Cliente (2026),Claro RD,@donuba1945,Me obligan a poner recarga amenazándome con eliminar la línea soy Ubaldo Gutiérrez Cadena de tercera edad y discapacitado,2026-08-26T16:54:27Z,0,0,Facturación y Tarifas
Ugy5I6OSoXT4i6mfJjZ4AaABAg,tFedIElQiLs,0800 CLARO 🔴 Número de Teléfono de Atención al Cliente (2026),Claro RD,@JuniorDelgado-e2s,Mi numero,2026-08-24T21:44:26Z,0,0,Experiencia General de Marca
Ugw4Vsx_yophrsUf85N4AaABAg,LS31ag67aww,Claro RD - Pasos para activar Red 5G en tu equipo Android,Claro RD,@EddinVargas,"Es muy inestable se va y viene mucho, no recomiendo k ka usen aun",2026-08-23T15:12:53Z,0,0,Red Móvil y Cobertura 5G
UgxwiRawshLIY-NNTkJ4AaABAg,OwIQi9ngosg,La red 5G de Claro llega a más ciudades,Claro RD,@WilmerChoc-d8r9n,La señal LTE mas rapido,2026-08-21T21:59:38Z,0,0,Red Móvil y Cobertura 5G
UgzIQrPpISl3VlCr0fh4AaABAg,z5VRwDNAoJY,Claro RD - La Conexión que nos une,Claro RD,@RuthEstherRosadoGomez-l7f3g,😊,2026-08-21T14:03:44Z,3,0,Experiencia General de Marca
UgxBOnVqujA1ji43J4R4AaABAg,cXJfXbWC248,👉CON ESTE CODIGO EVITAS que CLARO te CONSUMA SALDO SIN PERMISO.,Claro RD,@EstibenSigal-r1c,Ese código es de yamar emergencia 😅,2026-08-21T12:53:19Z,0,0,Experiencia General de Marca
UgxFBO64-nspwuQRmyZ4AaABAg,z5VRwDNAoJY,Claro RD - La Conexión que nos une,Claro RD,@adrianourena3554,Buenas tardes espero que estés bien como representante de nuestra sierra y comunidad de Celestina y el proyecto de plan sierra la Celestina le solicitamos una antena y para pananao y todavía no tenemos respuesta merecemos un mejor servicio pero no lo tenemos unidos somos más ➕,2026-08-19T22:05:31Z,3,0,Atención al Cliente y Soporte
UgwlRB5LGS_qVzGl_SB4AaABAg,z5VRwDNAoJY,Claro RD - La Conexión que nos une,Claro RD,@jennycastillom4878,En el sector Jerusalénl ( los paredones) de santo Domingo este no tenemos internet de claro ni líneas telefónicas. Me mudé hace 5 años aquí ese tiempo tengo esperando para volver a tener internet de claro.,2026-08-18T23:34:14Z,2,1,Fibra Óptica e Internet Hogar
UgwxRnERKMPhj9GFOzd4AaABAg,z5VRwDNAoJY,Claro RD - La Conexión que nos une,Claro RD,@mayobanexvargas314,"Cuando pondrán fibra óptica para acá en El Nieto, Bajos de Haina?? Para así tener combo triple al tiempo",2026-08-18T21:48:54Z,1,1,Fibra Óptica e Internet Hogar
UgyQukzpAc2SPUYiKLV4AaABAg,z5VRwDNAoJY,Claro RD - La Conexión que nos une,Claro RD,@Rey_supremoMichael,En mata larga aqui es muy mala la señal mejorenla,2026-08-18T20:43:23Z,0,1,Experiencia General de Marca
UgxniIEd3LwhSmJUfTJ4AaABAg,z5VRwDNAoJY,Claro RD - La Conexión que nos une,Claro RD,@susanaabreu1486,Amenn,2026-08-18T20:28:48Z,1,1,Experiencia General de Marca
Ugw6nUzcs8Yev69Vl3R4AaABAg,z5VRwDNAoJY,Claro RD - La Conexión que nos une,Claro RD,@harolisnovas2914,"Tengo más de un año solicitando una fibra en casa, y por qué me está  un quilmetro del pueblo lo la ponen, y Neiva es más lejos y lo traen de allá.",2026-08-18T20:15:58Z,0,1,Fibra Óptica e Internet Hogar
UgxNwyc-cLKCuTLqLl14AaABAg,z5VRwDNAoJY,Claro RD - La Conexión que nos une,Claro RD,@RamonNuñez-z5y,Yo vivo en el ensanche espallaten santo Domingo oeste y no hay fibras óptica claros no as tirado alambre de la fibras óptica,2026-08-18T19:31:26Z,0,1,Fibra Óptica e Internet Hogar
Ugxu3fiZ7FnoE2rMTpB4AaABAg,lAvgw83L_dw,Claro RD - Activa la Red 5G en tu iPhone,Claro RD,@Mickeyjunior16,Si la sim card no tiene 5G para que activarlos ? Para gastar batería en searching todo el tiempo 😑,2026-08-18T19:01:17Z,0,0,Red Móvil y Cobertura 5G
UgwMO31yAaJOQWp8DQN4AaABAg,z5VRwDNAoJY,Claro RD - La Conexión que nos une,Claro RD,@free8615,Claro RD La mejor compañía ❤🎉🎉🎉yo no cambio de ninguna compañía,2026-08-18T18:47:28Z,4,1,Experiencia General de Marca
UgwHflf93WZdK71pJZZ4AaABAg,z5VRwDNAoJY,Claro RD - La Conexión que nos une,Claro RD,@guillermofigueroa7360,Necesitamos más covertura celular en la Cordillera central montañas de padres las casas en el camino a constanza,2026-08-18T18:41:05Z,3,1,Planes y Promociones
Ugxx-nfyszUe49qbyrJ4AaABAg,z5VRwDNAoJY,Claro RD - La Conexión que nos une,Claro RD,@luisalfredoreyes1935,"Conmigo....no han cumplido.  Mientras tanto, seguiré pensando que es solo publicidad engañosa...😢",2026-08-18T17:07:45Z,0,0,Experiencia General de Marca
UgwEAuT53Xl5cTitCm14AaABAg,z5VRwDNAoJY,Claro RD - La Conexión que nos une,Claro RD,@juansilie7601,"Yo definitivamente estoy totalmente de acuerdo de que CLARO es la compañía telefónica de mis y mejor cobertura, la más eficiente!",2026-08-18T16:40:04Z,1,1,Red Móvil y Cobertura 5G
UgwthRjhxADqitrdMfp4AaABAg,z5VRwDNAoJY,Claro RD - La Conexión que nos une,Claro RD,@Genesis-0102,"Pongan antena aquí , en mi sector , soy de burende la
Vega , en un sector quele dicen guaco los Garcia",2026-08-18T16:16:46Z,1,1,Experiencia General de Marca
Ugy3y1p4smQ-hAprkKR4AaABAg,z5VRwDNAoJY,Claro RD - La Conexión que nos une,Claro RD,@Genesis-0102,"Buenas tarde excelente conpañia, una de la mejores  sin duda, estoy en esta compañía uffff desde hace mucho años, hasta hoy nome
A fallado en nada , espero que sigan así bendiciones para todos",2026-08-18T16:14:43Z,1,1,Experiencia General de Marca
UgwPAmr8QHAj3DMv7pt4AaABAg,z5VRwDNAoJY,Claro RD - La Conexión que nos une,Claro RD,@NeidoCastillo-x9g,Bueno ojalá y cambie pero claro en mi pueblo lo tumbó altice un campo del cercado k ante era claro aora está oscuro,2026-08-18T15:54:52Z,11,0,Experiencia General de Marca
UgyxDtsWxPUI8BN8um94AaABAg,z5VRwDNAoJY,Claro RD - La Conexión que nos une,Claro RD,@josegarrido2051,jajaj digo lo mismo en higuey en mismo algunos barrio lo vecino tienen que escuchar lo que uno habla pero ellos no van arreglar eso porque como  venden el internet fijo no le combine,2026-08-18T15:28:37Z,4,0,Fibra Óptica e Internet Hogar
Ugw726UR1mgVl0HO9wx4AaABAg,z5VRwDNAoJY,Claro RD - La Conexión que nos une,Claro RD,@Jo-kv2ho,"Pero no tienen fibra óptica en manoguayabo, hato nuevo, caballo a y muchos lugares de SD Oeste.",2026-08-18T15:24:24Z,1,2,Fibra Óptica e Internet Hogar
UgzksMaBVxZsm-iLHUR4AaABAg,z5VRwDNAoJY,Claro RD - La Conexión que nos une,Claro RD,@luiyialexanderborromeguerr6851,Pongan antenas en el barrio 24 abril San pedro de macoris  la señal es muy crítica adentro de la casa no hay señal,2026-08-18T15:01:41Z,0,1,Experiencia General de Marca
UgyYELLtdtuEjHoFwfJ4AaABAg,z5VRwDNAoJY,Claro RD - La Conexión que nos une,Claro RD,@katiuskatrinidadsanchezgar7760,La necesitamos por los estudiantes de la zona muchas gracias,2026-08-18T14:12:50Z,3,0,Experiencia General de Marca
UgyRJyDxfPugbGgqM394AaABAg,z5VRwDNAoJY,Claro RD - La Conexión que nos une,Claro RD,@FelixBeltranF,"Es una MENTIRA, vivo en un barrio de la capital y allá no llegan en fibra óptica, a estas fechas.",2026-08-18T14:12:24Z,8,2,Fibra Óptica e Internet Hogar
UgxwD4fww9fmythwSmh4AaABAg,z5VRwDNAoJY,Claro RD - La Conexión que nos une,Claro RD,@katiuskatrinidadsanchezgar7760,Me encanta el anuncio pero no hay fibra optica en el Invi CEA de Andres Boca Chica,2026-08-18T14:10:00Z,1,1,Fibra Óptica e Internet Hogar
UgyqAz116-kYBrtQ4kB4AaABAg,km5bSERHQuQ,cómo poner señal 5g en tu teléfono,Claro RD,@TobiVasquez-i9z,Mi celular samsung no trae esto como te sale a ti,2026-08-17T23:44:51Z,0,0,Red Móvil y Cobertura 5G
Ugx9Rg-HoCm7P2m7lal4AaABAg,LS31ag67aww,Claro RD - Pasos para activar Red 5G en tu equipo Android,Claro RD,@carlosolivares1,"Pues ya lo he probado antes y resulta que el 4G aunque supuestamente es más lento es más estable y rápido en la práctica. Pueden cambiar el nombre a Ultra 8G++, pero en la práctica es lo que funcione.",2026-08-17T22:50:59Z,1,2,Fibra Óptica e Internet Hogar
UgxFuLjCaUAhpYpg_Ah4AaABAg,LS31ag67aww,Claro RD - Pasos para activar Red 5G en tu equipo Android,Claro RD,@Orange1117,"Un asco y basura de recepción, el peor error fue dejar Altice por ustedes. Esperando a que se cumplan los 18 meses para salir de ustedes.",2026-08-17T21:41:12Z,0,0,Red Móvil y Cobertura 5G
Ugz7cif3fpcRc7NCbaJ4AaABAg,km5bSERHQuQ,cómo poner señal 5g en tu teléfono,Claro RD,@UlisesJuarez-g2z,A que no te baja a 3g😢,2026-08-16T19:48:41Z,0,0,Red Móvil y Cobertura 5G
UgxmLgoYezBOX8k-mlV4AaABAg,qLxWDavp0bg,¿Cómo llamar a CLARO Servicio al cliente? en TODOS los países,Claro RD,@LuisMalespin-i7u,Nesecito que me llame cualquier persona para una pregunta  por favor,2026-08-14T15:22:54Z,1,1,Atención al Cliente y Soporte
UgzMn5L96CVzy-8lFBB4AaABAg,tWxuCoObAJ4,Claro RD - ¿En serio? ¿lo estás pensando para activar tu 5G en tu celular? 📱,Claro RD,@zoofosil7750,El diablo que cringe,2026-08-14T00:40:42Z,0,0,Red Móvil y Cobertura 5G
UgyFVAdHg9kkA3Ooylp4AaABAg,z5VRwDNAoJY,Claro RD - La Conexión que nos une,Claro RD,@Gavisama,"Me encanta su publicidad, siempre excelente!",2026-08-12T00:36:15Z,11,3,Experiencia General de Marca
UgzE860y4XUUNjVBCFt4AaABAg,wlVtVw0_lPc,Registra tu línea prepago 📱🤩,Claro RD,@JuanAlbertoGonzález-z1j,Quiero verificar m numero,2026-08-11T21:47:23Z,0,0,Facturación y Tarifas
UgzezTac5yeITo89wLJ4AaABAg,32ad78KOfW4,CÓMO LLAMAR A SERVICIOS DE CLARO,Claro RD,@JoseAdalberto-s2i1g,No ahi mas opciones compremos radios y  no utilisemos cel,2026-08-09T16:21:50Z,0,0,Atención al Cliente y Soporte
UgwZqh15CZPjt_aHeLZ4AaABAg,32ad78KOfW4,CÓMO LLAMAR A SERVICIOS DE CLARO,Claro RD,@JoseAdalberto-s2i1g,Le ofresen planes para amarrarlo despues no contestan,2026-08-09T16:19:54Z,0,0,Atención al Cliente y Soporte
Ugw4rzVe-IUK9aHrvEh4AaABAg,32ad78KOfW4,CÓMO LLAMAR A SERVICIOS DE CLARO,Claro RD,@JoseAdalberto-s2i1g,Yo compro pte para 6 dias y me roban un dia siepre,2026-08-09T16:18:23Z,0,0,Atención al Cliente y Soporte
Ugy0I-LXUhpjgs_t7Mx4AaABAg,32ad78KOfW4,CÓMO LLAMAR A SERVICIOS DE CLARO,Claro RD,@JoseAdalberto-s2i1g,Es mejor volver al radio yelefono estas empresas solo les interesa dinero volvamos sl  radio telefono no tenemos alternatova,2026-08-09T16:16:42Z,0,0,Red Móvil y Cobertura 5G
UgxrsPonXiUubrE3tMR4AaABAg,32ad78KOfW4,CÓMO LLAMAR A SERVICIOS DE CLARO,Claro RD,@JoseAdalberto-s2i1g,Yo coloco pte para 6 dias a los 5 dias estoi sin dstos q pasa o nos ba a tocar volver al radio telefono,2026-08-09T16:10:31Z,0,0,Atención al Cliente y Soporte
UgxNXlXwwJnrQCkdhHd4AaABAg,32ad78KOfW4,CÓMO LLAMAR A SERVICIOS DE CLARO,Claro RD,@JoseAdalberto-s2i1g,Nececito ablar con alguien de claro o es q solo somos tontos utiles para la empresa,2026-08-09T16:07:48Z,0,0,Atención al Cliente y Soporte
UgyHxPdTroevUT6vgRV4AaABAg,wlVtVw0_lPc,Registra tu línea prepago 📱🤩,Claro RD,@NeyderLiconapuentes,Y si eres menor de edad,2026-08-07T20:42:05Z,0,1,Facturación y Tarifas
Ugy-XSUG76eFQRqCEFV4AaABAg,-KjuHqko6Sc,Claro RD - 4ta. Generación de Fibra Óptica,Claro RD,@yogastly8118,"Mucha fibra óptica, pero los módem son una porquería. De todas las empresas y a nivel mundial",2026-07-31T23:23:57Z,0,0,Fibra Óptica e Internet Hogar
Ugx8cFlyWJHq4AqiGyN4AaABAg,LS31ag67aww,Claro RD - Pasos para activar Red 5G en tu equipo Android,Claro RD,@luisarielsoto0,🎉😊hello🎉😊,2026-07-31T16:48:31Z,0,0,Red Móvil y Cobertura 5G
Ugymj1wOGfeg8rNi6hd4AaABAg,LS31ag67aww,Claro RD - Pasos para activar Red 5G en tu equipo Android,Claro RD,@luisarielsoto0,🎉hola🎉,2026-07-28T00:09:35Z,0,0,Red Móvil y Cobertura 5G
UgwNJ2SndESI-08ZvFp4AaABAg,LS31ag67aww,Claro RD - Pasos para activar Red 5G en tu equipo Android,Claro RD,@probemosrd,El 5G no funciona en los dispositivos Google Pixel,2026-07-27T17:36:05Z,0,0,Red Móvil y Cobertura 5G
UgxWqbvgioj4J6ngsrZ4AaABAg,LS31ag67aww,Claro RD - Pasos para activar Red 5G en tu equipo Android,Claro RD,@jonathancandelario9912,Como se hace en un LG?,2026-07-27T15:00:09Z,0,0,Red Móvil y Cobertura 5G
UgwtjXYKKat8oQX44D94AaABAg,32ad78KOfW4,CÓMO LLAMAR A SERVICIOS DE CLARO,Claro RD,@SilviajuliaYost,Necesito hablar con un asesor,2026-07-23T21:50:40Z,0,0,Atención al Cliente y Soporte
UgxZLHSZ34L1KzYz6rN4AaABAg,qLxWDavp0bg,¿Cómo llamar a CLARO Servicio al cliente? en TODOS los países,Claro RD,@monicacasas9686,A qué número llamó de España a a claro Perú,2026-07-23T13:45:06Z,1,1,Atención al Cliente y Soporte
Ugy6JOOEmBtG_sKwpEh4AaABAg,-KjuHqko6Sc,Claro RD - 4ta. Generación de Fibra Óptica,Claro RD,@Toti2024Ramos,¡145M vistas!,2026-07-09T21:54:30Z,1,1,Fibra Óptica e Internet Hogar
UgyE33EwoU7pgSgpMxZ4AaABAg,LS31ag67aww,Claro RD - Pasos para activar Red 5G en tu equipo Android,Claro RD,@EdwinRodriguezsosa,Cómo lo puedo hacer en mi Orbic 5G,2026-07-05T04:31:56Z,0,0,Red Móvil y Cobertura 5G
UgySgNUZXhR9QIc7mxp4AaABAg,km5bSERHQuQ,cómo poner señal 5g en tu teléfono,Claro RD,@AlexVargas-l6b4d,No sirve para nada,2026-07-05T03:03:19Z,0,0,Red Móvil y Cobertura 5G
UgyRthD4xtRMfsWfXJt4AaABAg,wlVtVw0_lPc,Registra tu línea prepago 📱🤩,Claro RD,@JoseFernandoMunoz-xq6zo,Claro tú me llamate hoy,2026-07-03T20:26:24Z,0,0,Facturación y Tarifas
UgwzWhrvAE5evJXxzAZ4AaABAg,wlVtVw0_lPc,Registra tu línea prepago 📱🤩,Claro RD,@MarisolMotato,Me tiene cansada esa llamadera de los de claro con sus tales planes,2026-06-30T14:13:45Z,0,0,Facturación y Tarifas
UgyZeVLy8aNbvDBDrV54AaABAg,wlVtVw0_lPc,Registra tu línea prepago 📱🤩,Claro RD,@hugocesarvalladareslopez4783,Muchos de los chip ya están registrados,2026-06-30T02:23:56Z,0,0,Red Móvil y Cobertura 5G
UgyziNgxR_iQucXqYqt4AaABAg,LS31ag67aww,Claro RD - Pasos para activar Red 5G en tu equipo Android,Claro RD,@Marthamultiship_0,❤❤❤,2026-06-29T22:10:01Z,0,0,Red Móvil y Cobertura 5G
UgxNvfTuO9g6h7QfOeF4AaABAg,LS31ag67aww,Claro RD - Pasos para activar Red 5G en tu equipo Android,Claro RD,@incognita907,El 5G en los Google Pixel no funciona aquí en el país!!,2026-06-29T15:15:09Z,2,3,Red Móvil y Cobertura 5G
UgyxJgWEKgEmK-L1Ny14AaABAg,tFedIElQiLs,0800 CLARO 🔴 Número de Teléfono de Atención al Cliente (2026),Claro RD,@sakura-ii6zi,Ningun telefono que dio sirven😢😢,2026-06-29T15:14:23Z,1,0,Experiencia General de Marca
UgxQq50qHZMwQ3NABaJ4AaABAg,tFedIElQiLs,0800 CLARO 🔴 Número de Teléfono de Atención al Cliente (2026),Claro RD,@claudiabaez2015,Claro,2026-06-20T16:08:00Z,0,0,Experiencia General de Marca
UgwkODRouQTz6pDul514AaABAg,LS31ag67aww,Claro RD - Pasos para activar Red 5G en tu equipo Android,Claro RD,@cleivymatos587,"A mi no me sale, que hago?",2026-06-19T18:41:27Z,0,0,Red Móvil y Cobertura 5G
UgzkX_RJdnQZAqYZh354AaABAg,LS31ag67aww,Claro RD - Pasos para activar Red 5G en tu equipo Android,Claro RD,@VaneLedesma-m1b,Que costo tiene?,2026-06-18T17:10:05Z,0,0,Red Móvil y Cobertura 5G
UgyWZFTCCa2gPS1qctN4AaABAg,LS31ag67aww,Claro RD - Pasos para activar Red 5G en tu equipo Android,Claro RD,@pedrocarrascocastillo8251,"Tengo un “Moto g stylus 5g"" pero no se como activarlo.",2026-06-17T12:10:40Z,0,0,Red Móvil y Cobertura 5G
UgwS4_90fjSqnD8MLFR4AaABAg,LS31ag67aww,Claro RD - Pasos para activar Red 5G en tu equipo Android,Claro RD,@ctistianjaelmartepaniagua44,"El 5g consume mucha energía, la carga del celular dura menos tiempo",2026-06-16T22:03:40Z,0,0,Red Móvil y Cobertura 5G
UgyMp3OmvX58U5K9peR4AaABAg,rHf6Xta_Jio,Claro RD - Yo soy Claro Percusivo,Claro RD,@Max009RD,Siempre recuerdo estos anuncios cuándo falla el servicio.,2026-06-15T21:30:27Z,1,0,Atención al Cliente y Soporte
UgyL8wGbFjwV39y2tTt4AaABAg,zE4mlgdWzYg,como configurar Apn 5G 4G claro Dominicana,Claro RD,@WilnerGustamar-i7z,Muchas gracias por este video,2026-06-13T21:46:42Z,1,0,Red Móvil y Cobertura 5G
UgyKzn35JegQc7VGYrp4AaABAg,rHf6Xta_Jio,Claro RD - Yo soy Claro Percusivo,Claro RD,@dovahkiinraiden17,Un pique que me este bañando y me sale este disparate de anuncio,2026-06-07T05:15:16Z,2,0,Experiencia General de Marca
UgxKY3bmhz2vUFBjHZB4AaABAg,-KjuHqko6Sc,Claro RD - 4ta. Generación de Fibra Óptica,Claro RD,@gadielcastro853,Y para cuando en Guatemala,2026-06-03T09:03:58Z,0,0,Fibra Óptica e Internet Hogar
UgyXVHfK3tTQItNolLt4AaABAg,rHf6Xta_Jio,Claro RD - Yo soy Claro Percusivo,Claro RD,@Yanisleldy,La musica favorita de mi primo jaja,2026-06-02T00:15:07Z,0,0,Experiencia General de Marca
UgyzvSkmsejnBZBQT214AaABAg,qLxWDavp0bg,¿Cómo llamar a CLARO Servicio al cliente? en TODOS los países,Claro RD,@MariaJoseGomezGarcia-b5f,hola claro es de servicio de internet y paraboloca,2026-05-31T16:42:51Z,1,1,Fibra Óptica e Internet Hogar
UgzskXWEquvxk5dRZO14AaABAg,wlVtVw0_lPc,Registra tu línea prepago 📱🤩,Claro RD,@OscarBautista-j7e4u,Deberían de mejorar el servicio esta fallando mucho,2026-05-30T19:58:05Z,1,0,Atención al Cliente y Soporte
UgyeWI5_3h7y3L_F2C14AaABAg,JyYD60E2Vpk,Claro RD - Yo soy Claro - Urbano,Claro RD,@edwardnunez1626,"Deberían De Hacer Esta Canción, No Me Canso De Repetir Este Anuncio 🙌🏻🙌🏻",2026-05-29T03:30:56Z,0,0,Experiencia General de Marca
UgzS300MurzwIPOFbqB4AaABAg,JyYD60E2Vpk,Claro RD - Yo soy Claro - Urbano,Claro RD,@westart403,"El mejor anunció, difícil de saltarlo.",2026-05-27T17:18:19Z,0,0,Experiencia General de Marca
UgwQyymDxm_h9SQwplV4AaABAg,rHf6Xta_Jio,Claro RD - Yo soy Claro Percusivo,Claro RD,@ReneJeanfilip,No,2026-05-22T20:55:11Z,1,0,Experiencia General de Marca
Ugx9xwjXmYn1tzUiEcJ4AaABAg,zE4mlgdWzYg,como configurar Apn 5G 4G claro Dominicana,Claro RD,@SancheMateo-z6k,default,2026-05-21T01:08:44Z,0,0,Red Móvil y Cobertura 5G
Ugx4QipOSZiClfDzItB4AaABAg,zE4mlgdWzYg,como configurar Apn 5G 4G claro Dominicana,Claro RD,@SancheMateo-z6k,claro DR,2026-05-21T01:06:07Z,0,0,Red Móvil y Cobertura 5G
UgxGkN5qXNKOEay1Dsp4AaABAg,rHf6Xta_Jio,Claro RD - Yo soy Claro Percusivo,Claro RD,@marinoalvarez2948,Ok,2026-05-20T14:26:54Z,0,0,Experiencia General de Marca
UgzRDqi7YnJsgCocIwF4AaABAg,vyzj855irRw,Claro Nicaragua y su servicio al cliente,Claro RD,@jshwywggw,Por q tienes 67 baterías que era un meme,2026-05-12T15:16:44Z,0,0,Atención al Cliente y Soporte
UgxGteaCYE0PvmmYApR4AaABAg,tFedIElQiLs,0800 CLARO 🔴 Número de Teléfono de Atención al Cliente (2026),Claro RD,@mariaelenamontesmedina4280,Quiero saber mí factura del mes de mayo,2026-05-12T11:43:51Z,0,0,Facturación y Tarifas
Ugy6tEA_X_fSlLHjTmF4AaABAg,hYcd1zA3hfo,Claro RD - 4ta. Generación de Fibra Óptica,Claro RD,@randymhl,Cuando lo ampliaran a nivel nacional?,2026-05-12T02:47:54Z,0,0,Fibra Óptica e Internet Hogar
UgxvPF4jLNFAq9VPUCJ4AaABAg,S1_jiDCsjBA,Claro RD - 4ta. Generación de Fibra Óptica,Claro RD,@jefrynoboa,Y PORQUE MI WIFI NO TIENE ESA TECNOLOGIA? O TENGO QUE HACER OTRO PLAN ES?,2026-05-11T04:16:56Z,0,0,Fibra Óptica e Internet Hogar
UgyrjOAXq_BMk4i8Lj14AaABAg,LS31ag67aww,Claro RD - Pasos para activar Red 5G en tu equipo Android,Claro RD,@aroymendez,"Esa mierda de claro no sirve. Tengo un buen plan, un plan que prácticamente no uso proque regularmente estoy en wifi. Pero tan pronto paso a datos no sirve!!!",2026-05-07T21:07:50Z,0,0,Fibra Óptica e Internet Hogar
UgxPQZHvAy2Ffh_fYCl4AaABAg,LS31ag67aww,Claro RD - Pasos para activar Red 5G en tu equipo Android,Claro RD,@reyvinrosario,"Try not to do what you did in RDR2 and fall too far behind, because the dialogue in this game gets cut off and then the other character doesn't continue it",2026-05-07T17:20:17Z,0,0,Red Móvil y Cobertura 5G
UgxJ_kulZW23GEYp_4R4AaABAg,LS31ag67aww,Claro RD - Pasos para activar Red 5G en tu equipo Android,Claro RD,@Stevenpublicity,@clarord me gustaría una respuesta porque no funciona en los dispositivos Google Píxel?,2026-05-07T15:25:24Z,0,2,Red Móvil y Cobertura 5G
UgyVK0nxjCcSb3F4WKJ4AaABAg,wlVtVw0_lPc,Registra tu línea prepago 📱🤩,Claro RD,@miltonzh9338,Y para que el número de cedula y datos personales a una empresa extrangera y sobre todo la fecha de expedición....,2026-05-04T04:45:56Z,0,3,Red Móvil y Cobertura 5G
Ugw4CE453CWB4Ncd-214AaABAg,qLxWDavp0bg,¿Cómo llamar a CLARO Servicio al cliente? en TODOS los países,Claro RD,@GabrielCruz-g9h,Cómo puedo comunicarme con un representante de claro,2026-05-02T12:27:13Z,1,1,Atención al Cliente y Soporte
UgyiM2QFEz_fVMT1Okt4AaABAg,JyYD60E2Vpk,Claro RD - Yo soy Claro - Urbano,Claro RD,@leandrocamilo3296,Es el mejor anuncio de Claro que he visto.,2026-05-01T01:24:08Z,0,0,Experiencia General de Marca
UgwszM-URVO5Spev-f14AaABAg,km5bSERHQuQ,cómo poner señal 5g en tu teléfono,Claro RD,@ALEX-dd6bw,😂😂😂,2026-04-30T17:05:40Z,0,0,Red Móvil y Cobertura 5G
Ugyaalk1skrbfg8lBX54AaABAg,32ad78KOfW4,CÓMO LLAMAR A SERVICIOS DE CLARO,Claro RD,@RitaAlegríareategui-y4n,Quiero llamar aclaro como hago,2026-04-28T21:21:42Z,0,0,Atención al Cliente y Soporte
Ugzj-9CcGgEQ7BAI-lR4AaABAg,tFedIElQiLs,0800 CLARO 🔴 Número de Teléfono de Atención al Cliente (2026),Claro RD,@jshwywggw,Yo tengo chip de claro,2026-04-23T03:23:24Z,0,0,Red Móvil y Cobertura 5G
UgwGvND6PQkDP3ZW55B4AaABAg,qLxWDavp0bg,¿Cómo llamar a CLARO Servicio al cliente? en TODOS los países,Claro RD,@GabrielaJimanenzsatos,4 años con usted yo no puedo pasar mi nombre Yo quiero saber cuántos años,2026-04-20T12:50:24Z,1,1,Atención al Cliente y Soporte
Ugwj36ndx1mYnBUz-Yh4AaABAg,tFedIElQiLs,0800 CLARO 🔴 Número de Teléfono de Atención al Cliente (2026),Claro RD,@DesiderioToscanocolon,Necesito saber cuando me va llegar la cincsr,2026-04-19T20:23:44Z,0,0,Experiencia General de Marca
UgwygxsQsgOJzTCzZbV4AaABAg,wlVtVw0_lPc,Registra tu línea prepago 📱🤩,Claro RD,@ElReyAguilera-u8n,Para mi la mejor empresa es wom la velocidad parece fibra óptica en las veredas para que pero wom es la mejor operadora en señal en colombia,2026-04-16T13:29:40Z,0,0,Fibra Óptica e Internet Hogar
UgxSEcc84wF81tRuHrZ4AaABAg,S1_jiDCsjBA,Claro RD - 4ta. Generación de Fibra Óptica,Claro RD,@AlfredadReyes,Yo espero que no sea una cajita vieja que se frisé cómo está que tengo aquí que no sirve ni para un teléfono,2026-04-13T12:50:57Z,0,0,Fibra Óptica e Internet Hogar
Ugyatr0CQ6xHsNIPyd54AaABAg,wlVtVw0_lPc,Registra tu línea prepago 📱🤩,Claro RD,@BoxerRecords,Prepárense para perder mucho dinero 🤑,2026-04-12T19:59:56Z,0,0,Facturación y Tarifas
UgxAYcpRiOgm6BgVf0d4AaABAg,JyYD60E2Vpk,Claro RD - Yo soy Claro - Urbano,Claro RD,@MiguelFernández-q5r,Necesitamos una versión extendida por favor,2026-04-11T21:41:50Z,2,0,Experiencia General de Marca
Ugz7iY3zA_naV6_u5k94AaABAg,JyYD60E2Vpk,Claro RD - Yo soy Claro - Urbano,Claro RD,@MiguelFernández-q5r,"Primera vez que escucho un anuncio completo, necesitamos esa música de 3 a 5 minutos mínimo.",2026-04-11T21:41:30Z,1,0,Experiencia General de Marca
Ugz4l49gJrV5iZZorQZ4AaABAg,tFedIElQiLs,0800 CLARO 🔴 Número de Teléfono de Atención al Cliente (2026),Claro RD,@Franciscoteves-z6t8g,Claro,2026-04-11T18:08:49Z,0,0,Experiencia General de Marca
UgxSh2Gsn8OOWYGAlxR4AaABAg,qLxWDavp0bg,¿Cómo llamar a CLARO Servicio al cliente? en TODOS los países,Claro RD,@jesusfernandobejaranoauqui8200,Necesito servicio de internet,2026-04-06T19:37:30Z,1,1,Fibra Óptica e Internet Hogar
Ugx20_z6SZGVnEzdkWZ4AaABAg,OwIQi9ngosg,La red 5G de Claro llega a más ciudades,Claro RD,@AlejandroVillacíspalacios,Por si acaso si me llegó el saldo al teléfono de mí hijo que no contesto es decir se terminó el saldo sin hablar un segundo menos mal que tengo internet y por eso puedo mandar este mensaje,2026-04-05T00:19:55Z,0,0,Fibra Óptica e Internet Hogar
UgxBSenGwGRCTVpeth54AaABAg,wlVtVw0_lPc,Registra tu línea prepago 📱🤩,Claro RD,@AbiMujica-v7x,No mi amor ojalá fuera tan fácil no siquiera terminan de atender a una,2026-04-02T16:46:11Z,1,0,Facturación y Tarifas
Ugw8v5vu0vJVN7nu49F4AaABAg,ekdDZO1zQCk,📶 Configuración APN Claro RD 2026 | Internet 4G/5G rápido en tu celular,Claro RD,@AlcidesAntonioHurtadoRamos,Configuracion de claro,2026-03-31T22:12:40Z,0,0,Fibra Óptica e Internet Hogar
UgzeoBRmmZCAOItExDt4AaABAg,LS31ag67aww,Claro RD - Pasos para activar Red 5G en tu equipo Android,Claro RD,@Alexander_14DH,"Una pregunta para Claro, por que mi cel ya no sube 5G si antes lo hacía??",2026-03-31T16:01:39Z,0,1,Red Móvil y Cobertura 5G
UgzZembSlLBJiLIxx214AaABAg,JyYD60E2Vpk,Claro RD - Yo soy Claro - Urbano,Claro RD,@enamoradosdelosautos,Es increíble yo he escuchado ese anuncio y me he quedado con las ganas de escucharlo en YouTube siempre esa es mi música ahora,2026-03-31T00:30:08Z,0,0,Experiencia General de Marca
Ugz3TZT0-mHoPFwW7Ip4AaABAg,LS31ag67aww,Claro RD - Pasos para activar Red 5G en tu equipo Android,Claro RD,@luisevargasdejesus6542,Yo tengo un Google pixel 9 pro XL y no se me pone 5G arriba solo LTE aunque activo el 5G ustedes deberían de hablar con Google,2026-03-30T20:01:51Z,4,5,Red Móvil y Cobertura 5G
UgzlDmRS1HoZAazIEcN4AaABAg,zE4mlgdWzYg,como configurar Apn 5G 4G claro Dominicana,Claro RD,@onelso12,Eres lo mejor bro me fusionó😢 ahora tengo 5 g😊 Gracias brother ese video vale oro,2026-03-30T13:04:59Z,0,0,Red Móvil y Cobertura 5G
UgxjEVw97If52q4Nny14AaABAg,zE4mlgdWzYg,como configurar Apn 5G 4G claro Dominicana,Claro RD,@onelso12,Esa cosa vale oro😊,2026-03-30T13:00:24Z,0,0,Red Móvil y Cobertura 5G
UgxD_NaW30vK5kId7RJ4AaABAg,rHf6Xta_Jio,Claro RD - Yo soy Claro Percusivo,Claro RD,@Erilayna,DIA 5 INTENDANDO QUE CLARO ME RESPONDA ME LLAMO ERILAYNA 🎉 ‼️,2026-03-27T23:19:01Z,1,0,Experiencia General de Marca
Ugw9TjgEgCh7i-jaWEV4AaABAg,wpSBLTr1UFI,¿Cómo ATENDER QUEJAS y RECLAMOS de los CLIENTES?,Claro RD,@Halesito,fantastico m encanta piensas muy bien k inteligente eres un abrazo mi hermanito chico,2026-03-24T09:06:47Z,0,1,Atención al Cliente y Soporte
UgzcryRnrosandDtVb94AaABAg,wlVtVw0_lPc,Registra tu línea prepago 📱🤩,Claro RD,@vanessalopez4129,Me pasa lo mismo no coloca los datos lo envían al.whasapp y hace la activation pero cuando voy hacer la recarga nos se puede,2026-03-22T18:18:25Z,0,0,Red Móvil y Cobertura 5G
UgxRwyhuJsuqlQS3CTZ4AaABAg,vyzj855irRw,Claro Nicaragua y su servicio al cliente,Claro RD,@LuisferminCardiza,Estamos en manos de Delincuentes profesionales y con licencia,2026-03-22T16:47:33Z,0,0,Atención al Cliente y Soporte
UgxDTlKUDV3gBrm2kBF4AaABAg,32ad78KOfW4,CÓMO LLAMAR A SERVICIOS DE CLARO,Claro RD,@mauriciotrejo3777,Me cortaron las llamadas y tengo fecha de pago para los días 22 de cada mes y no es la primera vez que pasa,2026-03-19T16:27:18Z,0,0,Atención al Cliente y Soporte
UgyEw7tq6xkCuPYXfPl4AaABAg,LS31ag67aww,Claro RD - Pasos para activar Red 5G en tu equipo Android,Claro RD,@cesartorressajoma,"Tengo un galaxy zflip 5, y no me sale esa opción",2026-03-18T17:32:03Z,0,0,Red Móvil y Cobertura 5G
Ugzv2toMyxFtpSCfVCJ4AaABAg,lAvgw83L_dw,Claro RD - Activa la Red 5G en tu iPhone,Claro RD,@lenincarpio6477,"El problema de esa función es, que cuando la activas y el 5G no está disponible, entonces el LTE no funciona de manera estable ni correcta, su funcionamiento no es el mismo que cuando solo dejas la opción LTE señalada…",2026-03-17T17:11:02Z,3,2,Red Móvil y Cobertura 5G
UgwhraYKUWxSyZLKbvB4AaABAg,lAvgw83L_dw,Claro RD - Activa la Red 5G en tu iPhone,Claro RD,@harolisnovas2914,"Soy de claro, eso no silbe por aquí",2026-03-17T15:59:05Z,0,0,Red Móvil y Cobertura 5G
Ugxoc2rFSjdKCkWuV754AaABAg,LS31ag67aww,Claro RD - Pasos para activar Red 5G en tu equipo Android,Claro RD,@myster88jose,Motorola 5g,2026-03-17T14:50:46Z,0,0,Red Móvil y Cobertura 5G
UgyqEpDieJFURhKVRSl4AaABAg,wlVtVw0_lPc,Registra tu línea prepago 📱🤩,Claro RD,@joseluisdoradoenriquez8947,que cagada eso no sirve pa ni mierda solo sale error 😡😡😡,2026-03-14T21:11:29Z,0,0,Facturación y Tarifas
UgzmhGuSGaljX0lAlOV4AaABAg,tFedIElQiLs,0800 CLARO 🔴 Número de Teléfono de Atención al Cliente (2026),Claro RD,@RonaldArevaloPinedo-x3t,Claro,2026-03-11T21:23:36Z,0,0,Experiencia General de Marca
Ugx3W2H-5rNMn383g8x4AaABAg,wlVtVw0_lPc,Registra tu línea prepago 📱🤩,Claro RD,@ISA-alvarezgarcia4323,Por q no le responden a nadie. 😡😡😡,2026-03-11T20:03:27Z,0,0,Facturación y Tarifas
Ugw3MPlwHqgnNBFmnqZ4AaABAg,tFedIElQiLs,0800 CLARO 🔴 Número de Teléfono de Atención al Cliente (2026),Claro RD,@adrianamariaospinaramirez346,Claro,2026-03-11T17:09:52Z,0,0,Experiencia General de Marca
UgxUMrG25U1wSMaQKfN4AaABAg,rHf6Xta_Jio,Claro RD - Yo soy Claro Percusivo,Claro RD,@TeapotDrawss,Y cuando uso el internet va más lento que trailer en reversa 💔,2026-03-11T04:39:13Z,2,0,Fibra Óptica e Internet Hogar
Ugyv5svMuHHyEvSZb2d4AaABAg,qLxWDavp0bg,¿Cómo llamar a CLARO Servicio al cliente? en TODOS los países,Claro RD,@EdgarSánchez-x1y,5:47 Perú,2026-03-10T17:26:03Z,1,1,Atención al Cliente y Soporte
UgzBCKEOtmJ9q2Hn2Y14AaABAg,LS31ag67aww,Claro RD - Pasos para activar Red 5G en tu equipo Android,Claro RD,@luisalvarezc01,Funciona para los google pixel? Alguien que me confirme,2026-03-04T06:06:52Z,0,4,Red Móvil y Cobertura 5G
Ugx0PMptqM-e9guU56h4AaABAg,32ad78KOfW4,CÓMO LLAMAR A SERVICIOS DE CLARO,Claro RD,@EmilianoVilchezzegarra,Quiero comunicarme con claro,2026-03-04T00:29:55Z,0,0,Atención al Cliente y Soporte
UgxziQSnL0DigFGbj3F4AaABAg,km5bSERHQuQ,cómo poner señal 5g en tu teléfono,Claro RD,@eriidddecon7668,Y eso funciona para un Samsung A21 ?,2026-03-03T11:22:33Z,0,0,Red Móvil y Cobertura 5G
Ugyciy9ZYZe6mYg9BkR4AaABAg,wlVtVw0_lPc,Registra tu línea prepago 📱🤩,Claro RD,@MariaEstelaMartinez-y5n,Yo compre uno me salio blokiado😢,2026-02-28T23:32:12Z,0,0,Facturación y Tarifas
UgxhVYfupFDwz88wmDR4AaABAg,rHf6Xta_Jio,Claro RD - Yo soy Claro Percusivo,Claro RD,@CarmitoMedina-b2s,1:07,2026-02-28T21:08:38Z,0,0,Experiencia General de Marca
UgzpBmsXdz1TyoiNeCh4AaABAg,rHf6Xta_Jio,Claro RD - Yo soy Claro Percusivo,Claro RD,@albaniaramirez3662,Gracia señor por todos Gracia por cuidar y renovarme cada días bendiciones gloria a Dios aleluya 🙌,2026-02-28T12:29:38Z,11,1,Experiencia General de Marca
UgzpgAaJeWZKq1oTA694AaABAg,km5bSERHQuQ,cómo poner señal 5g en tu teléfono,Claro RD,@JoséDíaz-w7t,No sale nada puras mentiras,2026-02-26T17:11:44Z,1,0,Red Móvil y Cobertura 5G
UgwezREGoE0MAgtBFsl4AaABAg,qLxWDavp0bg,¿Cómo llamar a CLARO Servicio al cliente? en TODOS los países,Claro RD,@gloriarubio4750,El Salvador y,2026-02-23T18:35:44Z,0,0,Atención al Cliente y Soporte
UgzbtqFSgGzt_oiNr414AaABAg,LS31ag67aww,Claro RD - Pasos para activar Red 5G en tu equipo Android,Claro RD,@misaelcamposicanaque,A mi no me sale 😢,2026-02-23T14:37:18Z,0,0,Red Móvil y Cobertura 5G
Ugwkr_Amwk_j6xqPh2F4AaABAg,rHf6Xta_Jio,Claro RD - Yo soy Claro Percusivo,Claro RD,@doriammorelo6629,si claro me responde sigo su canal 🗣🗣,2026-02-21T18:10:13Z,0,1,Experiencia General de Marca
UgyQ6GmFiY5iUeg_wft4AaABAg,rHf6Xta_Jio,Claro RD - Yo soy Claro Percusivo,Claro RD,@luane_rd,Jajajaka,2026-02-19T14:24:13Z,0,0,Experiencia General de Marca
UgyQbPExPThT7ffHMth4AaABAg,rHf6Xta_Jio,Claro RD - Yo soy Claro Percusivo,Claro RD,@jijihola26,Bro no me deja 😢😢,2026-02-15T20:02:23Z,2,0,Experiencia General de Marca
Ugwq69d4Ya-IUGVgrmp4AaABAg,rHf6Xta_Jio,Claro RD - Yo soy Claro Percusivo,Claro RD,@Lalilaoficial,DÍA 1 HACIENDO QUE LA CUENTA DE CLARO RD ME RESPONDA 🗣‼️🔥,2026-02-15T18:58:52Z,36,9,Experiencia General de Marca
UgwZ5lEY9c_oHRQCIaV4AaABAg,km5bSERHQuQ,cómo poner señal 5g en tu teléfono,Claro RD,@gersonsotelochavez803,Q bueno q ya existe el deslike 😇,2026-02-14T03:21:22Z,0,0,Red Móvil y Cobertura 5G
Ugx9_NGjPE492H_3fkZ4AaABAg,wlVtVw0_lPc,Registra tu línea prepago 📱🤩,Claro RD,@Alonbes007-zz8qe,``elige el numero de documento y quita el numero de documento`` XDDDD,2026-02-13T15:03:26Z,1,0,Facturación y Tarifas
UgyNZAdH0CWjTxS2_g54AaABAg,rHf6Xta_Jio,Claro RD - Yo soy Claro Percusivo,Claro RD,@ritavanesapolanco6903,"Estoy esperando mi bendición,por ser un cliente claro fiel de  su fundación en el país.",2026-02-13T03:39:13Z,13,0,Experiencia General de Marca
UgyTYZep_tA6Tb0iyx14AaABAg,wlVtVw0_lPc,Registra tu línea prepago 📱🤩,Claro RD,@IMimiG,Cuánto tiempo demora la activación? Me dice que está fuera de servicio,2026-02-12T15:55:50Z,5,3,Atención al Cliente y Soporte
UgwHUrZXqHPKUHD-OBZ4AaABAg,rHf6Xta_Jio,Claro RD - Yo soy Claro Percusivo,Claro RD,@yngrijoapena1761,Vi a nashla😂😂😂😂 a montessquiu😂😂😂😂😂😂,2026-02-12T10:41:31Z,3,0,Experiencia General de Marca
UgxPxPQUlPKMpluyMNN4AaABAg,cXJfXbWC248,👉CON ESTE CODIGO EVITAS que CLARO te CONSUMA SALDO SIN PERMISO.,Claro RD,@ErikaPillco-y9h,Ami celular active sin cortes y ahora no quiere desabilitarse y esta consumiendo mi crédito,2026-02-09T14:54:35Z,0,0,Facturación y Tarifas
UgzHHj0TSb9uTzOwegR4AaABAg,LS31ag67aww,Claro RD - Pasos para activar Red 5G en tu equipo Android,Claro RD,@WebinSonador,🎉😊 wuelvin,2026-02-07T00:46:41Z,0,0,Red Móvil y Cobertura 5G
Ugy7-4hx7h_uJciHQUh4AaABAg,wlVtVw0_lPc,Registra tu línea prepago 📱🤩,Claro RD,@davidgutierrezgarcia6218,A caray 😅 si el canal se llama claro Colombia que tiene que ver en México,2026-02-05T20:46:07Z,0,0,Facturación y Tarifas
Ugyv-2WNHO10xn0qUnd4AaABAg,rHf6Xta_Jio,Claro RD - Yo soy Claro Percusivo,Claro RD,@DanielRomero-jt,Amén gracias que le bendiga a todos ❤❤❤❤❤,2026-02-01T03:53:03Z,10,0,Experiencia General de Marca
Ugxud_wgMH2TQvoyMLV4AaABAg,lAvgw83L_dw,Claro RD - Activa la Red 5G en tu iPhone,Claro RD,@delisvargas8147,Y si es una persona ciega que quiere activar esto cómo puede saber lo que ustedes están explicando ahí si no tiene ningún tipo de voz? Sugiero que sea más accesible la información.,2026-01-31T02:53:45Z,1,0,Red Móvil y Cobertura 5G
Ugxw7alTxRkk_yZsQ_Z4AaABAg,wlVtVw0_lPc,Registra tu línea prepago 📱🤩,Claro RD,@mariaelenal-s1h5r,soy tigo claro es caca,2026-01-30T03:13:47Z,1,0,Facturación y Tarifas
UgwEB8w0B3JwEwZzyj54AaABAg,LS31ag67aww,Claro RD - Pasos para activar Red 5G en tu equipo Android,Claro RD,@juanluis2092,Solo tienen 5G para las marcas de celular que ellos importan 😒,2026-01-29T23:41:35Z,0,0,Red Móvil y Cobertura 5G
UgzpRvDK-oZQiRGMDLx4AaABAg,lAvgw83L_dw,Claro RD - Activa la Red 5G en tu iPhone,Claro RD,@ArturoAlmonte-b2z,Mi campo no llega,2026-01-29T17:43:59Z,0,0,Red Móvil y Cobertura 5G
UgwN2d30Q0K4y85DlVB4AaABAg,LS31ag67aww,Claro RD - Pasos para activar Red 5G en tu equipo Android,Claro RD,@xXMrScaryXx,"Saludos yo estoy teniendo problemas con el 5G, sube y baja a 4G continuamente, antes no me pasaba eso",2026-01-29T15:45:25Z,0,1,Red Móvil y Cobertura 5G
Ugz8LSYsoVa0lGTZJK54AaABAg,rHf6Xta_Jio,Claro RD - Yo soy Claro Percusivo,Claro RD,@JoscarliMejias,Pero tienen que estar diciendo malas palabras,2026-01-29T00:20:33Z,0,0,Experiencia General de Marca
UgzxVm1Ub3axhT9OLdR4AaABAg,TKWpVefFVkQ,La Mejor compañía internet móvil de República Dominicana.,Claro RD,@patricioovallelantigua994,"!!!Falso!!! Claro tiene más cobertura,  es más vieja en el mercado. desde el 1930 cuando era CODETEL.",2026-01-27T18:25:28Z,1,1,Fibra Óptica e Internet Hogar
Ugx33WpKD2tbCdtNNj94AaABAg,rHf6Xta_Jio,Claro RD - Yo soy Claro Percusivo,Claro RD,@perlahxs,Sugerimos a  Claro debe invertir menos en anuncio e invertir mas en su red óptica para mejorar,2026-01-27T09:21:29Z,11,1,Experiencia General de Marca
Ugw8K8v0TWPEncaI8Kd4AaABAg,rHf6Xta_Jio,Claro RD - Yo soy Claro Percusivo,Claro RD,@brannycedeno6823,Merengue y publicidad juntos. Qué asco. 😂,2026-01-26T11:54:34Z,3,0,Experiencia General de Marca
UgxTA_ifnqj6tmdGHDV4AaABAg,wlVtVw0_lPc,Registra tu línea prepago 📱🤩,Claro RD,@Kaine_crimson,excelente,2026-01-23T18:03:55Z,0,0,Facturación y Tarifas
Ugxu2cXv-wKm4XNkwfx4AaABAg,rHf6Xta_Jio,Claro RD - Yo soy Claro Percusivo,Claro RD,@FrankLuisMañón,Es que está gente del diablo creen que uno paga un internet para que ellos esten poniendo su anuncio gente del diablo,2026-01-23T16:08:17Z,40,0,Fibra Óptica e Internet Hogar
Ugx5NrC0l6TSUz4wB954AaABAg,rHf6Xta_Jio,Claro RD - Yo soy Claro Percusivo,Claro RD,@ProvidenciaDelaCruz-b7t,Ok Claro está bien gracias,2026-01-22T04:41:50Z,10,0,Experiencia General de Marca
Ugy95-NosgxTu8lUXlB4AaABAg,rHf6Xta_Jio,Claro RD - Yo soy Claro Percusivo,Claro RD,@JoseGarcia-kb2jd,Amen gracias a Dios mediante claro,2026-01-21T22:15:40Z,7,1,Experiencia General de Marca
Ugz0OuGvcJIo45gz3Zx4AaABAg,rHf6Xta_Jio,Claro RD - Yo soy Claro Percusivo,Claro RD,@JoseGarcia-kb2jd,An😢,2026-01-21T22:15:22Z,0,0,Experiencia General de Marca
UgzIv5sKMnvhGlLXhh54AaABAg,9KLGU3mLPng,Claro RD - Internet en Fibra Óptica para el Hogar,Claro RD,@Ivonne-cabezas,Jinete avícola!!!,2026-01-21T22:00:38Z,1,1,Fibra Óptica e Internet Hogar
Ugw35uNP5OHgJbwhjJJ4AaABAg,wlVtVw0_lPc,Registra tu línea prepago 📱🤩,Claro RD,@AntonioLopez-nu6bi,"Es una mierda, que arrepentido estoy,mejor me cambio a CNT",2026-01-20T03:05:29Z,0,0,Facturación y Tarifas
UgxOW5I4U8RrJPJn6QR4AaABAg,32ad78KOfW4,CÓMO LLAMAR A SERVICIOS DE CLARO,Claro RD,@ismaelburgos9702,No pagare más mi cuenta don una empresa de delincuentes con corbata trate de llamar y no me dan alternativa,2026-01-20T00:16:43Z,0,0,Red Móvil y Cobertura 5G
Ugxpr6YrZq0Oz1jjyz94AaABAg,qLxWDavp0bg,¿Cómo llamar a CLARO Servicio al cliente? en TODOS los países,Claro RD,@ameliafariasbasilis5138,Sii pero ya deme el # por favor !,2026-01-19T18:25:08Z,1,1,Atención al Cliente y Soporte
UgyDvJwB6rDHbGOx86t4AaABAg,wlVtVw0_lPc,Registra tu línea prepago 📱🤩,Claro RD,@guarolopez2977,Pura mentira y dan un número de wasap y no pasan a ningún asesor xd,2026-01-16T15:03:57Z,21,0,Facturación y Tarifas
UgxhaS7fUlMiQeD4Dqp4AaABAg,wlVtVw0_lPc,Registra tu línea prepago 📱🤩,Claro RD,@mikeas_42,"Pregunta,(soy niño)para que sirve :v",2026-01-10T03:39:02Z,0,2,Facturación y Tarifas
UgwYLBTWbZJFh6FPaPt4AaABAg,hYcd1zA3hfo,Claro RD - 4ta. Generación de Fibra Óptica,Claro RD,@elian3524,Podrian tus anuncios dejar de molestar tanto🙏😭,2026-01-06T20:19:57Z,0,0,Fibra Óptica e Internet Hogar
UgyDFOhQ63hiWXnO_MV4AaABAg,32ad78KOfW4,CÓMO LLAMAR A SERVICIOS DE CLARO,Claro RD,@ManuelPenela-s8h,Quero saber el número servicio al cliente pof,2026-01-04T16:18:59Z,0,0,Atención al Cliente y Soporte
UgzbtBZaP1JTG57R5Bx4AaABAg,32ad78KOfW4,CÓMO LLAMAR A SERVICIOS DE CLARO,Claro RD,@ManuelPenela-s8h,Hola necesito hablar con un  ejecutivo de empresa claro,2026-01-04T16:16:41Z,0,0,Atención al Cliente y Soporte
UgxCpDEKZ4M8GjJm1-14AaABAg,hYcd1zA3hfo,Claro RD - 4ta. Generación de Fibra Óptica,Claro RD,@DaylanJose,Eso está muy bien,2026-01-04T02:08:31Z,1,0,Fibra Óptica e Internet Hogar
UgwyL1B3-FZwrAoGs4d4AaABAg,wlVtVw0_lPc,Registra tu línea prepago 📱🤩,Claro RD,@_S0norSebas,Lit ise eso y esta que me dice incorrecto esto es uan m,2026-01-03T04:17:53Z,2,0,Facturación y Tarifas
UgwMq4vmUgE3B6h9xRl4AaABAg,wlVtVw0_lPc,Registra tu línea prepago 📱🤩,Claro RD,@stivenff5571,Clarooooo 😢 no me deja por fa ayudaaa,2025-12-26T19:03:44Z,0,0,Facturación y Tarifas
UgwE5lO4C4dp4U3eKft4AaABAg,wlVtVw0_lPc,Registra tu línea prepago 📱🤩,Claro RD,@JennifferHouseKeeperRHernandez,Estamos con tigo,2025-12-24T19:26:23Z,5,0,Facturación y Tarifas
UgzAR0f7M65icARqfuh4AaABAg,wlVtVw0_lPc,Registra tu línea prepago 📱🤩,Claro RD,@eltao7853,Cómo registro mi IMEI de mi cel.,2025-12-24T06:47:29Z,1,0,Facturación y Tarifas
UgzfpG_Nk-9pKY8OvwN4AaABAg,qLxWDavp0bg,¿Cómo llamar a CLARO Servicio al cliente? en TODOS los países,Claro RD,@alexandersalazar-j6i,Malicimo tengo dos meces sin cable,2025-12-20T16:21:19Z,1,1,Atención al Cliente y Soporte
UgwCOcc5dZktois0BnV4AaABAg,vyzj855irRw,Claro Nicaragua y su servicio al cliente,Claro RD,@alexandersalazar-j6i,Nunca contestan,2025-12-20T16:09:28Z,0,0,Atención al Cliente y Soporte
Ugx8LWRmFd0mU0aOPXV4AaABAg,vyzj855irRw,Claro Nicaragua y su servicio al cliente,Claro RD,@alexandersalazar-j6i,Nunca contestan,2025-12-20T16:08:53Z,0,0,Atención al Cliente y Soporte
UgxY0oUe4ojXeXrZl2V4AaABAg,km5bSERHQuQ,cómo poner señal 5g en tu teléfono,Claro RD,@abrahamsiles2952,"Es mentira no activa el 5G solo debilitas la seguridad de tu equipo, na caigas en sus estafas",2025-12-19T19:39:03Z,5,0,Red Móvil y Cobertura 5G
UgwUSbSns5yUmL8-Aqx4AaABAg,wlVtVw0_lPc,Registra tu línea prepago 📱🤩,Claro RD,@microplastics777,"""y listo"" 🤓🤓🤓🤓🤓🤓",2025-12-18T23:52:23Z,1,0,Facturación y Tarifas
UgzOpQz1hBIeHYxrH714AaABAg,wlVtVw0_lPc,Registra tu línea prepago 📱🤩,Claro RD,@JaimeenriqueLeon,Es mentira a mí me dice que ponga el apellido y de ahí no pasa el registro,2025-12-17T17:04:55Z,5,1,Facturación y Tarifas
Ugy6BZ20_xIqOLAlnTZ4AaABAg,wlVtVw0_lPc,Registra tu línea prepago 📱🤩,Claro RD,@JoanMiranda-p9s4k,Tengo que activar mi sim,2025-12-16T18:42:38Z,4,0,Facturación y Tarifas
Ugwz4QQyhWXN1A5INu14AaABAg,S1_jiDCsjBA,Claro RD - 4ta. Generación de Fibra Óptica,Claro RD,@nathaliegomez1825,Me encanta esto tipo de comercial.,2025-12-15T23:13:36Z,0,1,Fibra Óptica e Internet Hogar
UgyO1SAiV8rsSJIth0l4AaABAg,km5bSERHQuQ,cómo poner señal 5g en tu teléfono,Claro RD,@AngélicaMaríaMoralesRangel,Solo se puede en algunos así que no se deseperen,2025-12-14T03:05:29Z,10,0,Red Móvil y Cobertura 5G
Ugypw9XSFZUZHPe0h1d4AaABAg,qLxWDavp0bg,¿Cómo llamar a CLARO Servicio al cliente? en TODOS los países,Claro RD,@VerónicaAlexis-g7f,Jajajaja,2025-12-14T00:55:57Z,2,1,Atención al Cliente y Soporte
UgyqzZQPNybqNN5iM9l4AaABAg,cXJfXbWC248,👉CON ESTE CODIGO EVITAS que CLARO te CONSUMA SALDO SIN PERMISO.,Claro RD,@teresasosa3595,No responde,2025-12-13T11:46:52Z,0,0,Experiencia General de Marca
UgwnhnHDie0fudsZAEV4AaABAg,wlVtVw0_lPc,Registra tu línea prepago 📱🤩,Claro RD,@BradisantonioGARCIA,Como ago para saber mi bono claro,2025-12-06T00:35:58Z,0,0,Facturación y Tarifas
UgwkzI8Boqx0tEl0BaN4AaABAg,km5bSERHQuQ,cómo poner señal 5g en tu teléfono,Claro RD,@virtuosasoy,NADA Q VER!!😂,2025-12-02T03:40:39Z,8,0,Red Móvil y Cobertura 5G
Ugw_yUVs8hOjFEzP47J4AaABAg,cXJfXbWC248,👉CON ESTE CODIGO EVITAS que CLARO te CONSUMA SALDO SIN PERMISO.,Claro RD,@andresrodriguezsanchez-jo7lp,Baba,2025-12-01T23:29:46Z,0,0,Experiencia General de Marca
UgzbfL_jU2e2RCoyt2N4AaABAg,wlVtVw0_lPc,Registra tu línea prepago 📱🤩,Claro RD,@MateoHer-w1d,😮😮😮😮,2025-12-01T02:57:07Z,0,0,Facturación y Tarifas
UgzTQPJogK5Q9dKGH1t4AaABAg,LS31ag67aww,Claro RD - Pasos para activar Red 5G en tu equipo Android,Claro RD,@jmdeltrap,😂😂 eso no funciona almenos no por mi zona 5 g de Claro es más marketing que otra cosa,2025-11-30T00:16:23Z,0,0,Red Móvil y Cobertura 5G
Ugz1sezqKOiIvgeeVit4AaABAg,TKWpVefFVkQ,La Mejor compañía internet móvil de República Dominicana.,Claro RD,@juanmlb1686,Yo digo que claro 1000 por míl velocidad y señal en realidad claro y altice tienen la real competencia... Claro tiene en la degradación ventaja puedes poner un paquete plus que es ásperisimo....,2025-11-29T15:26:40Z,0,1,Fibra Óptica e Internet Hogar
UgxPZ6kqcz-Bda5DLkx4AaABAg,lAvgw83L_dw,Claro RD - Activa la Red 5G en tu iPhone,Claro RD,@Ilbintheis,Yo tengo el 17 pro max y nunca tengo cobertura de 5G,2025-11-28T22:00:35Z,0,1,Red Móvil y Cobertura 5G
UgzjeSA9BjgXJHqqre14AaABAg,cXJfXbWC248,👉CON ESTE CODIGO EVITAS que CLARO te CONSUMA SALDO SIN PERMISO.,Claro RD,@FabianaMatosVazquez-zd1np,Importante,2025-11-27T17:19:55Z,0,0,Experiencia General de Marca
UgyYZzY1DyUUMP2UglB4AaABAg,wlVtVw0_lPc,Registra tu línea prepago 📱🤩,Claro RD,@flakita5575,Claro roba puse una recarga y nunca me llegó,2025-11-27T03:53:57Z,3,1,Facturación y Tarifas
Ugz3mbvGh4ZlONUOVzZ4AaABAg,HmoDQRaxFNs,Claro RD - 4ta. Generación de Fibra Óptica (módem),Claro RD,@johelinck7566,"Que hermoso, lastima que aquí ando sufriendo con 10mb y se cae en un municipio tan grande como Vicente noble 😂😂😂",2025-11-25T22:56:14Z,2,0,Fibra Óptica e Internet Hogar
UgwcO0OSfL_yqHLLQLJ4AaABAg,32ad78KOfW4,CÓMO LLAMAR A SERVICIOS DE CLARO,Claro RD,@Nicolas_7_94,El Claro fijo Argentina. ¿Se configura como tonos o pulso? Para marcación,2025-11-25T16:16:16Z,0,1,Atención al Cliente y Soporte
UgzsUfjR-_vLaTYffPl4AaABAg,32ad78KOfW4,CÓMO LLAMAR A SERVICIOS DE CLARO,Claro RD,@GilbertoEchavez-g3m3n,Guiero pedir ablar con un asesor para solicitar un plan,2025-11-25T10:42:23Z,0,0,Atención al Cliente y Soporte
UgwW8ZQLKhQ5CjKuVJN4AaABAg,S1_jiDCsjBA,Claro RD - 4ta. Generación de Fibra Óptica,Claro RD,@zeuski117,"Háganlo disponible en todo Santo Domingo, tendré que mudarme al centro de la ciudad solo para poner el nuevo plan de 1000mbps 😭😢",2025-11-21T14:12:10Z,1,1,Fibra Óptica e Internet Hogar
Ugyznw9p7yJ9hzHcWTV4AaABAg,qLxWDavp0bg,¿Cómo llamar a CLARO Servicio al cliente? en TODOS los países,Claro RD,@candidomolina9771,quiero informacion de servicio al cliente de claro en Honduras,2025-11-20T22:02:29Z,2,1,Atención al Cliente y Soporte
Ugx4akwM6XCRiBrfk0l4AaABAg,TKWpVefFVkQ,La Mejor compañía internet móvil de República Dominicana.,Claro RD,@juanson1967,"De acuerdo contigo claro velocidad buenos equipos,  altice cobertura precios asequibles y viva buenos precios pero muy inevitable",2025-11-20T14:35:21Z,1,1,Fibra Óptica e Internet Hogar
UgxStOKV36pBk73KDQt4AaABAg,niYeqdxGxy4,Claro RD Prueba de velocidad plan 10mbps fibra optica,Claro RD,@apirela4142,ha sido el mejor internet que he tenido,2025-11-18T16:07:47Z,1,0,Fibra Óptica e Internet Hogar
UgxqHK5d8eiD8WbD5hF4AaABAg,HmoDQRaxFNs,Claro RD - 4ta. Generación de Fibra Óptica (módem),Claro RD,@elche452,"exelente, la pregunta seria.. habrán planes de mas de 1GIGA en el futuro cercano?",2025-11-17T17:10:38Z,1,0,Fibra Óptica e Internet Hogar
Ugyoi9Ie38heC7nfAXR4AaABAg,OwIQi9ngosg,La red 5G de Claro llega a más ciudades,Claro RD,@AlbertoSalas-k1z,Me gusta.Q la  rey de un servicio,2025-11-15T17:11:41Z,1,0,Red Móvil y Cobertura 5G
Ugy5O-0B1vgU2HiO0S94AaABAg,LS31ag67aww,Claro RD - Pasos para activar Red 5G en tu equipo Android,Claro RD,@nicosalvadorberiguete185,Es gratis?,2025-11-15T15:18:24Z,0,0,Red Móvil y Cobertura 5G
UgwB7eXRVSY_nw7pd-h4AaABAg,32ad78KOfW4,CÓMO LLAMAR A SERVICIOS DE CLARO,Claro RD,@SergioGonzález-k5w,Que me respondan pronto muchss grs.,2025-11-12T00:06:27Z,0,0,Atención al Cliente y Soporte
UgwCeqj1fihPQVrDclB4AaABAg,LS31ag67aww,Claro RD - Pasos para activar Red 5G en tu equipo Android,Claro RD,@robelrosario5145,Yo estoy molesto con claro quiero activarme cinco veces de mi casa y no me han podido activar mi 5g tengo un s25 Plus anteriormente tenía un a56 5g y lo tenía activado en ese ahora quiero activarlo en este y no me dejan estoy molesto,2025-11-10T03:36:42Z,0,0,Red Móvil y Cobertura 5G
UgzPwj6ZuQtUb0yCq6B4AaABAg,S1_jiDCsjBA,Claro RD - 4ta. Generación de Fibra Óptica,Claro RD,@gabrielramirez-s7f,Una nueva fibra espero qué no sea un disparates dé cajita qué sé frisa como la antes vieja caja qué sé frisa empezemos qué ponga ésa fibra a cada casa😊😊😊,2025-11-05T20:21:08Z,1,0,Fibra Óptica e Internet Hogar
Ugy_d0-ek6QQHrSkfNR4AaABAg,wlVtVw0_lPc,Registra tu línea prepago 📱🤩,Claro RD,@JesusDelrio-z3o,La cagada va en la taza,2025-11-01T20:36:10Z,9,0,Facturación y Tarifas
UgyAxlkxRckslpYoQup4AaABAg,S1_jiDCsjBA,Claro RD - 4ta. Generación de Fibra Óptica,Claro RD,@laconciencia226,Porque con fibra simétrica el ping de subida sigue mucho más alto que el de bajada? Si tengo 5ms de bajada deberían ser 5ms de subida. Arreglen eso para poder jugar de forma óptima..,2025-10-31T14:51:29Z,0,1,Fibra Óptica e Internet Hogar
UgxjdI-8zVaI5vQph6l4AaABAg,LS31ag67aww,Claro RD - Pasos para activar Red 5G en tu equipo Android,Claro RD,@elizabethluciano5783,No me sale nada,2025-10-31T14:08:40Z,0,0,Red Móvil y Cobertura 5G
UgxRobZ0cgHgnop8cR54AaABAg,UUcz7osua48,Claro RD - Ven a claro Prepago con Red 5G sin costo,Claro RD,@Rodríguez-c5d,Lo peor de todo esto es que nadie defiende al cliente lo están metiendo frío por eso es que tenemos que emigrar a otra compañía,2025-10-30T21:29:19Z,0,0,Red Móvil y Cobertura 5G
UgwYML2n3YkAmFrKUKF4AaABAg,UUcz7osua48,Claro RD - Ven a claro Prepago con Red 5G sin costo,Claro RD,@Rodríguez-c5d,Es lamentable pero está compañía no está estafando con los paqueticos de internet ya un paquetico de 3 días se vive frisando la imagen porque ya no tiene nada de giga,2025-10-30T21:28:55Z,0,0,Fibra Óptica e Internet Hogar
UgygAWgsKaI-bpoxy054AaABAg,wlVtVw0_lPc,Registra tu línea prepago 📱🤩,Claro RD,@locosenseiadrada4031,Al parecer el problema de la expedición ws la misma mierda para todo y nadie da información 🙄,2025-10-29T01:00:52Z,18,4,Facturación y Tarifas
Ugymw1HEiSlizUKgnM94AaABAg,S1_jiDCsjBA,Claro RD - 4ta. Generación de Fibra Óptica,Claro RD,@Normandord,Cuando se incluyen en multiplan con tv y telefonía,2025-10-23T18:43:20Z,1,0,Fibra Óptica e Internet Hogar
Ugx8Q2RhlGTW3tXewzh4AaABAg,qLxWDavp0bg,¿Cómo llamar a CLARO Servicio al cliente? en TODOS los países,Claro RD,@DarlingOrtez-g1w,No tenemos señal para ver tv,2025-10-21T20:35:41Z,1,1,Atención al Cliente y Soporte
UgzJeSK7Gv75pv0Kow14AaABAg,LS31ag67aww,Claro RD - Pasos para activar Red 5G en tu equipo Android,Claro RD,@DulceModesto-g5w,Apn 5g es igual que LTE,2025-10-20T21:52:40Z,0,0,Red Móvil y Cobertura 5G
Ugz8Zan1ogmouvkr_RZ4AaABAg,qLxWDavp0bg,¿Cómo llamar a CLARO Servicio al cliente? en TODOS los países,Claro RD,@MarioOrtiz-w3y,Tigo muy pronto..claro sin conexión..,2025-10-17T01:21:55Z,1,1,Atención al Cliente y Soporte
UgxrjOu-xtTrIaKq_-94AaABAg,wlVtVw0_lPc,Registra tu línea prepago 📱🤩,Claro RD,@OlgaYaguapaz,Cómo ago con la fecha de expedición.... Avisen inteligentes,2025-10-15T17:31:58Z,1,6,Facturación y Tarifas
UgySjcGAlvyg9e-D-CZ4AaABAg,UUcz7osua48,Claro RD - Ven a claro Prepago con Red 5G sin costo,Claro RD,@Maríaluisa-d9z4u,"Debo renovar mi pasaporte,a ver si me quieren visar, me la negaron dos vecese en el 79 y en el 80.",2025-10-15T00:39:02Z,1,0,Red Móvil y Cobertura 5G
Ugw5keyRcrV8MAW9EhN4AaABAg,TKWpVefFVkQ,La Mejor compañía internet móvil de República Dominicana.,Claro RD,@angelliranzo4492,Ahora mismo el internet de altice está malísimo se degrada de una vez 😤😑😴,2025-10-14T22:06:25Z,0,1,Fibra Óptica e Internet Hogar
UgyWaiL-YQmF31DVHYh4AaABAg,zE4mlgdWzYg,como configurar Apn 5G 4G claro Dominicana,Claro RD,@ErinelsonSánchez-l1t,El mejor coñaso 🎉😂,2025-10-14T03:41:22Z,1,0,Red Móvil y Cobertura 5G
Ugy6845to51vkOjKQAR4AaABAg,wlVtVw0_lPc,Registra tu línea prepago 📱🤩,Claro RD,@NéstorPalmar-i6s,A mí me pasa igual,2025-10-13T20:57:32Z,0,0,Facturación y Tarifas
UgwcVNLFw7sAJhqzs7Z4AaABAg,UUcz7osua48,Claro RD - Ven a claro Prepago con Red 5G sin costo,Claro RD,@Sabrinacarpentermylove,Twice i'm not,2025-10-13T19:59:58Z,1,0,Red Móvil y Cobertura 5G
UgwD0mBxpCxFYJDdCgp4AaABAg,km5bSERHQuQ,cómo poner señal 5g en tu teléfono,Claro RD,@carsh..523,"Eso ya vine activado por defecto en los teléfonos,  y  eso es algo viejo eso no es nuevo",2025-10-12T19:24:04Z,21,1,Red Móvil y Cobertura 5G
UgwyrMj5nE-flJdF6aR4AaABAg,UUcz7osua48,Claro RD - Ven a claro Prepago con Red 5G sin costo,Claro RD,@francisconovas3375,Quiero mi número  me lo quitaron,2025-10-12T16:59:25Z,1,1,Red Móvil y Cobertura 5G
Ugzu-wxi-y9jBaWVSmh4AaABAg,S1_jiDCsjBA,Claro RD - 4ta. Generación de Fibra Óptica,Claro RD,@rj3.122,El mejor💪🏾,2025-10-12T04:04:41Z,2,1,Fibra Óptica e Internet Hogar
Ugx2NOO_lCISxLhNY3F4AaABAg,wlVtVw0_lPc,Registra tu línea prepago 📱🤩,Claro RD,@ErwinOrtiz1996,Por favor puede ayudarme con la expedicion es todo pegado? O que debo poner,2025-10-11T17:08:25Z,2,2,Facturación y Tarifas
UgzGNbNTmzE2jrdreCJ4AaABAg,S1_jiDCsjBA,Claro RD - 4ta. Generación de Fibra Óptica,Claro RD,@thechronox,y los 10Gbps para cuando? osea lo muestran pero no lo ofrecen,2025-10-11T16:26:10Z,4,3,Fibra Óptica e Internet Hogar
UgwIjJKGmY6zklZ0cux4AaABAg,S1_jiDCsjBA,Claro RD - 4ta. Generación de Fibra Óptica,Claro RD,@Josmart365,Ah caray dejarán de mentirle a los clientes !,2025-10-11T11:29:36Z,2,2,Fibra Óptica e Internet Hogar
Ugx-KaLnRnko8X7U66t4AaABAg,S1_jiDCsjBA,Claro RD - 4ta. Generación de Fibra Óptica,Claro RD,@EugenioMartínez17,👏👏👏👏,2025-10-11T02:05:58Z,3,0,Fibra Óptica e Internet Hogar
UgxfqXq56FhQZIqYzr14AaABAg,S1_jiDCsjBA,Claro RD - 4ta. Generación de Fibra Óptica,Claro RD,@chistes-o8comedi,Que bueno,2025-10-10T22:27:14Z,3,1,Fibra Óptica e Internet Hogar
UgxZXyGQMpQnOZpoHCp4AaABAg,S1_jiDCsjBA,Claro RD - 4ta. Generación de Fibra Óptica,Claro RD,@elche452,"muy bien, porque eso da paso a nuevas velosidades y mejoras en al red en el futuro",2025-10-10T22:15:34Z,15,1,Fibra Óptica e Internet Hogar
UgxeKv-y0CyGU1n5IFl4AaABAg,lAvgw83L_dw,Claro RD - Activa la Red 5G en tu iPhone,Claro RD,@ivelissereyes4845,Solo me sale 3G y LTE,2025-10-09T20:11:31Z,1,2,Red Móvil y Cobertura 5G
UgyDpmuREyzizCmlBEJ4AaABAg,ekdDZO1zQCk,📶 Configuración APN Claro RD 2026 | Internet 4G/5G rápido en tu celular,Claro RD,@WilsonInoa,"Saludos y bendiciones! tengo una duda y me gustaría si me puedes aclarar esto. el tipo de APN que especificaste es ""default,supl,scap"". Mi pregunta seria es scap o  xcap?. pregunto porque por defecto claro manda de manera automática esta configuración en algunos celulares. Seria de gran importancia saber esto.",2025-10-09T14:02:58Z,0,0,Fibra Óptica e Internet Hogar
Ugz9ue2ZJiMjjklZe714AaABAg,qLxWDavp0bg,¿Cómo llamar a CLARO Servicio al cliente? en TODOS los países,Claro RD,@fernandozapata4311,"Nesecito llamar a Claro en Nicaragua, pueddn por f proceeded el numero alla en managua?",2025-10-06T20:03:50Z,2,1,Atención al Cliente y Soporte
UgyJdf8oaKNl3NeoVLh4AaABAg,qLxWDavp0bg,¿Cómo llamar a CLARO Servicio al cliente? en TODOS los países,Claro RD,@LunaNovas-f9c,Necesito que me ayuden a recibir el código de WhatsApp por favor,2025-10-02T18:23:35Z,1,3,Atención al Cliente y Soporte
UgyPgd5X5okDRsDuivF4AaABAg,ekdDZO1zQCk,📶 Configuración APN Claro RD 2026 | Internet 4G/5G rápido en tu celular,Claro RD,@drbabyface4u2,Como activa la sección de mms que no me trabaja bien,2025-09-30T06:14:29Z,0,0,Fibra Óptica e Internet Hogar
Ugz9WkTvEjDbek4LWqJ4AaABAg,qLxWDavp0bg,¿Cómo llamar a CLARO Servicio al cliente? en TODOS los países,Claro RD,@nimiaoviedo6134,Por favor me dicen q cambiar mi chip  q pasa con mi linea,2025-09-27T12:57:19Z,1,1,Red Móvil y Cobertura 5G
Ugz20CcP8QbkzSKOuQF4AaABAg,qLxWDavp0bg,¿Cómo llamar a CLARO Servicio al cliente? en TODOS los países,Claro RD,@nimiaoviedo6134,Yo tengo cortada mi linea,2025-09-26T14:51:41Z,1,0,Red Móvil y Cobertura 5G
UgyVbIRreVuXhk9u2794AaABAg,lAvgw83L_dw,Claro RD - Activa la Red 5G en tu iPhone,Claro RD,@adonis.ba31,A mi no me sale 16 pro Max solo 3G y LTE,2025-09-26T10:32:50Z,1,2,Red Móvil y Cobertura 5G
Ugy_0bCTuVoJ6shCQEZ4AaABAg,zE4mlgdWzYg,como configurar Apn 5G 4G claro Dominicana,Claro RD,@gabrielitoheredia6333,Pero quedo igual yo lo que necesito es qje me aparezca la.opcion de modo de red en redes móviles,2025-09-22T20:34:13Z,0,0,Red Móvil y Cobertura 5G
UgyXnVgyOi_P99u-WNN4AaABAg,TKWpVefFVkQ,La Mejor compañía internet móvil de República Dominicana.,Claro RD,@AlexanderJimenezSanchez-g9w,Ami me gusta mas altice es muy rapido y tiene buena cobertura 🛜,2025-09-17T12:31:02Z,1,1,Fibra Óptica e Internet Hogar
UgwPhKwesv49fUyXwhN4AaABAg,OwIQi9ngosg,La red 5G de Claro llega a más ciudades,Claro RD,@marthaefe7149,Dispositivo móvil wifi,2025-09-16T09:11:26Z,1,0,Fibra Óptica e Internet Hogar
UgyJJpDaSBAbYIkdND14AaABAg,LS31ag67aww,Claro RD - Pasos para activar Red 5G en tu equipo Android,Claro RD,@catracho5465,Se puede con una sim card 4G LTE con versión V06.01 LTE?,2025-09-13T01:37:15Z,0,0,Red Móvil y Cobertura 5G
UgxOi_zsDroA8nlgnKl4AaABAg,km5bSERHQuQ,cómo poner señal 5g en tu teléfono,Claro RD,@joaquindavidgarcia7102,Y en mi s24 ultra,2025-09-11T01:20:39Z,5,2,Red Móvil y Cobertura 5G
UgwiF05py0MvPeg3T3F4AaABAg,9KLGU3mLPng,Claro RD - Internet en Fibra Óptica para el Hogar,Claro RD,@novedadesnotas4291,Que modems ofrecen para el hogar?,2025-09-07T15:02:21Z,0,0,Fibra Óptica e Internet Hogar
UgxKhI5skSiEVercuRJ4AaABAg,wpSBLTr1UFI,¿Cómo ATENDER QUEJAS y RECLAMOS de los CLIENTES?,Claro RD,@LewisAbraham-i5k,hola,2025-09-02T20:52:33Z,1,1,Atención al Cliente y Soporte
UgyhJjZoqfsUDVVk7654AaABAg,LS31ag67aww,Claro RD - Pasos para activar Red 5G en tu equipo Android,Claro RD,@leyendasdelboxeo4711,Por si no le aparece tienen que desactivar el ahorro de energía,2025-09-02T19:28:01Z,1,0,Red Móvil y Cobertura 5G
UgxzNNAWnx4Bvh3EgGB4AaABAg,lAvgw83L_dw,Claro RD - Activa la Red 5G en tu iPhone,Claro RD,@luisdavidvasquezmejia8185,"Si me funcionó. iPhone 13 Pro Max, Republica Dominicana",2025-09-02T14:21:02Z,2,1,Red Móvil y Cobertura 5G
UgwZ_qfaffEgiorTDrR4AaABAg,lAvgw83L_dw,Claro RD - Activa la Red 5G en tu iPhone,Claro RD,@DarioNunez-tg5fw,Una promoción para que tú les gates menos datas a la compañía de un paquete que tú ya compraste.  Póngalos LTE. ES MUCHO MEJOR,2025-09-02T14:20:43Z,1,0,Red Móvil y Cobertura 5G
UgwQniQvl9CeEr4UBmV4AaABAg,lAvgw83L_dw,Claro RD - Activa la Red 5G en tu iPhone,Claro RD,@margaritaricartgarcia3043,Lo pasan demasiado rápido para mi edad jajaja,2025-09-02T13:17:45Z,0,0,Red Móvil y Cobertura 5G
Ugw6smf8vkQhqcpwFGx4AaABAg,qLxWDavp0bg,¿Cómo llamar a CLARO Servicio al cliente? en TODOS los países,Claro RD,@Tonyel789,"Maloo Claro, no está cuando el cliente lo necesita, al quedarse sin datos automáticamente corta el servicio y te avisa que puedes recargar packs y te ofrece varias posibilidades, Pero o sorpresa cuando intentas recargar te dice que no tienes conexión a internet....lo que es una obviedad, si tratas de recargar es porque has quedado sin datos por lo tanto sin señal que la empresa automáticamente la bloquea. O sea Cuando más lo Necesitas "" Claro"" nunca está. Te abandona. De argentina",2025-09-01T15:28:51Z,1,1,Fibra Óptica e Internet Hogar
Ugz0Iblgo2zSzzx-l2p4AaABAg,qLxWDavp0bg,¿Cómo llamar a CLARO Servicio al cliente? en TODOS los países,Claro RD,@thelmamercado4289,Si servicio s está loudin siempre,2025-08-30T11:33:24Z,1,1,Atención al Cliente y Soporte
UgwRR-FWSA_jHD_Irdl4AaABAg,LS31ag67aww,Claro RD - Pasos para activar Red 5G en tu equipo Android,Claro RD,@olgavargas3995,Es gratis,2025-08-29T20:44:56Z,1,0,Red Móvil y Cobertura 5G
Ugxfx62lpDIOg8wFeKl4AaABAg,km5bSERHQuQ,cómo poner señal 5g en tu teléfono,Claro RD,@MrsMarian97,Lo hice y ya estaba activado pero continua en 4g,2025-08-28T00:24:54Z,2,2,Red Móvil y Cobertura 5G
UgxYqPrFn-h-IYmrevB4AaABAg,LS31ag67aww,Claro RD - Pasos para activar Red 5G en tu equipo Android,Claro RD,@elkinmarchena,"Tengo un s25 ultra de un momento a otro dejo de reconocer el 5g he ido a servcio al cliente y me dicen que eso es normal, que ustdes me puden dwcir",2025-08-27T23:55:38Z,0,1,Red Móvil y Cobertura 5G
UgyimWzXVciLVrt4YbF4AaABAg,LS31ag67aww,Claro RD - Pasos para activar Red 5G en tu equipo Android,Claro RD,@luzbethaniareyes9348,"Mi A15 llega a 5G, está correcto?",2025-08-27T21:46:31Z,0,0,Red Móvil y Cobertura 5G
UgzIyUJqCxQhu3peB414AaABAg,LS31ag67aww,Claro RD - Pasos para activar Red 5G en tu equipo Android,Claro RD,@yuleisigonzalez1357,"Bueno en éste teléfono TCL 503 solo llega hasta 4G, pero en un Motorola que tengo si me funciona el 5g, pero en el TCL no😢",2025-08-27T21:01:09Z,2,0,Red Móvil y Cobertura 5G
Ugwn5IY-3uYRMAsBqSJ4AaABAg,LS31ag67aww,Claro RD - Pasos para activar Red 5G en tu equipo Android,Claro RD,@dimelosuriel,No funciona,2025-08-27T18:52:25Z,0,0,Red Móvil y Cobertura 5G
UgwkwDkj-RXkRXUl-5Z4AaABAg,Y_podfZuCJ8,La red 5G de Claro llega a más ciudades,Claro RD,@JOSEANTONIOKASTJAKPRESI2026,Pésimo Internetttt; Peor Qué Petro....,2025-08-27T09:16:05Z,2,2,Fibra Óptica e Internet Hogar
UgyVbAJeGMguwVcfYs54AaABAg,LS31ag67aww,Claro RD - Pasos para activar Red 5G en tu equipo Android,Claro RD,@Lareinaesthere5u,Una pregunta cómo se hace en un tcl,2025-08-24T13:26:23Z,5,0,Red Móvil y Cobertura 5G
UgwAq0ifmlRksH47keB4AaABAg,cXJfXbWC248,👉CON ESTE CODIGO EVITAS que CLARO te CONSUMA SALDO SIN PERMISO.,Claro RD,@yomarisguerrero4408,Gracias 😊,2025-08-23T16:15:01Z,0,0,Experiencia General de Marca
UgxflG3zZyooHQkQ-3t4AaABAg,cXJfXbWC248,👉CON ESTE CODIGO EVITAS que CLARO te CONSUMA SALDO SIN PERMISO.,Claro RD,@edgarnavarroflores6993,Paquetico patético jajajajja,2025-08-22T22:05:31Z,0,0,Planes y Promociones
UgwoTjmKZTHCGALpGG54AaABAg,cXJfXbWC248,👉CON ESTE CODIGO EVITAS que CLARO te CONSUMA SALDO SIN PERMISO.,Claro RD,@edgarnavarroflores6993,No te entendí ni madres chico oye chico valió cabeza chico,2025-08-22T22:05:03Z,0,0,Experiencia General de Marca
UgwKa47JAK4zYy-X2dR4AaABAg,cXJfXbWC248,👉CON ESTE CODIGO EVITAS que CLARO te CONSUMA SALDO SIN PERMISO.,Claro RD,@MichelleRamos_w,Helli,2025-08-20T16:14:10Z,0,0,Experiencia General de Marca
UgwyYt5vMmqZiD72D8h4AaABAg,lAvgw83L_dw,Claro RD - Activa la Red 5G en tu iPhone,Claro RD,@angelicaajimenez9088,A mi solo me sale la opción LTE Y 3G,2025-08-18T17:25:54Z,12,0,Red Móvil y Cobertura 5G
Ugxx24HqTSKkWQLADOR4AaABAg,cXJfXbWC248,👉CON ESTE CODIGO EVITAS que CLARO te CONSUMA SALDO SIN PERMISO.,Claro RD,@LaNieves06,"Ya me e tragado 3 regaños de parte de mis padres porque se me gasta el saldo y yo no llamo a nadie, ya es la pta tercera vez que de la nada ya no tengo saldo, necesito saber que  hacer",2025-08-15T13:46:29Z,10,4,Experiencia General de Marca
Ugz9jiBHJG_2hy70M_14AaABAg,cXJfXbWC248,👉CON ESTE CODIGO EVITAS que CLARO te CONSUMA SALDO SIN PERMISO.,Claro RD,@CleysonGranda,Ese es para operador BITEL?,2025-08-14T12:55:15Z,1,0,Experiencia General de Marca
Ugxi50CPwvMIsa0WWxl4AaABAg,LS31ag67aww,Claro RD - Pasos para activar Red 5G en tu equipo Android,Claro RD,@Jnagomez,"Galaxy s24 ultra, vengo usando 5g desde  10 meses, y desde el mes pasado no me carga 5g, le coloco una sim card de mi esposa de la compañía altice y entra en 5g, fui a servicio técnico y no han podido darme una solución",2025-08-14T03:05:58Z,0,7,Red Móvil y Cobertura 5G
Ugy_K0RQ5RceXpOZsTZ4AaABAg,km5bSERHQuQ,cómo poner señal 5g en tu teléfono,Claro RD,@botsitork9,Ayudame bro tengo un galaxy a32,2025-08-13T07:45:20Z,2,1,Red Móvil y Cobertura 5G
Ugww68GP5XPATCgNzVp4AaABAg,cXJfXbWC248,👉CON ESTE CODIGO EVITAS que CLARO te CONSUMA SALDO SIN PERMISO.,Claro RD,@MariaRuiz-yc8fu,Compré rouming a República no me dieron el servicio y cuando llegó la factura pase de pagar $34.800 a $234.199,2025-08-11T17:25:07Z,6,0,Atención al Cliente y Soporte
UgzKsptNrnJeYibJIFx4AaABAg,cXJfXbWC248,👉CON ESTE CODIGO EVITAS que CLARO te CONSUMA SALDO SIN PERMISO.,Claro RD,@NenaMancillas-v7y1k,Ok,2025-08-10T18:26:12Z,0,0,Experiencia General de Marca
UgzLztssUnJR11-fjS94AaABAg,lAvgw83L_dw,Claro RD - Activa la Red 5G en tu iPhone,Claro RD,@verlineluissaint671,"No es difícil, primero toca general y segundo actualización de software y después vas a dejar que descargue después vas a tocar red celular después tú vas a activar opciones  después vos y datos y para terminar vas a tocar el primero 5G automática y ya👌🏽",2025-08-07T02:19:00Z,0,1,Red Móvil y Cobertura 5G
UgwJrUEYB4evuQIpcFV4AaABAg,QjLuuKrVvjA,claro es una mierda llamada  a  claro mal servicio,Claro RD,@marysoto7406,Nokia claro llamada,2025-08-02T00:10:15Z,0,0,Atención al Cliente y Soporte
UgxpEQfwAeIsXUiOoZx4AaABAg,QjLuuKrVvjA,claro es una mierda llamada  a  claro mal servicio,Claro RD,@marysoto7406,Entel Colombia no existe???,2025-08-01T23:46:29Z,0,0,Atención al Cliente y Soporte
UgzjaFcy8lVb5bt9B9V4AaABAg,QjLuuKrVvjA,claro es una mierda llamada  a  claro mal servicio,Claro RD,@marysoto7406,Nokia llamada,2025-08-01T23:45:13Z,0,0,Atención al Cliente y Soporte
UgzfOa2mTcNDx-g3a994AaABAg,QjLuuKrVvjA,claro es una mierda llamada  a  claro mal servicio,Claro RD,@marysoto7406,Samsung Galaxy S3 Mimi,2025-08-01T23:43:59Z,0,0,Atención al Cliente y Soporte
UgxvHqoyCA9QjOV1TxR4AaABAg,QjLuuKrVvjA,claro es una mierda llamada  a  claro mal servicio,Claro RD,@marysoto7406,Otro lado,2025-08-01T20:26:19Z,0,0,Atención al Cliente y Soporte
UgzqCHiA2jfua72A9Hp4AaABAg,QjLuuKrVvjA,claro es una mierda llamada  a  claro mal servicio,Claro RD,@marysoto7406,Claro compañia telefonica mmmmmm cotes internet,2025-08-01T20:25:59Z,0,0,Fibra Óptica e Internet Hogar
UgyMimezvp-pwBJGpol4AaABAg,32ad78KOfW4,CÓMO LLAMAR A SERVICIOS DE CLARO,Claro RD,@luzalalcancedetodos,No pueden facilitar un simple número para onformes,2025-07-30T22:44:19Z,0,0,Atención al Cliente y Soporte
Ugx_LFjrkH_Y3IiFXg54AaABAg,LS31ag67aww,Claro RD - Pasos para activar Red 5G en tu equipo Android,Claro RD,@bethaniapolanco6222,El mío no dice solo llega a 4G pero igual nunca la coge y la señal está pésima 😢😢😢 es un redmi A5,2025-07-30T19:32:11Z,2,1,Red Móvil y Cobertura 5G
Ugw51JKW-_h69rrPrqd4AaABAg,LS31ag67aww,Claro RD - Pasos para activar Red 5G en tu equipo Android,Claro RD,@miguelinbonilla6259,Tengo un s21ultra  y solo pone 4G+,2025-07-29T00:41:06Z,1,0,Red Móvil y Cobertura 5G
Ugye9y809SqspH73ql54AaABAg,OwIQi9ngosg,La red 5G de Claro llega a más ciudades,Claro RD,@josedelossantostenjoparra1944,Por favor tratemen con cuidado soy Discapacitado mis enfermedades son: 1) Blefaroespasmo Bilateral Severo 2) Polineuropatía Acsono Mielininica.en las cuatro extremidades y.3) Sialorrea,2025-07-26T19:42:38Z,0,0,Red Móvil y Cobertura 5G
UgzsQynIJw4RapfOHP14AaABAg,32ad78KOfW4,CÓMO LLAMAR A SERVICIOS DE CLARO,Claro RD,@jose6420251,Como comunicarme,2025-07-23T11:43:17Z,0,0,Atención al Cliente y Soporte
UgybbV51VjXFeXGxlqh4AaABAg,qLxWDavp0bg,¿Cómo llamar a CLARO Servicio al cliente? en TODOS los países,Claro RD,@OscarArmandoChávezMéndez-l7i,Acabo de recargar y no he recibido mi beneficio de recarg,2025-07-23T01:58:46Z,1,1,Atención al Cliente y Soporte
UgwkC76UlLGIyNUjujl4AaABAg,OwIQi9ngosg,La red 5G de Claro llega a más ciudades,Claro RD,@katherineruiz9323,"Me ofende que Claro siempre quiera meterle a uno un plan postpago, ahora es 5G solo para plan postpago y no lo dicen claramente ni cuando uno llama. Qué me acerque a una de las sucursales físicas cuando llamé a la línea de atención, ojalá no me ofrezcan ese postpago porque me llevo mi plata a otro operador, a la mala nada. Tienen tanta plata que no entiendo cuál es el hambre por meterme a postpago",2025-07-17T16:52:43Z,0,0,Red Móvil y Cobertura 5G
Ugy_8IU5UG3L1tztxPF4AaABAg,km5bSERHQuQ,cómo poner señal 5g en tu teléfono,Claro RD,@AuriaCaquias,Tengo un moto motorola g85 5g dónde encuentro esa opción 😢,2025-07-14T17:47:56Z,0,4,Red Móvil y Cobertura 5G
Ugz8Rr97hcQyOePXXZV4AaABAg,cXJfXbWC248,👉CON ESTE CODIGO EVITAS que CLARO te CONSUMA SALDO SIN PERMISO.,Claro RD,@ismaelgonzalez6319,"Otra vez mi línea sin internet ni llamadas ni mensajes
Y ayer recargue y active el plan",2025-07-12T13:22:37Z,12,0,Fibra Óptica e Internet Hogar
UgzyL-IvarZooGuSHpR4AaABAg,lAvgw83L_dw,Claro RD - Activa la Red 5G en tu iPhone,Claro RD,@enmanuellopezvicente8172,Eso no sirve para nada,2025-07-04T03:45:21Z,0,0,Red Móvil y Cobertura 5G
Ugwn3xamkm8YErOjYWV4AaABAg,km5bSERHQuQ,cómo poner señal 5g en tu teléfono,Claro RD,@happyday203-y1c,Tengo un Redmi 13 no tiene la opcion de potencia,2025-07-04T01:36:32Z,1,0,Red Móvil y Cobertura 5G
UgxAkSfmS_Mch__oUkB4AaABAg,32ad78KOfW4,CÓMO LLAMAR A SERVICIOS DE CLARO,Claro RD,@moiseszuniga6559,Nesesito contactarme con un ejecutivo,2025-07-03T18:15:02Z,0,0,Atención al Cliente y Soporte
UgzUAyE_91Pb36SSMgZ4AaABAg,LS31ag67aww,Claro RD - Pasos para activar Red 5G en tu equipo Android,Claro RD,@elmani12,Ya tengo 5G en mi poco F6 😍,2025-06-30T16:36:55Z,3,2,Red Móvil y Cobertura 5G
UgxlMDOV8ZAs8wFpSRd4AaABAg,LS31ag67aww,Claro RD - Pasos para activar Red 5G en tu equipo Android,Claro RD,@gamalypeña,"Yo tengo la e-sim y tengo el 5g activado y nunca pero nunca ha entrado dn claro, en la otra compañía si me dntra",2025-06-30T00:24:21Z,0,1,Red Móvil y Cobertura 5G
Ugwt7Z9TjGrgKX27TZh4AaABAg,LS31ag67aww,Claro RD - Pasos para activar Red 5G en tu equipo Android,Claro RD,@DDOSAMANOTTIOSAMA-z8k,Una pregunta te puedo decir cómo se puede activar el 5g es que el mío es un tecno spark pro 10 y no veo el 5g,2025-06-25T14:47:32Z,4,4,Red Móvil y Cobertura 5G
UgxXLHndMKeqA_bxYkN4AaABAg,zE4mlgdWzYg,como configurar Apn 5G 4G claro Dominicana,Claro RD,@Ricky_Garcia_oficial,Gracias 🎉❤,2025-06-22T15:50:55Z,0,0,Red Móvil y Cobertura 5G
Ugw3iHK7TOSZcMf4PXp4AaABAg,JyYD60E2Vpk,Claro RD - Yo soy Claro - Urbano,Claro RD,@carolinacalderon4031,"ME ENCANTA , MI HIJO ME DICE “MAMI Y ES EN SERIO “ . YO LA SUBO A TODO VOLUMEN.",2025-06-22T13:53:53Z,1,0,Experiencia General de Marca
Ugyuxs2FdsUObjXzQul4AaABAg,qLxWDavp0bg,¿Cómo llamar a CLARO Servicio al cliente? en TODOS los países,Claro RD,@MARIOENRIQUEMAZARIEGOS,"Me da risa porque dice que guardemos respetó y claro cada vez es más lento,ni tar 1 minuto y se va,ya parece que nos estafa ya llamó mi familia y no hacen nada y les hablo con buena gana pero quiero el numero de claro psra decirle todo",2025-06-21T20:16:58Z,1,1,Fibra Óptica e Internet Hogar
Ugz5nuCCk-Q3cwcX2Mp4AaABAg,qLxWDavp0bg,¿Cómo llamar a CLARO Servicio al cliente? en TODOS los países,Claro RD,@gloriannadelarosa461,Pero usted no fue directo para lo que yo quería saber 😂,2025-06-17T20:34:32Z,1,1,Atención al Cliente y Soporte
UgxGQ4Zp1Gx8s4pYM8t4AaABAg,cXJfXbWC248,👉CON ESTE CODIGO EVITAS que CLARO te CONSUMA SALDO SIN PERMISO.,Claro RD,@arturofunati7256,"💲❤️🔥🚨👽⭕UNA ESTAFA! La limitacion de la velocidad es una basura oiga!  Qué es ilimitado? El uso? Pero con límite de velocidad? Jajajaja No son transparentes! Yo en los ANUNCIOS veo qué presumen de ILIMITADOS Pero nunca dicen qué el uso!  La velocidad de descarga no es ilimitada Si, puedes usar las redes ilimitadas con 128Klbs? No mames! Una foto de buena calidad no pesa menos de 1 Mb!",2025-06-14T21:58:41Z,0,1,Experiencia General de Marca
UgxzmET_K0XdHPMy3rh4AaABAg,LS31ag67aww,Claro RD - Pasos para activar Red 5G en tu equipo Android,Claro RD,@esmerlinperez85434ghjñj,No aparece 5g😢,2025-06-13T22:51:12Z,0,1,Red Móvil y Cobertura 5G
UgzBMGPsJ1oGoKTj-nd4AaABAg,LS31ag67aww,Claro RD - Pasos para activar Red 5G en tu equipo Android,Claro RD,@antoni.1001,Y pto pta para cuando?,2025-06-13T21:48:40Z,0,1,Red Móvil y Cobertura 5G
UgwUxqUhrd-qFCO-DOt4AaABAg,LS31ag67aww,Claro RD - Pasos para activar Red 5G en tu equipo Android,Claro RD,@sandyvasquez2607,Tengo un galaxy A52 5G y nunca ha funcionado ese famoso 5G en ninguna parte,2025-06-13T20:00:36Z,1,3,Red Móvil y Cobertura 5G
Ugyu_5H3sKdjb35t4hJ4AaABAg,cXJfXbWC248,👉CON ESTE CODIGO EVITAS que CLARO te CONSUMA SALDO SIN PERMISO.,Claro RD,@InmaMedina-e5e,"Me he quedado sin la Aplicación del teléfono y no puedo llámar y vivo sola.Y también ha desaparecido la App del Santander que me informaba de las operaciones en mi cuenta.Por favor devuelvánme mis aplicaciones
Gracias",2025-06-11T03:15:01Z,0,0,Experiencia General de Marca
Ugw6gKAEPVevwhW_1V14AaABAg,32ad78KOfW4,CÓMO LLAMAR A SERVICIOS DE CLARO,Claro RD,@AnaHidalgo-t9u,Como pedir presta luka,2025-06-10T07:00:52Z,0,0,Atención al Cliente y Soporte
UgyGX-GNQ7ICzHU_vHp4AaABAg,qLxWDavp0bg,¿Cómo llamar a CLARO Servicio al cliente? en TODOS los países,Claro RD,@MariGil-me3ic,Para reportar elcelular,2025-06-09T02:33:03Z,2,1,Atención al Cliente y Soporte
Ugx0xiPyNSJ43L13WOt4AaABAg,qLxWDavp0bg,¿Cómo llamar a CLARO Servicio al cliente? en TODOS los países,Claro RD,@MariGil-me3ic,"Por favor el número grande. En Pereira que no veo, casi",2025-06-09T02:31:31Z,3,1,Atención al Cliente y Soporte
UgyqIzusXBrCQgBegxV4AaABAg,OwIQi9ngosg,La red 5G de Claro llega a más ciudades,Claro RD,@jairopiano3273,"Que va, esta mierda de claro no sirve a cada rato se cae o se vuelve lenta la señal no cargan los vídeos WhatsApp no funciona.. definitivamente no sirve me a tocado solicitar visitas técnicas y nada luego cambio de equipos y nada, luego aumentar las megas y nada, se sigue cayendo y muchas veces por días enteros y los miserables quieren subir hasta los precios.. la verdad es el peor operador q existe en el que me haya podido meter. No saquen excusas mentirosos que en la oficina  tengo Tigo y no pasa ésto... Además no solo es en Bogotá mentirosos... Definitivamente me voy a cambiar.. 🤦🤔",2025-06-07T06:22:29Z,0,0,Fibra Óptica e Internet Hogar
UgwQ1dTXuUICMl1m2u14AaABAg,LS31ag67aww,Claro RD - Pasos para activar Red 5G en tu equipo Android,Claro RD,@josemiguelayalavasquez2955,En mi Google pixel 9 pro XL no me funciona 😢,2025-06-04T01:50:57Z,0,1,Red Móvil y Cobertura 5G
UgxNxwNc2GBo75QHHm94AaABAg,cXJfXbWC248,👉CON ESTE CODIGO EVITAS que CLARO te CONSUMA SALDO SIN PERMISO.,Claro RD,@Roman_influencer,Kola,2025-06-01T08:19:10Z,0,0,Experiencia General de Marca
UgwOKovwIVHuJXbkC4d4AaABAg,lAvgw83L_dw,Claro RD - Activa la Red 5G en tu iPhone,Claro RD,@cristinadelacruz7220,Eso lo pasan muy rápido 🤔🤔,2025-05-26T21:52:15Z,2,0,Red Móvil y Cobertura 5G
Ugxm7hvzC-tHwP_Kc3p4AaABAg,LS31ag67aww,Claro RD - Pasos para activar Red 5G en tu equipo Android,Claro RD,@annyguerrero630,Yo tengo un poco x4 y no lo puedo hacer,2025-05-26T19:41:30Z,0,0,Red Móvil y Cobertura 5G
Ugz1kZLCmiYOoQVzr6t4AaABAg,JyYD60E2Vpk,Claro RD - Yo soy Claro - Urbano,Claro RD,@claudioauden1459,Dieron un palo con ese temazo! Muy melodioso! Linto tema! La botó melymel y Chimbala! 👏🏾👏🏾👏🏾👏🏾👏🏾👏🏾,2025-05-13T14:38:55Z,0,0,Experiencia General de Marca
UgywVr5Btaviw0kYsft4AaABAg,zE4mlgdWzYg,como configurar Apn 5G 4G claro Dominicana,Claro RD,@estebantavarez3822,"Me funcionó, gracias",2025-05-13T01:07:53Z,0,0,Red Móvil y Cobertura 5G
UgypG39ur4SYk9_NfDN4AaABAg,JyYD60E2Vpk,Claro RD - Yo soy Claro - Urbano,Claro RD,@SucesosBorrados,Vale esta chulisimo el anuncio hay dos cosas magistrales el bailecito coreografeado y la chica cantando tiene una voz espectacular 😊,2025-05-06T20:15:13Z,0,0,Experiencia General de Marca
UgzZuXilXVt9Cp0SZGp4AaABAg,zE4mlgdWzYg,como configurar Apn 5G 4G claro Dominicana,Claro RD,@alabanza-cristianaTV,Yo tengo una tablet que sale 4G pero no tiene chip porque es marca SKY  DEVICE,2025-05-01T21:24:40Z,0,0,Red Móvil y Cobertura 5G
UgyOUFkKoA8-6JLXVZ14AaABAg,LS31ag67aww,Claro RD - Pasos para activar Red 5G en tu equipo Android,Claro RD,@rogersmithdelossantosdelar5794,Yo tengo un pixel 8 pro y no funciona en 5g he hecho de todo y cambiar SIM card y todo eso,2025-04-29T21:16:34Z,6,9,Red Móvil y Cobertura 5G
UgwA9zSntGPF8_EOUgh4AaABAg,lAvgw83L_dw,Claro RD - Activa la Red 5G en tu iPhone,Claro RD,@johnHNS,Tengo una ESIM y no funciona el 5G,2025-04-29T21:09:15Z,2,6,Red Móvil y Cobertura 5G
UgyBkkhz2v5nO1BH5Bt4AaABAg,LS31ag67aww,Claro RD - Pasos para activar Red 5G en tu equipo Android,Claro RD,@Serranotvoficial,Con sus esim no funciona  mi s23 ultra no funciona,2025-04-29T20:41:04Z,1,0,Red Móvil y Cobertura 5G
UgwfIOpnLH8QSX454dB4AaABAg,LS31ag67aww,Claro RD - Pasos para activar Red 5G en tu equipo Android,Claro RD,@nerodacles,"Tengo un Google Pixel con todos esos ajustes hechos, y no me sale el 5g",2025-04-29T20:33:27Z,3,13,Red Móvil y Cobertura 5G
UgzBc5bGTt684Tml_bh4AaABAg,LS31ag67aww,Claro RD - Pasos para activar Red 5G en tu equipo Android,Claro RD,@stevendelacruz8667,Sólo me aparece 4G,2025-04-29T19:12:50Z,0,4,Red Móvil y Cobertura 5G
UgxPXaRR4CoWfDLU9G94AaABAg,cXJfXbWC248,👉CON ESTE CODIGO EVITAS que CLARO te CONSUMA SALDO SIN PERMISO.,Claro RD,@wilmerrivera-ty3dg,Muchas gracias,2025-04-25T21:38:09Z,4,0,Experiencia General de Marca
Ugzij3nOuVfNc1LBuwR4AaABAg,cXJfXbWC248,👉CON ESTE CODIGO EVITAS que CLARO te CONSUMA SALDO SIN PERMISO.,Claro RD,@francosfan3824,Alguien me puede decir porqué cuando desactivo los datos con pack de mes el credito se me consume de la nada y en todas las aplicación desactive el uso de fondo alguien me ayuda😢,2025-04-23T04:31:39Z,0,0,Red Móvil y Cobertura 5G
UgxRVQ1pn2LkrjXOwlt4AaABAg,lAvgw83L_dw,Claro RD - Activa la Red 5G en tu iPhone,Claro RD,@luisreynoso3588,Pero como quieras tienes que ir a servicio al cliente para los habilitén,2025-04-22T16:28:35Z,3,2,Red Móvil y Cobertura 5G
Ugwuew6lO7zsJBS_cfx4AaABAg,32ad78KOfW4,CÓMO LLAMAR A SERVICIOS DE CLARO,Claro RD,@Marialuisa-xg2xr,Buenos días quiero decir que es la pago de claro 3 ya está pago se supone que jueves viernes sábado y domingo no había dónde poder pagar gracias,2025-04-22T12:10:14Z,0,0,Atención al Cliente y Soporte
UgzggbKv4rlp0xf_VA54AaABAg,JyYD60E2Vpk,Claro RD - Yo soy Claro - Urbano,Claro RD,@kerlamateo4240,En la televisión vi este anuncio en Youtube y dije déjame buscarlo melymel❤,2025-04-20T23:59:39Z,1,0,Experiencia General de Marca
UgzdXvx15_htMxhO7YN4AaABAg,qLxWDavp0bg,¿Cómo llamar a CLARO Servicio al cliente? en TODOS los países,Claro RD,@DianaMayta-s3j,Que número es para atencion al cliente,2025-04-19T14:23:29Z,1,1,Atención al Cliente y Soporte
UgzExnXvptFA7rZwodx4AaABAg,zE4mlgdWzYg,como configurar Apn 5G 4G claro Dominicana,Claro RD,@Tg_k3vin,No me funcionó,2025-04-16T02:44:30Z,0,0,Red Móvil y Cobertura 5G
Ugy4o8WqYGCOiOoMEoN4AaABAg,cXJfXbWC248,👉CON ESTE CODIGO EVITAS que CLARO te CONSUMA SALDO SIN PERMISO.,Claro RD,@ThegraftyXmen,F ya no se puede quitaron la opcion de llamar por cobrar en su tiempo lo aproveche jaja😂,2025-04-05T00:52:08Z,0,0,Experiencia General de Marca
UgzWrrl9vrtjNMi9Y_B4AaABAg,9KLGU3mLPng,Claro RD - Internet en Fibra Óptica para el Hogar,Claro RD,@Fibraopticaoficial,Nunca te quedes sin Internet : https://www.youtube.com/@Fibraopticaoficial?sub_confirmation=1,2025-04-03T13:54:38Z,1,0,Fibra Óptica e Internet Hogar
Ugzh08tPuzNszBUpu794AaABAg,OwIQi9ngosg,La red 5G de Claro llega a más ciudades,Claro RD,@carlosacosta6956,Me compre un paquete de datos en claro prepago para probar su tal 5G y esa monda solo se conecta a 4G ya le hice de todo al Motorola G34 5G llame al servicio al cliente y que solo líneas pospago eso se llama discriminación esto lo debería tener en cuenta las sic,2025-04-03T01:40:09Z,0,0,Red Móvil y Cobertura 5G
Ugw-7bc1MMqKfCl1rgR4AaABAg,32ad78KOfW4,CÓMO LLAMAR A SERVICIOS DE CLARO,Claro RD,@lidiavega9615,Necesito comunicarme por favor,2025-03-31T18:22:39Z,0,0,Atención al Cliente y Soporte
Ugz6fKkO2TXRqQSqBf14AaABAg,qLxWDavp0bg,¿Cómo llamar a CLARO Servicio al cliente? en TODOS los países,Claro RD,@eliasnazzer6767,Buenas tardes como hago para la recarga mensual más cómoda,2025-03-28T17:54:56Z,4,1,Atención al Cliente y Soporte
UgzCzqJK5JsCG4GbQM54AaABAg,cXJfXbWC248,👉CON ESTE CODIGO EVITAS que CLARO te CONSUMA SALDO SIN PERMISO.,Claro RD,@antoneli1973,Así es esa opción hay que mantenerla desactivada eso es un robo te vacía el teléfono por completo,2025-03-25T19:06:35Z,31,1,Experiencia General de Marca
UgyMZLblPdRrYy4Ipb14AaABAg,JyYD60E2Vpk,Claro RD - Yo soy Claro - Urbano,Claro RD,@rauldelacruzhernandes708,"Mi compañia,, solamente con la palabra claro......❤❤❤ preciosa canción",2025-03-24T21:42:40Z,0,0,Facturación y Tarifas
UgyOSZd7yJn8wnX4jg54AaABAg,32ad78KOfW4,CÓMO LLAMAR A SERVICIOS DE CLARO,Claro RD,@luisadvorak9283,Espero respuesta,2025-03-21T14:57:06Z,0,0,Atención al Cliente y Soporte
Ugw-dS4Mo2ob01bhhyx4AaABAg,32ad78KOfW4,CÓMO LLAMAR A SERVICIOS DE CLARO,Claro RD,@luisadvorak9283,"Se puede saber porquee están reclamando.ima deuda ya pagada en tiempo y forma ? Por transferencia bancaria? Nunca tuve problemas con Movistar durante años, creo que vuelvo a esa compañía",2025-03-21T14:55:59Z,0,0,Atención al Cliente y Soporte
UgyX0g3KK7j-qn9kSVh4AaABAg,-TJXHomDHQU,Claro RD - Internet en Fibra Óptica para tu Negocio,Claro RD,@DulcePerrez-n6d,😍😍😍😍😍😍😍👍,2025-03-19T13:55:39Z,1,0,Fibra Óptica e Internet Hogar
UgyH6PiwqmHdrIsii7V4AaABAg,OwIQi9ngosg,La red 5G de Claro llega a más ciudades,Claro RD,@AndresGonzales-c4n,Para cuando en la Italia chocó ?,2025-03-17T16:21:46Z,1,0,Red Móvil y Cobertura 5G
UgzZvMPsWjTrLfRIuNp4AaABAg,32ad78KOfW4,CÓMO LLAMAR A SERVICIOS DE CLARO,Claro RD,@williamcajo78,Hola no se escucha,2025-03-09T00:58:37Z,0,0,Atención al Cliente y Soporte
Ugx-A_spqqGcxt8eA8V4AaABAg,9KLGU3mLPng,Claro RD - Internet en Fibra Óptica para el Hogar,Claro RD,@elche452,cuando llegan nuevos planes de fibra optica a rd?,2025-03-06T22:30:06Z,0,0,Fibra Óptica e Internet Hogar
Ugy_8___GTDUj2ElnAd4AaABAg,cXJfXbWC248,👉CON ESTE CODIGO EVITAS que CLARO te CONSUMA SALDO SIN PERMISO.,Claro RD,@AnthonyArauz-r4b,Yo ko puedo ingresar recarga  recarga acá y me lavenden como internacional,2025-02-26T19:56:27Z,7,0,Facturación y Tarifas
Ugw7gvP89nkQaoNVIV54AaABAg,32ad78KOfW4,CÓMO LLAMAR A SERVICIOS DE CLARO,Claro RD,@CarmenRivera-pg2sw,Q pasa Q no hay señal de claro,2025-02-13T02:50:01Z,0,0,Atención al Cliente y Soporte
Ugzy0d3ZspA4TPYFz_d4AaABAg,TKWpVefFVkQ,La Mejor compañía internet móvil de República Dominicana.,Claro RD,@WilianMontero-rp4dn,Yo estoy con altice yo pago una factura pero a los 2 día ya el internet se pone lento  si es paquetico de 3 dia ya al otro día también se pone lento es un problema altice,2025-02-11T22:27:04Z,6,2,Fibra Óptica e Internet Hogar
UgxGNH7oV2OjpC4zq3Z4AaABAg,qLxWDavp0bg,¿Cómo llamar a CLARO Servicio al cliente? en TODOS los países,Claro RD,@luzestellasototabares9983,Necesito que me ayuden con el internet a estado muy malo gracias,2025-01-26T23:51:36Z,4,0,Fibra Óptica e Internet Hogar
Ugwq_IWjpEHuvKCmqI14AaABAg,TKWpVefFVkQ,La Mejor compañía internet móvil de República Dominicana.,Claro RD,@HemkiHenki,Desde que usted se va de Santiago para Puerto plata se le va la señal a VIVA😢,2025-01-25T21:07:30Z,1,1,Fibra Óptica e Internet Hogar
UgyEVgNnbRnuiSt0sA14AaABAg,TKWpVefFVkQ,La Mejor compañía internet móvil de República Dominicana.,Claro RD,@HemkiHenki,Desde que usted se va de Santiago para Puerto plata se le va la señal a VIVA😢😊,2025-01-25T21:07:30Z,1,1,Fibra Óptica e Internet Hogar
UgwMDjacGKoFBFN5ZoN4AaABAg,TKWpVefFVkQ,La Mejor compañía internet móvil de República Dominicana.,Claro RD,@HemkiHenki,Desde que usted se va de Santiago para Puerto plata se le va la señal a VIVA😢,2025-01-25T21:07:28Z,1,1,Fibra Óptica e Internet Hogar
UgyKXO0TPd38E2jBBf54AaABAg,TKWpVefFVkQ,La Mejor compañía internet móvil de República Dominicana.,Claro RD,@HemkiHenki,Desde que usted se va de Santiago para Puerto plata se le va la señal a VIVA😢,2025-01-25T21:07:26Z,1,1,Fibra Óptica e Internet Hogar
UgxO9xAR0NfTpAnGl1V4AaABAg,TKWpVefFVkQ,La Mejor compañía internet móvil de República Dominicana.,Claro RD,@HemkiHenki,Desde que usted se va de Santiago para Puerto plata se le va la señal a VIVA😢,2025-01-25T21:07:19Z,1,1,Fibra Óptica e Internet Hogar
UgyDwU1KOiPy9xHIeox4AaABAg,TKWpVefFVkQ,La Mejor compañía internet móvil de República Dominicana.,Claro RD,@HemkiHenki,Desde que usted se va de Santiago para Puerto plata se le va la señal a VIVA😢,2025-01-25T21:07:11Z,1,1,Fibra Óptica e Internet Hogar
UgxFX9QzGB6HowTEKjJ4AaABAg,qLxWDavp0bg,¿Cómo llamar a CLARO Servicio al cliente? en TODOS los países,Claro RD,@carmensosa7075,Quiero el num d mar del plata,2025-01-25T21:02:11Z,0,1,Atención al Cliente y Soporte
UgyUIXhMBDllExsLpth4AaABAg,TKWpVefFVkQ,La Mejor compañía internet móvil de República Dominicana.,Claro RD,@yatuchavecuba,Pero yo viajo para la frontera y la unica señal dominicana que funciona un poco es altice,2025-01-24T22:02:34Z,1,1,Fibra Óptica e Internet Hogar
UgzrlZvOmodvFIg-HDJ4AaABAg,TKWpVefFVkQ,La Mejor compañía internet móvil de República Dominicana.,Claro RD,@yatuchavecuba,Altice es mejor incluso asta el internet es mas estable de claro,2025-01-24T21:58:52Z,1,1,Fibra Óptica e Internet Hogar
UgyPD8AyNKiLdP-zA9J4AaABAg,32ad78KOfW4,CÓMO LLAMAR A SERVICIOS DE CLARO,Claro RD,@carolmarquez5403,El peor servicio Claro,2025-01-16T22:36:55Z,0,0,Atención al Cliente y Soporte
Ugyy_SKzAMankgEWsX94AaABAg,JyYD60E2Vpk,Claro RD - Yo soy Claro - Urbano,Claro RD,@alejandrarc1080,"Excelente 
Me encanta cómo Melimed canta
Y Chimbala brilla también 
Que lindo❤❤❤❤❤",2025-01-10T03:03:27Z,1,0,Experiencia General de Marca
UgzkhiPh5v-GMRTC0ph4AaABAg,wpSBLTr1UFI,¿Cómo ATENDER QUEJAS y RECLAMOS de los CLIENTES?,Claro RD,@ObispoHD,"Hoy haré una exposición a un jurado evaluador para optar por un ascenso en mi chamba y trataba sobre resolución de problemas, esto está perfecto para reforzar. Muchas gracias ❤",2025-01-07T12:50:13Z,0,1,Atención al Cliente y Soporte
UgzSJGsdZ0UiTVLxi1p4AaABAg,OwIQi9ngosg,La red 5G de Claro llega a más ciudades,Claro RD,@JulianMoreno-ll1vy,Para cuando 5G en Tunja?,2025-01-07T10:54:45Z,0,0,Red Móvil y Cobertura 5G
UgwuecwuOn2EH1_xxmx4AaABAg,OwIQi9ngosg,La red 5G de Claro llega a más ciudades,Claro RD,@guillermoleoncorrealopera7199,Que plan económico tiene para el móvil,2025-01-04T19:02:50Z,0,0,Red Móvil y Cobertura 5G
UgwXdS_K5d9fyJGw-E94AaABAg,qLxWDavp0bg,¿Cómo llamar a CLARO Servicio al cliente? en TODOS los países,Claro RD,@diegoantunez2633,Necesito código mcm alguien sabe,2025-01-01T12:41:35Z,1,1,Atención al Cliente y Soporte
UgyPLb3mAk-MUEC_Ywl4AaABAg,zE4mlgdWzYg,como configurar Apn 5G 4G claro Dominicana,Claro RD,@joseimyrodriguez,default,2024-12-30T17:41:23Z,0,0,Red Móvil y Cobertura 5G
Ugzv-T84rDw2ow0vm4F4AaABAg,JyYD60E2Vpk,Claro RD - Yo soy Claro - Urbano,Claro RD,@NoticiasRecientes247,Hablamos claro🇩🇴♥️🔴,2024-12-30T03:22:04Z,0,0,Experiencia General de Marca
UgzTuytqStoL-vbgJpV4AaABAg,TKWpVefFVkQ,La Mejor compañía internet móvil de República Dominicana.,Claro RD,@MariaJose-ic7ts,Gracias,2024-11-23T14:09:23Z,1,1,Fibra Óptica e Internet Hogar
Ugy5wwVFyDj_xT-2RsJ4AaABAg,32ad78KOfW4,CÓMO LLAMAR A SERVICIOS DE CLARO,Claro RD,@FabiolaRejas,Telefono de claro servicio al cliente,2024-11-17T02:39:03Z,1,0,Atención al Cliente y Soporte
Ugzx4bV_3Dqo5Lw_HDZ4AaABAg,qLxWDavp0bg,¿Cómo llamar a CLARO Servicio al cliente? en TODOS los países,Claro RD,@rosariovalencia4767,Tengo problemas con el internet,2024-11-13T13:24:01Z,1,3,Fibra Óptica e Internet Hogar
UgyDmT20ugVAHugRIUF4AaABAg,TKWpVefFVkQ,La Mejor compañía internet móvil de República Dominicana.,Claro RD,@jorgeotero2804,"Llevo toda la vida con claro. Y ya me tienen casado, cada vez tiene menos covertura. No se si estan apagando repetidores,  por que esto va como el cula.
Como no mejore me voy a tener que cambiar de compañia",2024-11-01T01:10:48Z,3,2,Fibra Óptica e Internet Hogar
UgxON_gJMlGdJDf0gg54AaABAg,L0mPhRFp0lo,"Como registrarse en Mi Claro, abre una cuenta en mi claro y paga tus facturas, recarga saldo y más 😎",Claro RD,@BEBOGRULLON-fr1tq,Una pregunta si tengo un plan de claro pero no solicite equipos solo el servicio de minutos y internet yo puedo cancelar cuando yo quiera,2024-10-26T23:59:33Z,0,0,Fibra Óptica e Internet Hogar
UgybAXIsRhdrjlhgX8J4AaABAg,32ad78KOfW4,CÓMO LLAMAR A SERVICIOS DE CLARO,Claro RD,@JesusLlacsahuache-i9i,Mi móvil es bitel. Y quiero comunicarme con uun operador d claro q número marco,2024-10-13T14:23:56Z,0,0,Atención al Cliente y Soporte
UgzegvihB9HFKHRJwHx4AaABAg,qLxWDavp0bg,¿Cómo llamar a CLARO Servicio al cliente? en TODOS los países,Claro RD,@YuniorQuispeperez,Y de Peru,2024-09-25T18:17:46Z,1,1,Atención al Cliente y Soporte
UgzWYNwKAS8vuGhSDBd4AaABAg,qLxWDavp0bg,¿Cómo llamar a CLARO Servicio al cliente? en TODOS los países,Claro RD,@mariajimenez9980,Buenas tardes.estoy  preocupada porque me mandan mensajes .y yamadas . Sin causa niguna y que ma van a quitar el servicio me estraña porque yo no he pedido nigun servicio,2024-09-21T21:22:17Z,1,1,Atención al Cliente y Soporte
UgyqUa1A3F3qQ7bQesx4AaABAg,zE4mlgdWzYg,como configurar Apn 5G 4G claro Dominicana,Claro RD,@kilikiou8766,Klk eres increíble me funcionó,2024-09-16T23:09:50Z,2,0,Red Móvil y Cobertura 5G
UgwcMEsijjV4wtkmoOR4AaABAg,qLxWDavp0bg,¿Cómo llamar a CLARO Servicio al cliente? en TODOS los países,Claro RD,@mariasusanamartinezvelasqu3872,Por favor para que poner nos ayuden a ponerle cuidado a esta situación que los desacreditan muchísimo aclaro que ha sido tan atentos de traernos buena televisión en Colombia Gracias muy,2024-09-14T14:28:24Z,3,1,Atención al Cliente y Soporte
Ugz342Kuhh8Afp1PCkx4AaABAg,qLxWDavp0bg,¿Cómo llamar a CLARO Servicio al cliente? en TODOS los países,Claro RD,@GiselleGoycoolea,Porque las demás compañías se demoran mucho menos.respondan,2024-09-14T11:59:30Z,1,1,Atención al Cliente y Soporte
UgxWkZkeVMufBJfNxHZ4AaABAg,qLxWDavp0bg,¿Cómo llamar a CLARO Servicio al cliente? en TODOS los países,Claro RD,@GiselleGoycoolea,Porque no llega señal contraté TV,2024-09-14T11:57:06Z,1,1,Atención al Cliente y Soporte
UgxRCYbteeLGZUJuPEV4AaABAg,32ad78KOfW4,CÓMO LLAMAR A SERVICIOS DE CLARO,Claro RD,@GiselleGoycoolea,Me instalaron claro tv ayer y aun no jay señal.que pasaclaro???,2024-09-14T11:21:41Z,0,0,Atención al Cliente y Soporte
Ugx2ilH9mDUI6G7pZK54AaABAg,32ad78KOfW4,CÓMO LLAMAR A SERVICIOS DE CLARO,Claro RD,@mariamargaritaacostadelato846,Necesito hablar con un asesor,2024-09-09T14:48:52Z,1,3,Atención al Cliente y Soporte
UgyYwWFtE6Xp7HGXHAd4AaABAg,TKWpVefFVkQ,La Mejor compañía internet móvil de República Dominicana.,Claro RD,@cunununtattoo,Altice es la mejor,2024-09-04T02:29:12Z,3,1,Fibra Óptica e Internet Hogar
UgxbbJj8wA2T2iF7X814AaABAg,TKWpVefFVkQ,La Mejor compañía internet móvil de República Dominicana.,Claro RD,@jonathanjesusdelossantos7284,Pero como altice va a tener más cobertura que claro si claro es quien le alquila las antenas que son las que dan cobertura explícame ?,2024-08-29T00:53:17Z,1,2,Fibra Óptica e Internet Hogar
UgyWdjvtTcg3GsMsyiB4AaABAg,qLxWDavp0bg,¿Cómo llamar a CLARO Servicio al cliente? en TODOS los países,Claro RD,@SilviaAstorga-r5t,Quiero que me llamen para contratar el plan de un año el mas barato,2024-08-28T00:14:31Z,1,1,Atención al Cliente y Soporte
Ugx553lLSKQqw6--A1J4AaABAg,qLxWDavp0bg,¿Cómo llamar a CLARO Servicio al cliente? en TODOS los países,Claro RD,@SilviaAstorga-r5t,Quiero de Chile el numero,2024-08-28T00:09:01Z,1,1,Atención al Cliente y Soporte
Ugw_J_WRoLVq1Pnp24Z4AaABAg,qLxWDavp0bg,¿Cómo llamar a CLARO Servicio al cliente? en TODOS los países,Claro RD,@dalilanarvaez9788,Acabo de ir a la séptima hacer una reclamación pues hace 5 días no tengo Internet y hay un poco de asesores hablando de lo que les pasa en la noche a cada quien y no atienden el servicio es de lo más malo que hay,2024-08-16T17:07:37Z,1,2,Fibra Óptica e Internet Hogar
UgwrDudxqhik0xk-HaB4AaABAg,TKWpVefFVkQ,La Mejor compañía internet móvil de República Dominicana.,Claro RD,@lacorriente815,Yo uso viva y uso mucho datos moviles pero he notado que viva no tiene mucha cobertura 4G y para jugar se pone 3G y se sube demasiado el ping y no se si cambiar me o que hacer el 4G solo funciona al full si estas encaramado o en una segunda que me recomiendas?,2024-08-10T23:10:45Z,1,2,Fibra Óptica e Internet Hogar
UgytpL8glf1uxntxPAR4AaABAg,qLxWDavp0bg,¿Cómo llamar a CLARO Servicio al cliente? en TODOS los países,Claro RD,@Memesrancios-v5c,quiero vincular mi número en Google pero no puedo 😢,2024-08-02T03:50:58Z,1,1,Atención al Cliente y Soporte
Ugy29OaIxWoxpG7fftN4AaABAg,TKWpVefFVkQ,La Mejor compañía internet móvil de República Dominicana.,Claro RD,@clasicon6116,"Yo tengo un plan de teléfono de Altice ilimitado, pero dique se degrada, el mío está como raro por que me dan 20GB con una velocidad de 50,60, y siempre está a la misma velocidad eh descargado juegos de 50GB a la consola y siempre tiene esa velocidad, no se que es lo que tenga pero tengo 3 años y siempre está nítido, creo que ellos tienen un error con migo",2024-07-21T11:47:33Z,1,1,Fibra Óptica e Internet Hogar
UgzVGiPVftw6iC5OP1N4AaABAg,wpSBLTr1UFI,¿Cómo ATENDER QUEJAS y RECLAMOS de los CLIENTES?,Claro RD,@morgan21639,"PUES CLARO, CUANDO LLEGA UN CLIENTE DICIENDO QUE EL COCHE  NO SIRVE, Y ES UN UTILITARIO, PUES LE REGALO UN MERCEDES, O UN BMW. 😁",2024-07-14T11:55:03Z,0,1,Atención al Cliente y Soporte
Ugwzaff_ovpm1UIr4xp4AaABAg,qLxWDavp0bg,¿Cómo llamar a CLARO Servicio al cliente? en TODOS los países,Claro RD,@myriamvargas447,Esa letrajunn,2024-07-08T15:38:00Z,1,1,Atención al Cliente y Soporte
Ugx8LcTkypmcOY9elI54AaABAg,TKWpVefFVkQ,La Mejor compañía internet móvil de República Dominicana.,Claro RD,@Jeffreypeguero,Donde estoy viviendo en santo domingo norte cuando se cae altice tambien se cae viva y claro se queda funcionando pero lento minimo ellos se rautean uno al otro con diferentes nombres 👌.,2024-07-04T02:52:59Z,4,2,Fibra Óptica e Internet Hogar
Ugyl1sms-3iRkn4a1Lp4AaABAg,32ad78KOfW4,CÓMO LLAMAR A SERVICIOS DE CLARO,Claro RD,@ManuelRodriguez-tx2lz,Nomas quiero quiero saber cual es el numero del servicio al cliente linia de claro de atencion al cliente,2024-07-02T20:07:42Z,22,6,Atención al Cliente y Soporte
Ugy5YchxvL_nO6A-Swp4AaABAg,N9WEFpHRjis,Claro RD -Activa el plan Smart Especial que te pone RED,Claro RD,@onasismatos5419,Todavía esta esos planes,2024-07-01T20:41:35Z,0,0,Planes y Promociones
UgyAaUlvQBMhgW-Ogn54AaABAg,JyYD60E2Vpk,Claro RD - Yo soy Claro - Urbano,Claro RD,@almohada5588,Sabes que el anuncio esta bueno cuando lo buscas en youtube,2024-06-05T15:32:17Z,1,0,Experiencia General de Marca
UgxEw9uPXLOsdsh1YyF4AaABAg,wpSBLTr1UFI,¿Cómo ATENDER QUEJAS y RECLAMOS de los CLIENTES?,Claro RD,@julioraulmoralescortes7362,Hay que  tener encuentra la crítica para todos los trabajadores le un buen  manejo y mejorar la situación del proceso llevar a los clientes servicio para que tengan la seguridad y cualidad del servicio,2024-06-04T23:47:42Z,1,1,Atención al Cliente y Soporte
Ugy0Guvi_awUk-Nwfal4AaABAg,JyYD60E2Vpk,Claro RD - Yo soy Claro - Urbano,Claro RD,@pamelaberroa1434,Este anuncio será para la historia ❤,2024-05-28T12:58:10Z,1,0,Experiencia General de Marca
UgxMvZjkjGncqkMGUNl4AaABAg,TKWpVefFVkQ,La Mejor compañía internet móvil de República Dominicana.,Claro RD,@yordani6673,"Yo digo que claro es mejor que altice, porque altice tiene buena cobertura pero el internet funciona cuando le da la gana, mientras que claro siempre tiene buena cobertura también y no se cae el internet teniendo cobertura. Entonces por eso yo prefiero a claro porque siempre va súper rápido y estable",2024-05-21T23:05:57Z,7,2,Fibra Óptica e Internet Hogar
Ugwih_kNoZtigqJlNI54AaABAg,JyYD60E2Vpk,Claro RD - Yo soy Claro - Urbano,Claro RD,@jairiferreras6890,Chimbala y MelyMel deberían grabar este tema completo 😍🙏,2024-05-17T22:32:32Z,2,0,Experiencia General de Marca
Ugzwy8x9CW_PlxRBLVF4AaABAg,qLxWDavp0bg,¿Cómo llamar a CLARO Servicio al cliente? en TODOS los países,Claro RD,@eusebionaranjo8784,Porfa un numero cervisio al criente,2024-05-16T20:05:12Z,0,1,Atención al Cliente y Soporte
UgwhMA3lVQBFeCEMat14AaABAg,zE4mlgdWzYg,como configurar Apn 5G 4G claro Dominicana,Claro RD,@ISAAC1M1203,Gracias 😊,2024-05-08T01:18:24Z,0,1,Red Móvil y Cobertura 5G
Ugz48ZsgMqG4W4VXpPl4AaABAg,qLxWDavp0bg,¿Cómo llamar a CLARO Servicio al cliente? en TODOS los países,Claro RD,@YoelRamoshuallpa-ro5sy,Y donde está de PERU,2024-05-02T16:39:36Z,0,1,Atención al Cliente y Soporte
UgzW__y3liigolVMsGx4AaABAg,TKWpVefFVkQ,La Mejor compañía internet móvil de República Dominicana.,Claro RD,@anthonyalmonte7373,"Altice 100x80 y no entiendo cómo si claro siempre a estado  en el país, y a tenido más beneficios, altice el servicio de oficina no sirve...",2024-05-02T00:25:45Z,1,1,Fibra Óptica e Internet Hogar
UgxhoucQ_kQJZwVDndB4AaABAg,vOG5AbNRYvs,🔥Probando 5G en República Dominicana -  Buscaba 1GB pero encontré otra cosa!!!,Claro RD,@wendyponcete1492,"Llegue algo tarde al vídeo, quiero que me explique cómo un equipo llega a 4G le funciona el 5G si el equipo no cumple con los estandares",2024-05-01T17:38:47Z,0,0,Red Móvil y Cobertura 5G
UgxCrrttqO4q2wDm42R4AaABAg,qLxWDavp0bg,¿Cómo llamar a CLARO Servicio al cliente? en TODOS los países,Claro RD,@FabiolaNieto-qf6ty,"llevo dos días sin servicio y dicen que hasta dentro de cinco días me visitan para mirar que es
es lo más malo ennswrvicio",2024-04-30T04:10:00Z,1,1,Atención al Cliente y Soporte
UgwZBTP7lPtydxfqg9x4AaABAg,JyYD60E2Vpk,Claro RD - Yo soy Claro - Urbano,Claro RD,@berenicefelix8590,Esa tipa tiene un maldito glow no se como no as llegado más lejos,2024-04-24T19:31:44Z,3,0,Experiencia General de Marca
UgypDXcOfbx0WPIh-Nd4AaABAg,32ad78KOfW4,CÓMO LLAMAR A SERVICIOS DE CLARO,Claro RD,@orquideacetino4700,Me urge que me llamen xq motivo es que ya nunca me manda mi factura y es obligatorio  si voy ir al MP que pasa,2024-04-22T17:14:05Z,0,0,Atención al Cliente y Soporte
Ugx2C-uvje00-AUuYO94AaABAg,wpSBLTr1UFI,¿Cómo ATENDER QUEJAS y RECLAMOS de los CLIENTES?,Claro RD,@danielasanchezmtz7620,Me gustó la técnica del calcetín,2024-04-20T01:03:24Z,0,1,Atención al Cliente y Soporte
UgxCPLXzq4LuMRDg2gx4AaABAg,wpSBLTr1UFI,¿Cómo ATENDER QUEJAS y RECLAMOS de los CLIENTES?,Claro RD,@AngelBParkerr,"Me parece interesante considerar ambas perspectivas de la situación, viendo los problemas como oportunidades para beneficiarnos, pero también para satisfacer las necesidades y resolver los problemas que puedan estar experimentando nuestros clientes. Esta aproximación hace que todo sea más accesible y simple.",2024-04-19T21:17:18Z,0,1,Atención al Cliente y Soporte
UgystIkBW43WBlufYu94AaABAg,wpSBLTr1UFI,¿Cómo ATENDER QUEJAS y RECLAMOS de los CLIENTES?,Claro RD,@marisazuniga3180,"Es muy importante conocer como dar soluciones a nuestros clientes de manera efectiva identificando los problemas principales 
Interesante el video.",2024-04-18T06:12:47Z,0,1,Atención al Cliente y Soporte
UgyDv8r65Ep_4SwggMl4AaABAg,wpSBLTr1UFI,¿Cómo ATENDER QUEJAS y RECLAMOS de los CLIENTES?,Claro RD,@wendyestrellavillarrealnin5140,"En resumen, la técnica del calcetín puede ser una herramienta útil para mejorar la gestión de quejas y reclamos de los clientes al brindarte la libertad de movimiento necesaria para abordar la situación de manera eficaz.",2024-04-18T05:53:30Z,1,1,Atención al Cliente y Soporte
Ugzs-y2iWmRNX5y0sKR4AaABAg,wpSBLTr1UFI,¿Cómo ATENDER QUEJAS y RECLAMOS de los CLIENTES?,Claro RD,@josejaimeguzmansalinas3434,"Excelente video, la explicación de cada paso y con ejemplos en la pizarra y durante el video explicándolo",2024-04-18T05:46:26Z,0,1,Atención al Cliente y Soporte
UgxcUTLeY_9U_oEXoHN4AaABAg,wpSBLTr1UFI,¿Cómo ATENDER QUEJAS y RECLAMOS de los CLIENTES?,Claro RD,@KaterinBereniceGarciaChavez,"El objetivo es convertir un problema inicial en un cliente leal a largo plazo, lo que potencialmente aumentará las compras futuras de tus productos o servicios.",2024-04-18T05:28:06Z,0,1,Atención al Cliente y Soporte
UgxftVDfx_vt9nE-ov94AaABAg,wpSBLTr1UFI,¿Cómo ATENDER QUEJAS y RECLAMOS de los CLIENTES?,Claro RD,@KaterinBereniceGarciaChavez,"El objetivo es convertir un problema inicial en un cliente leal a largo plazo, lo que potencialmente aumentará las compras futuras de tus productos o servicios.",2024-04-18T05:27:33Z,4,1,Atención al Cliente y Soporte
UgysYS0zcVW8tm7H4vZ4AaABAg,wpSBLTr1UFI,¿Cómo ATENDER QUEJAS y RECLAMOS de los CLIENTES?,Claro RD,@ElizabethRamos-bk8xl,Agradable explicación.,2024-04-18T05:22:39Z,0,1,Atención al Cliente y Soporte
UgwlJlZCoCD159ESFv94AaABAg,wpSBLTr1UFI,¿Cómo ATENDER QUEJAS y RECLAMOS de los CLIENTES?,Claro RD,@lorenaelizondo1450,Considero que las estrategias para el trato con el cliente siempre van a ser las más importantes porque es un super poder lograr hacer a una persona cambiar su idea y hacerlo a su favor viendolo como una negociación lograda.,2024-04-18T05:21:55Z,0,1,Atención al Cliente y Soporte
Ugw4Jhz1uK4ARLHYasF4AaABAg,wpSBLTr1UFI,¿Cómo ATENDER QUEJAS y RECLAMOS de los CLIENTES?,Claro RD,@CharbelyFlores,La atención al cliente es importante partiendo desde conocer los servicios de su interés,2024-04-18T05:12:48Z,0,1,Atención al Cliente y Soporte
Ugyk5xdvVSrXWlQguf94AaABAg,wpSBLTr1UFI,¿Cómo ATENDER QUEJAS y RECLAMOS de los CLIENTES?,Claro RD,@josealfredocarrillomartine9823,"Al aplicar la técnica del calcetín en ventas de manera efectiva, podrás guiar a los clientes potenciales a través del proceso de compra de manera estructurada y persuasiva, aumentando las tasas de conversión y fortaleciendo las relaciones comerciales a largo plazo.",2024-04-18T04:54:14Z,0,1,Atención al Cliente y Soporte
UgzPGM-XrL4t8VDdUkN4AaABAg,wpSBLTr1UFI,¿Cómo ATENDER QUEJAS y RECLAMOS de los CLIENTES?,Claro RD,@JorgeHernandez-pr3fj,Excelente video la cual es de mucha ayuda para los negocios y poder resolver problemas,2024-04-18T03:30:52Z,0,1,Atención al Cliente y Soporte
UgyeNYSP939GuGs_meh4AaABAg,wpSBLTr1UFI,¿Cómo ATENDER QUEJAS y RECLAMOS de los CLIENTES?,Claro RD,@naomidelrosariososaburguet6768,"Excelente video, es muy fácil de aplicarlo en cualquier situación y sobre todo cuando trabajamos en servicio al cliente, muchas gracias por compartir.",2024-04-18T02:59:04Z,0,1,Atención al Cliente y Soporte
UgwDMgcJKjf-n7HLcSd4AaABAg,wpSBLTr1UFI,¿Cómo ATENDER QUEJAS y RECLAMOS de los CLIENTES?,Claro RD,@dianarami3223,Es muy interesante el video ya que destaca la importancia de manejar las quejas y reseñas de los clientes como oportunidades para fortalecer la relación cliente-empresa.,2024-04-18T02:42:18Z,0,1,Atención al Cliente y Soporte
UgwAFMIQdClnn9St5c54AaABAg,wpSBLTr1UFI,¿Cómo ATENDER QUEJAS y RECLAMOS de los CLIENTES?,Claro RD,@RicardoRodriguezGalindo,"Muy buen video, Me pareció curioso el nombre de la técnica, pero me aparece algo muy útil y fácil de aplicar casi en cualquier empresa o local.",2024-04-18T02:07:57Z,0,1,Atención al Cliente y Soporte
UgwUhmGviDSgTBEyTkl4AaABAg,wpSBLTr1UFI,¿Cómo ATENDER QUEJAS y RECLAMOS de los CLIENTES?,Claro RD,@jesusalejandrocasillasmend1797,"Muy bien vídeo, no me ha tocado estar en servicio al cliente pero sin duda me llevo una buena información para usarla en el futuro.",2024-04-18T01:19:46Z,1,1,Atención al Cliente y Soporte
UgwKadyIlnYjbVXdIBd4AaABAg,qLxWDavp0bg,¿Cómo llamar a CLARO Servicio al cliente? en TODOS los países,Claro RD,@bambamuwu5845,"se olvido de Bolivia, quiero comunicarme a claro Perú desde bolivia, cual es el  número? por favor",2024-04-18T00:41:35Z,0,1,Atención al Cliente y Soporte
UgynieTPHPBV2-HC4sp4AaABAg,wpSBLTr1UFI,¿Cómo ATENDER QUEJAS y RECLAMOS de los CLIENTES?,Claro RD,@lorenaelizabethibarraruiz5270,"Excelente video, me quedó totalmente claro con los ejemplos que se explicaron durante el video.",2024-04-17T20:56:10Z,0,1,Atención al Cliente y Soporte
UgztqJJshYbmD25KT-J4AaABAg,wpSBLTr1UFI,¿Cómo ATENDER QUEJAS y RECLAMOS de los CLIENTES?,Claro RD,@fatimagarcia2852,Muy bien explicado,2024-04-17T05:47:55Z,0,1,Atención al Cliente y Soporte
Ugxju0DkUXro5TZja1t4AaABAg,qLxWDavp0bg,¿Cómo llamar a CLARO Servicio al cliente? en TODOS los países,Claro RD,@elsenseiparra,Saludos,2024-04-17T01:58:46Z,2,1,Atención al Cliente y Soporte
Ugz9shDucAT0YAB2h014AaABAg,wpSBLTr1UFI,¿Cómo ATENDER QUEJAS y RECLAMOS de los CLIENTES?,Claro RD,@franciscojavierlaraolague5274,Muy buen vídeo nos da otra perspectiva de como atender al cliente de manera eficiente por medio de los pasos. A lo que es crucial escuchar y resolver o dar soluciones a los clientes de manera efectiva.,2024-04-16T21:38:25Z,0,1,Atención al Cliente y Soporte
UgwHgIq9RGGmzEFJ9ZF4AaABAg,wpSBLTr1UFI,¿Cómo ATENDER QUEJAS y RECLAMOS de los CLIENTES?,Claro RD,@daligodoy8933,Muy buen video ya que puede apoyar no solo en negocios sino que tambien nos puede ayudar a desarrollar una estrategia para la resolución de posibles conflictos dentro de nuestra vida personal y aunque no lo notamos estos pasos son las bases de la resolución de cualquier situación negativa.,2024-04-13T15:32:40Z,0,1,Atención al Cliente y Soporte
UgzrUZMXENvcOg1mlBJ4AaABAg,wpSBLTr1UFI,¿Cómo ATENDER QUEJAS y RECLAMOS de los CLIENTES?,Claro RD,@jeanneisya.aponterincones1921,"Excelente video sobre cómo atender quejas y reclamos de los clientes. Es crucial para cualquier negocio entender la importancia de escuchar y resolver las preocupaciones de los clientes de manera efectiva. La comunicación empática y la rápida acción son fundamentales para mantener la satisfacción del cliente y construir una relación sólida. ¡Gracias por compartir estos consejos
útiles para mejorar el servicio al cliente!",2024-04-10T13:19:14Z,0,1,Atención al Cliente y Soporte
Ugzv_f-5ufvPJZgPujp4AaABAg,zE4mlgdWzYg,como configurar Apn 5G 4G claro Dominicana,Claro RD,@ing.emilriveracabrera561,EL MEJORRRRRRRRRRRR🎉,2024-04-09T07:14:36Z,2,0,Red Móvil y Cobertura 5G
Ugy-VNn6rxKhNwQ-CsV4AaABAg,zE4mlgdWzYg,como configurar Apn 5G 4G claro Dominicana,Claro RD,@EDWORDOREYMUNDO,Ee much❤❤❤,2024-04-09T04:51:57Z,0,0,Red Móvil y Cobertura 5G
Ugzif9d2WbfQKa4-HBt4AaABAg,JyYD60E2Vpk,Claro RD - Yo soy Claro - Urbano,Claro RD,@AdagioDazzle-j8y,Solo Melymel nos pone a ver anuncios 😂❤,2024-04-07T22:53:11Z,2,0,Experiencia General de Marca
UgyCWpn2hq_XGkENN3R4AaABAg,JyYD60E2Vpk,Claro RD - Yo soy Claro - Urbano,Claro RD,@anazunildamartemarte8693,"❤❤❤❤❤❤❤❤❤ORGANICA ,HERMOSA ,Y  CLARO, LLENA DE AMOR 👌🏻❤🇩🇴 ASI ES LA ENERGIA QUE  TRANSMITE ESTE ANUNCIO ❤❤❤",2024-04-03T04:30:31Z,2,0,Experiencia General de Marca
Ugz9yoW7vfKdr4RT4qp4AaABAg,wpSBLTr1UFI,¿Cómo ATENDER QUEJAS y RECLAMOS de los CLIENTES?,Claro RD,@jonathanherreratroya4880,Yyyyy no que arrastrado por actitudes como está no se mejora los clientes sino que se crean ladrones de tiempo. Pura gente que llega a joder a tus negocios,2024-03-25T13:32:10Z,0,1,Atención al Cliente y Soporte
UgwNXSwJsCHA_hibfH54AaABAg,TKWpVefFVkQ,La Mejor compañía internet móvil de República Dominicana.,Claro RD,@barthelemy6624,"Me gustaría sacar un plan de claro , cual me recomiendas, de GB?",2024-03-24T21:49:42Z,2,1,Fibra Óptica e Internet Hogar
UgxR7UQkxVS60jHP64x4AaABAg,JyYD60E2Vpk,Claro RD - Yo soy Claro - Urbano,Claro RD,@LuisemilRodriguezbierd,El mejor anuncio del mundo 🎉❤🥰😃🤯💖,2024-03-18T00:56:34Z,2,0,Experiencia General de Marca
Ugxo0BkYLaFDxRV_3Qd4AaABAg,32ad78KOfW4,CÓMO LLAMAR A SERVICIOS DE CLARO,Claro RD,@uldayanez7505,Necesito el numero de claro en peru,2024-03-17T16:56:59Z,0,0,Atención al Cliente y Soporte
Ugx17GmWCl1osR715Gd4AaABAg,TKWpVefFVkQ,La Mejor compañía internet móvil de República Dominicana.,Claro RD,@mlbsports5668,"Altice en internet prepago es una 💩 lo e usado los tres trabajar con plataformas de taxis y la mejor es Claro, Vivaa es la peor y luego le sigue Alice",2024-03-15T04:12:05Z,3,1,Fibra Óptica e Internet Hogar
UgwiLlS9-Z9iteKn6k54AaABAg,JyYD60E2Vpk,Claro RD - Yo soy Claro - Urbano,Claro RD,@memorizarapido2072,ESTA CHULO DE VERDAD.,2024-03-14T01:02:10Z,2,0,Experiencia General de Marca
UgwziWtmwDE4OfOmBqx4AaABAg,TKWpVefFVkQ,La Mejor compañía internet móvil de República Dominicana.,Claro RD,@CarlosTV-ip6vc,"si tiene cobertura. pero son ladrone pago 3100 de un plan  residencial  de 5 mega y me estan dando 400 que es meno de un mega,  altice roba",2024-03-12T23:22:46Z,0,1,Fibra Óptica e Internet Hogar
UgzruYfYHWaAMs15HOB4AaABAg,TKWpVefFVkQ,La Mejor compañía internet móvil de República Dominicana.,Claro RD,@andyfernandez8701,"Cual es la compañía mejor ,para usar paquete de datos móviles ,tengo altice pero últimamente se vuelto una basura ,",2024-03-08T01:05:13Z,1,1,Fibra Óptica e Internet Hogar
UgyZOTT8_Pl1z8T11Ih4AaABAg,wpSBLTr1UFI,¿Cómo ATENDER QUEJAS y RECLAMOS de los CLIENTES?,Claro RD,@bridyarelyloperenaescobedo1248,"es un video interesante. es de mucha importancia la perspectiva de los clientes, por lo que siempre tenemos que tener en cuenta nuevas practicas o técnicas para mejorar el servicio al cliente.",2024-03-07T05:07:56Z,0,1,Atención al Cliente y Soporte
UgzC5NpWH_ob0eOfXxV4AaABAg,wpSBLTr1UFI,¿Cómo ATENDER QUEJAS y RECLAMOS de los CLIENTES?,Claro RD,@leslysugeyhuertaocejo4011,"Me parece muy interesante y el  ejemplo es sencillo y bueno, es muy importante tener en cuenta los detalles en cuanto a la atención al cliente.",2024-03-07T04:15:34Z,0,1,Atención al Cliente y Soporte
Ugx8CCLAORHIp4iACd54AaABAg,wpSBLTr1UFI,¿Cómo ATENDER QUEJAS y RECLAMOS de los CLIENTES?,Claro RD,@marthajocelynovalletorres2439,"La atención al cliente es clave para que un negocio funcione bien. Ayuda a tener clientes contentos, construir una buena reputación y crecer. Es como una inversión importante para que una empresa tenga éxito en un mercado competitivo.",2024-03-07T03:00:28Z,0,1,Atención al Cliente y Soporte
UgyeJEgfuEQJRmkoWjd4AaABAg,wpSBLTr1UFI,¿Cómo ATENDER QUEJAS y RECLAMOS de los CLIENTES?,Claro RD,@everthalexander99,"El video es muy interesante
 Es clave identificar y resolver los problemas de manera proactiva, ofreciendo soluciones concretas",2024-03-07T01:52:43Z,2,1,Atención al Cliente y Soporte
UgxaFF-TJaH77_xevU54AaABAg,wpSBLTr1UFI,¿Cómo ATENDER QUEJAS y RECLAMOS de los CLIENTES?,Claro RD,@angelaroman1981,"el video me parecio interesante y muy importante, ya que nuestros clientes son los importantes como nuestro personal y siempre que haya un problema hay que saber trabajar en equipo y sobre todo solucionarlo",2024-03-07T00:58:13Z,0,1,Atención al Cliente y Soporte
UgykV9tlWW1TfJv68OZ4AaABAg,wpSBLTr1UFI,¿Cómo ATENDER QUEJAS y RECLAMOS de los CLIENTES?,Claro RD,@citlaligarcia4025,considero que esta técnica puede ser muy útil para mejorar el servicio al cliente y construir relaciones sólidas con los clientes.,2024-03-06T23:33:46Z,0,1,Atención al Cliente y Soporte
Ugw2DA0EmcJz5lTKBo14AaABAg,wpSBLTr1UFI,¿Cómo ATENDER QUEJAS y RECLAMOS de los CLIENTES?,Claro RD,@GO-kb7nk,"Puede ser un arma de doble filo, ya que los clientes pueden aprovecharse de ciertas situaciones y abusar de tal acción, pero bien explicado",2024-03-06T23:23:53Z,0,1,Atención al Cliente y Soporte
UgwxA8pt2FeK1ivRAdF4AaABAg,wpSBLTr1UFI,¿Cómo ATENDER QUEJAS y RECLAMOS de los CLIENTES?,Claro RD,@melanyanahirodriguezmartin4638,"Entendí bien la explicación que nos dieron en el video, ya que es importante saber cómo atender las quejas que tienen nuestros clientes y hacerlo siempre de buena manera.",2024-03-06T21:58:36Z,0,1,Atención al Cliente y Soporte
UgxK-pAWa3erUPpOyVp4AaABAg,wpSBLTr1UFI,¿Cómo ATENDER QUEJAS y RECLAMOS de los CLIENTES?,Claro RD,@paolaobregon4743,"La perspectiva de abordar los problemas como oportunidades es fascinante, especialmente al considerar la posibilidad de satisfacer las necesidades de los clientes y resolver sus problemas de manera más fácil y sencilla. Transformar los desafíos en ventajas no solo permite encontrar soluciones eficientes, sino que también fortalece la conexión con los clientes al ofrecer respuestas que simplifican su experiencia. Es una perspectiva que no solo resuelve problemas, sino que crea oportunidades para mejorar y destacar en la satisfacción del cliente.",2024-03-06T00:19:57Z,0,1,Atención al Cliente y Soporte
UgxhMinFo1ZxP6dsAcR4AaABAg,qLxWDavp0bg,¿Cómo llamar a CLARO Servicio al cliente? en TODOS los países,Claro RD,@GladyselizabethVenturadeaguirr,Yo no debo s claro y no tengo el servicio,2024-03-05T22:04:57Z,1,1,Atención al Cliente y Soporte
UgxLmptJoANuE4VKtCh4AaABAg,wpSBLTr1UFI,¿Cómo ATENDER QUEJAS y RECLAMOS de los CLIENTES?,Claro RD,@selenehdz7415,"Me parece un muy buen video, ya que explica muy bien, excelente video.",2024-03-04T15:45:44Z,0,1,Atención al Cliente y Soporte
UgxW46lVaOZd3CfDYAh4AaABAg,qLxWDavp0bg,¿Cómo llamar a CLARO Servicio al cliente? en TODOS los países,Claro RD,@ElibettCordova,Ayer recargue 7.000 mil pesos por una emergencia que tenía y la recarga nunca me llegó fui hablar con el señor que me recargo y me dijo comunique se con claro a ver qué le responde ellos porque yo no le voy a devolver el dinero 😢. Y bueno gracias a Dios solo fue 7mil pesos nada más y la emergencia la resolví por otro teléfono que pedí prestado🤦🏻‍♀️ ya tengo 5 años con este mismo número. Tocará cambiarme de línea.,2024-03-02T16:05:51Z,4,1,Atención al Cliente y Soporte
UgwkGTWIGiOFZfug06p4AaABAg,qLxWDavp0bg,¿Cómo llamar a CLARO Servicio al cliente? en TODOS los países,Claro RD,@erlindatorresleon5062,Yo no tengo internet desde el sábado y hoy es miércoles y no me solucionan hasta hoy día me dijeron que el técnico viene de 11 A1 y no viene muy mal servicio,2024-02-29T18:05:27Z,3,3,Fibra Óptica e Internet Hogar
UgwXq3wx-ikdFZd5tJN4AaABAg,qLxWDavp0bg,¿Cómo llamar a CLARO Servicio al cliente? en TODOS los países,Claro RD,@ismaelmontoya2285,"Soy de Colombia y la verdad es que lo he intentado en muchos horarios y la verdad nunca contestan, siempre es que la plataforma está fuera de servicio",2024-02-28T22:56:01Z,4,1,Atención al Cliente y Soporte
UgwPMLaKF2GOvw_COcd4AaABAg,32ad78KOfW4,CÓMO LLAMAR A SERVICIOS DE CLARO,Claro RD,@AngloBh2332,Claro. Para. Asido lo mejor. Llevo. 14 años. Con. Ellos. Pero.  Me. Ise. Un plan.   Y. Desgraciada mente me robaron.    Llevo. 5cuotas pagadas.  Y. No. Me dieron. Otro. Teléfono.        Como. Les quedó. El.  Ojo😅,2024-02-24T18:16:53Z,0,0,Atención al Cliente y Soporte
Ugzg-WjWvazwwYPQjf54AaABAg,vOG5AbNRYvs,🔥Probando 5G en República Dominicana -  Buscaba 1GB pero encontré otra cosa!!!,Claro RD,@luckyelevenx,"tengo un aparato 5G , pero nunca ha pasado de LTE, existe algún VPN o configuración de Claro para que hale la señal o necesariamente hay que pagar un plan de factura con la telefónica?",2024-02-23T20:00:32Z,0,1,Red Móvil y Cobertura 5G
Ugwpw7YG4Z-PqiaetKJ4AaABAg,JyYD60E2Vpk,Claro RD - Yo soy Claro - Urbano,Claro RD,@luzmarinez8188,Cualquiera se cambia de compania solo por esa cancion tan chula❤,2024-02-22T11:02:09Z,0,0,Experiencia General de Marca
UgxyQrCEX_sCpbimS4Z4AaABAg,JyYD60E2Vpk,Claro RD - Yo soy Claro - Urbano,Claro RD,@ArleyCubillos-jl3sf,Claro me gusta,2024-02-21T18:28:28Z,0,0,Experiencia General de Marca
UgzCtWlclNFZB0c_80F4AaABAg,JyYD60E2Vpk,Claro RD - Yo soy Claro - Urbano,Claro RD,@luistaveras1556,El mejor anuncio del mundo con las mejores melodía que me dan deceo de hacer TikTok con el,2024-02-21T16:49:24Z,0,0,Experiencia General de Marca
Ugzcof3IIj7GNRFITxJ4AaABAg,JyYD60E2Vpk,Claro RD - Yo soy Claro - Urbano,Claro RD,@MariaFelix-is2wi,Para mí es hermoso yo siempre lo busco. Muy lindo y profesionales,2024-02-20T21:33:08Z,0,0,Experiencia General de Marca
UgyGoYKVJGRk1CK8ejt4AaABAg,JyYD60E2Vpk,Claro RD - Yo soy Claro - Urbano,Claro RD,@grupocsi3285,"Este anuncio es un hit,deberían hacer el tema completo ahora así esa línea comercial y melimel que siga cantando que tiene hermosa voz",2024-02-19T00:11:27Z,1,0,Experiencia General de Marca
UgyapBumAT9A1Ym5ScN4AaABAg,TKWpVefFVkQ,La Mejor compañía internet móvil de República Dominicana.,Claro RD,@FelizCalvo,Pero el internet es muy lento,2024-02-12T14:40:02Z,0,1,Fibra Óptica e Internet Hogar
Ugx-AMLWWi_x30dykEd4AaABAg,JyYD60E2Vpk,Claro RD - Yo soy Claro - Urbano,Claro RD,@alfredomatos7453,Me encanta esa mujer canta muy bien,2024-02-09T16:10:40Z,0,0,Experiencia General de Marca
UgxWanHYJrs51NjIhKl4AaABAg,JyYD60E2Vpk,Claro RD - Yo soy Claro - Urbano,Claro RD,@el_granlobo.,Esa canción me recuerda los anuncios de Coca-Cola en los niños 95 en adelante muy bonitos y también los anuncios de marlboro,2024-02-07T15:49:16Z,0,0,Experiencia General de Marca
UgzrI2J3k8B1ba-Uv2Z4AaABAg,TKWpVefFVkQ,La Mejor compañía internet móvil de República Dominicana.,Claro RD,@kibelsegura,Altice se a dañado,2024-02-05T12:59:17Z,2,1,Fibra Óptica e Internet Hogar
UgzrC73HaJdjGp-M8454AaABAg,qLxWDavp0bg,¿Cómo llamar a CLARO Servicio al cliente? en TODOS los países,Claro RD,@ruthgarcia3760,""" como cancelar un contrato con ellos, por mal servicios y mentiras al cliente. En vez de resolver, le ponen una sarta de anuncios y nunca atienden, pero el cobro es bien puntual????",2024-01-26T17:15:19Z,1,1,Atención al Cliente y Soporte
Ugxh5Ok54zd5EzOTwTd4AaABAg,qLxWDavp0bg,¿Cómo llamar a CLARO Servicio al cliente? en TODOS los países,Claro RD,@luisangeldamianchoque2660,Ayuda!  Estoy en chile y como puedo hacer para llamar a servicios claro mobil perú desde chile?,2024-01-13T13:42:20Z,1,1,Atención al Cliente y Soporte
Ugz0UB7qw6Rns9ZLb2N4AaABAg,JyYD60E2Vpk,Claro RD - Yo soy Claro - Urbano,Claro RD,@anazunildamartemarte8693,HAY QUE  DARLE UN PREMIO CASANDRA,2024-01-12T02:04:19Z,1,0,Experiencia General de Marca
UgxGJN22ScSEYuzRa114AaABAg,TKWpVefFVkQ,La Mejor compañía internet móvil de República Dominicana.,Claro RD,@hijodeDios4ever,"Para mí bro , altice es el mejor en cobertura , pero luego que tu internet se le van todo los gb no sirve entonces claro no tiene cobertura pero su internet cuando se degrada si tiene señal es fuego 🔥",2024-01-08T18:04:13Z,14,4,Fibra Óptica e Internet Hogar
UgxyEll1mQSaeEWhBjR4AaABAg,TKWpVefFVkQ,La Mejor compañía internet móvil de República Dominicana.,Claro RD,@hijodeDios4ever,"Bro puedes hablar de los internet, de los router inalámbrico, porque yo tenía uno de altice , y le ponía paqueticos y lo podía poner de 10 GB por 200 pesos , y duraba 2 hora en vez de durar 5 , sin ver muchos videos ni nada no sé porque pasaba eso",2024-01-08T18:02:32Z,2,2,Fibra Óptica e Internet Hogar
UgySrGyGtU8AseH-kc14AaABAg,qLxWDavp0bg,¿Cómo llamar a CLARO Servicio al cliente? en TODOS los países,Claro RD,@romeliaduque7995,Tele fotos de claro nesecito,2023-12-29T23:21:29Z,1,1,Atención al Cliente y Soporte
UgwqxhvCRBslYc-rdvh4AaABAg,vyzj855irRw,Claro Nicaragua y su servicio al cliente,Claro RD,@celiareina2383,papapapa papapapa o mi papapapa pa 😂 los trabajos que me copiaste profes remix Cr a las últimas décadas de la que se te cante el culo a las últimas décadas de la que se te cante el culo a las olimpiadas de la que se no es profes remix Cr a las últimas décadas de la que se te cante el culo a las últimas décadas de la culo 😮,2023-12-23T14:16:21Z,4,0,Atención al Cliente y Soporte
UgzJUThnVZ2qxKEjDHZ4AaABAg,TKWpVefFVkQ,La Mejor compañía internet móvil de República Dominicana.,Claro RD,@wandervargas1613,Y cual es la compañía que mas le dura los datos móviles,2023-12-22T13:49:03Z,2,1,Fibra Óptica e Internet Hogar
UgysMg7gXi4GVfQ9vL54AaABAg,qLxWDavp0bg,¿Cómo llamar a CLARO Servicio al cliente? en TODOS los países,Claro RD,@sebastianalmeida5273,Hola,2023-12-18T16:34:30Z,1,1,Atención al Cliente y Soporte
UgyT4Do06hgj0mtPyMN4AaABAg,32ad78KOfW4,CÓMO LLAMAR A SERVICIOS DE CLARO,Claro RD,@GuadalupepastoraEspinales,Buenas tardes estoy llamando a la oficina de Claro porque me pusieron un mensaje de que yo no había pagado el internet sí lo pagué el 28 de noviembre y se me vence el 28 de yo me llamo Guadalupe pastor espinales por favor necesito que me desenrede en ese enredo yo no puedo estar en ese enredo de que yo Claro que me atienda,2023-12-09T21:57:10Z,2,1,Fibra Óptica e Internet Hogar
Ugz4EAk5_IIPJV5rmbx4AaABAg,qLxWDavp0bg,¿Cómo llamar a CLARO Servicio al cliente? en TODOS los países,Claro RD,@clemensiamartinez4182,Estoy llamando numeral 611 para hablar a un operador declaró me qué no me dice cómo hago,2023-12-05T20:30:32Z,1,1,Atención al Cliente y Soporte
UgyvakQEFpr0cgNFXtl4AaABAg,qLxWDavp0bg,¿Cómo llamar a CLARO Servicio al cliente? en TODOS los países,Claro RD,@antoniavasquez3454,"3s decir que tu no puedes tener minutos en tu celular porque se consumen , sin usarlo ya comorendo el porque tabtas personas se cambian de compañía",2023-11-30T18:04:50Z,1,1,Atención al Cliente y Soporte
Ugyi3UhmEnhX9AJ8Z7B4AaABAg,qLxWDavp0bg,¿Cómo llamar a CLARO Servicio al cliente? en TODOS los países,Claro RD,@antoniavasquez3454,"Me dijo usted no posee lo sufriente para realizar esa recarga , tengo mucho años con claro aunque he cambiado de número muchas veces ,pero si eso no mejora tendré que cambiar de compañía",2023-11-30T03:55:18Z,2,2,Atención al Cliente y Soporte
Ugyp9__sKkHwF91-jlR4AaABAg,qLxWDavp0bg,¿Cómo llamar a CLARO Servicio al cliente? en TODOS los países,Claro RD,@antoniavasquez3454,Porque claro es tan ladrona puse una recarga de 150 las 9 de la mañana y pence mi paquete se venció la fui a activar y la contestadora me dijo que asta que el paquete no se venciera no podía activar y lo deje así apague la data solo puse el internet de mi hotel y cuando la Fuy a poner después que pasó el plazo del paquete,2023-11-30T03:53:42Z,1,1,Fibra Óptica e Internet Hogar
UgxfidoDPq4AcJpIejp4AaABAg,zE4mlgdWzYg,como configurar Apn 5G 4G claro Dominicana,Claro RD,@MrFranciscobest,No todo los planes,2023-11-25T01:47:37Z,1,0,Red Móvil y Cobertura 5G
UgyNGJpNrIj6g_6LL314AaABAg,qLxWDavp0bg,¿Cómo llamar a CLARO Servicio al cliente? en TODOS los países,Claro RD,@sandraangelicamogollonrome931,"Soy una adulta mayor y no uso pajinas ni link, para pedir un técnico es tan difícil y siempre lo cancelan uds, no se porque tan mal servicio😭",2023-11-24T18:45:39Z,1,2,Atención al Cliente y Soporte
UgyfWwwT_lhR-_hUHcN4AaABAg,32ad78KOfW4,CÓMO LLAMAR A SERVICIOS DE CLARO,Claro RD,@yoicejohannalopezcarrillo5602,Es una empresa estafadora,2023-11-22T19:24:53Z,1,0,Atención al Cliente y Soporte
UgwV3x0Qrdzk5C6xxyV4AaABAg,TKWpVefFVkQ,La Mejor compañía internet móvil de República Dominicana.,Claro RD,@GRangel64,Eso es  cierto altice en movil es lo mejor,2023-11-22T04:20:24Z,4,1,Fibra Óptica e Internet Hogar
UgzQWAGLYrQKPlfpM7B4AaABAg,qLxWDavp0bg,¿Cómo llamar a CLARO Servicio al cliente? en TODOS los países,Claro RD,@antoniavasquez3454,"Una pregunta porque , mi internet está tan lentos",2023-11-22T02:33:36Z,1,2,Fibra Óptica e Internet Hogar
UgzLVz83h7Ix86Xwfex4AaABAg,TKWpVefFVkQ,La Mejor compañía internet móvil de República Dominicana.,Claro RD,@carlosyan388,Lo que pasa tu no puedes regalar tu trabajo.. pero tienes que se justo,2023-11-21T23:03:16Z,2,1,Fibra Óptica e Internet Hogar
UgwAMP-oqpIWFpWdWHl4AaABAg,TKWpVefFVkQ,La Mejor compañía internet móvil de República Dominicana.,Claro RD,@carlosyan388,Claro es la pionera que halla perdiendo un poco de cobertura pero eso se debe a los  cambios que han hecho pero han mejorado mucho en sus tecnologia y capacidad de respuesta.recuerde cuánto duró cuando se le callo la plataforma altice y claro duró 35minuto tiempo límite...,2023-11-21T23:00:34Z,4,4,Fibra Óptica e Internet Hogar
UgzD51CzOkjPEELtqhd4AaABAg,TKWpVefFVkQ,La Mejor compañía internet móvil de República Dominicana.,Claro RD,@carlosyan388,Claro a mejorado bastante claro es superior,2023-11-21T14:39:37Z,6,2,Fibra Óptica e Internet Hogar
Ugw1x_AlFtpo8WCyTCh4AaABAg,TKWpVefFVkQ,La Mejor compañía internet móvil de República Dominicana.,Claro RD,@carlosyan388,No lo creo,2023-11-21T14:37:42Z,1,1,Fibra Óptica e Internet Hogar
UgwMk1XRSsVrdyp7k3R4AaABAg,JyYD60E2Vpk,Claro RD - Yo soy Claro - Urbano,Claro RD,@Luismatias11,Esa cancion esta del kiloooooo😮😮😮😮😮,2023-11-19T23:14:53Z,0,0,Experiencia General de Marca
UgzLb5UOH-Z-LNa1WVp4AaABAg,cXJfXbWC248,👉CON ESTE CODIGO EVITAS que CLARO te CONSUMA SALDO SIN PERMISO.,Claro RD,@romeropalacios6697,Wey,2023-11-19T18:15:22Z,0,0,Experiencia General de Marca
UgwQFrbijtoceuKIGhR4AaABAg,JyYD60E2Vpk,Claro RD - Yo soy Claro - Urbano,Claro RD,@theazrael9951,"Lo que hace el talento. Me tienen escuchando un anuncio, cuando yo solo espero los 5 segundos para omitir",2023-11-16T23:16:19Z,2,0,Fibra Óptica e Internet Hogar
Ugww2WksKNXkaQldGOJ4AaABAg,JyYD60E2Vpk,Claro RD - Yo soy Claro - Urbano,Claro RD,@anazunildamartemarte8693,🎉😊❤🎉el MEJOR  anuncio de la television DOMINICANA..❤❤❤,2023-11-16T19:33:31Z,2,0,Experiencia General de Marca
UgyuOOZ3-wKFJ5_Ul254AaABAg,JyYD60E2Vpk,Claro RD - Yo soy Claro - Urbano,Claro RD,@kevinlapaix2019,Que bella MelyMel hermosura,2023-11-13T12:39:07Z,1,0,Experiencia General de Marca
Ugwh4BeMEj7QIUS7esZ4AaABAg,qLxWDavp0bg,¿Cómo llamar a CLARO Servicio al cliente? en TODOS los países,Claro RD,@joseluisamati7153,Donde hay representantes de claro en Bs As Argentina y teléfono para comunicarme ?......,2023-11-12T23:27:00Z,1,1,Atención al Cliente y Soporte
Ugxxmtw7wkGPqVF9f-Z4AaABAg,JyYD60E2Vpk,Claro RD - Yo soy Claro - Urbano,Claro RD,@carlito550,Melimer es una artistasa,2023-11-11T12:56:07Z,1,0,Experiencia General de Marca
UgycUIjmZB5zltGxiQ94AaABAg,32ad78KOfW4,CÓMO LLAMAR A SERVICIOS DE CLARO,Claro RD,@mariagracielsgonzalez9394,Cómo hago para dar de baja a claro?,2023-11-09T04:20:35Z,2,0,Atención al Cliente y Soporte
UgybVxgsh_KxUWiITNt4AaABAg,32ad78KOfW4,CÓMO LLAMAR A SERVICIOS DE CLARO,Claro RD,@mariagracielsgonzalez9394,Quiero dar de baja a claro,2023-11-09T04:19:16Z,0,0,Atención al Cliente y Soporte
UgzR1p74WCX17JgYUFV4AaABAg,qLxWDavp0bg,¿Cómo llamar a CLARO Servicio al cliente? en TODOS los países,Claro RD,@aideecardona853,"Estoy buscando solución a mi problema , pero no es posible comunicarme.",2023-11-06T20:29:26Z,1,1,Atención al Cliente y Soporte
UgzzmcDo60Obj2oknB14AaABAg,32ad78KOfW4,CÓMO LLAMAR A SERVICIOS DE CLARO,Claro RD,@ciriacapacheco8696,Y la promoción de pañales ?cuando depositan,2023-11-06T12:51:17Z,0,0,Atención al Cliente y Soporte
UgxDkqD8AX4XO__eQq54AaABAg,32ad78KOfW4,CÓMO LLAMAR A SERVICIOS DE CLARO,Claro RD,@frellamorales3276,No se entiende pueden dar el numero ustedes porque yo no entiendo Tecnologia MODERNA Felicitaciones 💖💕💖💕 gracias,2023-11-05T04:25:32Z,0,2,Atención al Cliente y Soporte
Ugz4H87HALQWfBwqxyR4AaABAg,qLxWDavp0bg,¿Cómo llamar a CLARO Servicio al cliente? en TODOS los países,Claro RD,@frellamorales3276,Número de claro chile  gracias ❤❤❤,2023-11-05T04:22:26Z,0,1,Atención al Cliente y Soporte
UgxbpUpCGyEXTm8Tplh4AaABAg,JyYD60E2Vpk,Claro RD - Yo soy Claro - Urbano,Claro RD,@nicolejimenez9096,"Esta mujer es genial, me hizo venir a escuchar un anuncio, es el único que no me salgo y hasta el sol de hoy no olvido la promoción de verano presidente",2023-11-04T19:19:38Z,9,0,Planes y Promociones
UgxQ4HxyTc_Yzyduum94AaABAg,JyYD60E2Vpk,Claro RD - Yo soy Claro - Urbano,Claro RD,@mellgarcia5099,"wwwaaauu si, me gusta ese anuncio, jjjje lo busque pa escuchalo de nuevo!!! Es fuerte; el único país donde  las canciones de los comerciales se pegan y se viven !!",2023-11-03T20:43:12Z,10,0,Experiencia General de Marca
Ugzv2K41a8cvxghSvP94AaABAg,JyYD60E2Vpk,Claro RD - Yo soy Claro - Urbano,Claro RD,@La-Lissah,Es muy buena la canción!,2023-11-03T02:19:29Z,3,0,Experiencia General de Marca
UgyZcPJgI2VOqyFfwBh4AaABAg,qLxWDavp0bg,¿Cómo llamar a CLARO Servicio al cliente? en TODOS los países,Claro RD,@lucerocardenas7209,Solo pedí cancelar el servicio y me dejaron 40 minutos y no me contestaron,2023-11-02T17:02:33Z,1,1,Atención al Cliente y Soporte
UgyWu8Zh-8ACD2P7pUl4AaABAg,qLxWDavp0bg,¿Cómo llamar a CLARO Servicio al cliente? en TODOS los países,Claro RD,@lucerocardenas7209,Pésimo el servicio de claro es lo mas malo que hay,2023-11-02T17:01:00Z,18,3,Atención al Cliente y Soporte
UgwLAN4MN8KaiCVnJpt4AaABAg,JyYD60E2Vpk,Claro RD - Yo soy Claro - Urbano,Claro RD,@manuellaquiino1209,Estoy enamorado de ese anuncio melymel siempre la aplica!! “ ❤😍,2023-11-01T18:02:29Z,11,0,Experiencia General de Marca
UgzwvbgMj8h_vToxUet4AaABAg,JyYD60E2Vpk,Claro RD - Yo soy Claro - Urbano,Claro RD,@lourdesgonzalez8747,Excelente!!!,2023-11-01T02:36:34Z,3,0,Experiencia General de Marca
Ugy66dT-ezHHKIp7DyR4AaABAg,JyYD60E2Vpk,Claro RD - Yo soy Claro - Urbano,Claro RD,@MichaelXSF,Todo es mejor,2023-10-31T20:25:07Z,2,0,Experiencia General de Marca
UgxolcGRvFbkHijaG1l4AaABAg,JyYD60E2Vpk,Claro RD - Yo soy Claro - Urbano,Claro RD,@edileniafamilia1979,Primera vez que escucho un anuncio y me gusta😂❤️❤️❤️❤️❤️ Hermosa canción ❤️,2023-10-31T00:11:22Z,9,0,Experiencia General de Marca
UgyFR7YOmWZl-m6pBdp4AaABAg,JyYD60E2Vpk,Claro RD - Yo soy Claro - Urbano,Claro RD,@mversexDD,Esta buenisima la dieron en la televisión mia y la vi y estuvo buena muy chida 👍 Yo tambien tengo un celular de claro,2023-10-30T23:46:05Z,3,0,Planes y Promociones
UgwI2_38XvcWNNeU_I54AaABAg,32ad78KOfW4,CÓMO LLAMAR A SERVICIOS DE CLARO,Claro RD,@OlgaOrtiz-k5w,Número para comunicarme  con  clar,2023-10-25T18:31:04Z,0,0,Atención al Cliente y Soporte
Ugzl3kMf09VvSLTooCV4AaABAg,qLxWDavp0bg,¿Cómo llamar a CLARO Servicio al cliente? en TODOS los países,Claro RD,@OlgaOrtiz-k5w,Necesito comunicarme  con  un ejecutivo,2023-10-25T18:16:16Z,1,1,Atención al Cliente y Soporte
Ugx2EnlS2cFtIBJ5yOV4AaABAg,JyYD60E2Vpk,Claro RD - Yo soy Claro - Urbano,Claro RD,@OPINIÓN_URBANA_TV,Ese anuncio es mejor que muchísimas canciones ❤,2023-10-25T02:31:38Z,5,0,Experiencia General de Marca
UgzWfOuyha2Qm-r4gwd4AaABAg,JyYD60E2Vpk,Claro RD - Yo soy Claro - Urbano,Claro RD,@amazonclient4502,amo está canción😍,2023-10-25T00:36:14Z,3,0,Experiencia General de Marca
Ugzn7lQ7pnxanm7wHLt4AaABAg,JyYD60E2Vpk,Claro RD - Yo soy Claro - Urbano,Claro RD,@kazuha2967,"Que bueno leer que pusieron los créditos a melymel como compositora, la mejor y más versátil",2023-10-25T00:23:30Z,13,0,Experiencia General de Marca
UgwVmnbFoDHqV21wocd4AaABAg,JyYD60E2Vpk,Claro RD - Yo soy Claro - Urbano,Claro RD,@AndresFlete,Wao que canción más hermosa me da nostalgia,2023-10-22T03:26:58Z,3,0,Experiencia General de Marca
UgwL7BuCmzE9BXJ5cO54AaABAg,JyYD60E2Vpk,Claro RD - Yo soy Claro - Urbano,Claro RD,@MichaelXSF,La mejor canción,2023-10-22T01:58:30Z,3,0,Experiencia General de Marca
UgyL2zKHQyamjgGAhhZ4AaABAg,JyYD60E2Vpk,Claro RD - Yo soy Claro - Urbano,Claro RD,@darlynseverino8469,Me canta la cacion de melimel ❤,2023-10-20T18:48:16Z,11,0,Experiencia General de Marca
UgydVOP2PvBvo1voFoZ4AaABAg,JyYD60E2Vpk,Claro RD - Yo soy Claro - Urbano,Claro RD,@themaxter9492,Ellos dos deberían sacar este tema y alargarlo.,2023-10-20T15:57:12Z,9,0,Experiencia General de Marca
UgwwXQcxOTL5chYyFl94AaABAg,qLxWDavp0bg,¿Cómo llamar a CLARO Servicio al cliente? en TODOS los países,Claro RD,@frankicardenas8411,Hola no encuentro atencion directa con un operador la linea de internet por cable se fue y nesecito saber que paso con el internet,2023-10-19T10:46:58Z,1,1,Fibra Óptica e Internet Hogar
UgwHjhtO_XGxj3wFPh54AaABAg,JyYD60E2Vpk,Claro RD - Yo soy Claro - Urbano,Claro RD,@eldelossazones889,Dios mio mely un anuncio que no se me va de la cabeza porque esa música esta bellísima,2023-10-19T02:11:09Z,12,0,Experiencia General de Marca
Ugwu5MlDJs4Sp9nFTp54AaABAg,32ad78KOfW4,CÓMO LLAMAR A SERVICIOS DE CLARO,Claro RD,@JosephRosales-z1r,BAD SERVICIO AL CLIENTE,2023-10-17T21:03:37Z,0,0,Atención al Cliente y Soporte
UgytC6uJp5dsHR29BrN4AaABAg,JyYD60E2Vpk,Claro RD - Yo soy Claro - Urbano,Claro RD,@GriselReyes-o6c,"Waooo, deberian de hacer un disco de ese tema Melymel y Chimbala",2023-10-17T02:13:20Z,4,0,Experiencia General de Marca
UgwzWynIGqRuDNRd8id4AaABAg,JyYD60E2Vpk,Claro RD - Yo soy Claro - Urbano,Claro RD,@dulcemolina-kp8vj,Nunca en la vida clero avía tenido un anuncio tan lindo como ese bendiciones,2023-10-16T18:29:48Z,15,0,Experiencia General de Marca
UgxvOksVeCGWFtFt7rh4AaABAg,JyYD60E2Vpk,Claro RD - Yo soy Claro - Urbano,Claro RD,@natalymateo1123,No paro de ver este anuncio lo amé y la hermosa voz de MelyMel nunca pasa de moda la amo😍❤,2023-10-15T04:08:54Z,6,0,Experiencia General de Marca
UgyPQBXEQGtw-fy9_9R4AaABAg,TKWpVefFVkQ,La Mejor compañía internet móvil de República Dominicana.,Claro RD,@samuelmartineznunez-fy7yi,Si pero lo unico que yo vivo en guaricano y tengo un plan de 2997 pesos de altice y uno de 700 pesos en viva y altice no sirve por aqui y viva es exelente me funciona muy bien en cambio altice no,2023-10-14T19:12:09Z,2,1,Fibra Óptica e Internet Hogar
UgxJdviAqbmMz2xMR0R4AaABAg,JyYD60E2Vpk,Claro RD - Yo soy Claro - Urbano,Claro RD,@alexanderpenagonzalez4603,Dios mío necesito esto en sportify,2023-10-13T10:45:18Z,3,0,Experiencia General de Marca
UgwwG6zGX9W-ZINpI9F4AaABAg,JyYD60E2Vpk,Claro RD - Yo soy Claro - Urbano,Claro RD,@yoemilbeltrequinones1768,"Es increíble como repito esta canción una y otra vez, y eso que es un ANUNCIOOOOO🤩",2023-10-13T00:00:06Z,56,2,Experiencia General de Marca
Ugxe5ZQcmas3q1P-VU14AaABAg,JyYD60E2Vpk,Claro RD - Yo soy Claro - Urbano,Claro RD,@Liiiiinagm.r1823,Este anuncio es un palo.,2023-10-12T16:45:53Z,18,0,Experiencia General de Marca
UgxXa7yqCBOe7G3u7qp4AaABAg,JyYD60E2Vpk,Claro RD - Yo soy Claro - Urbano,Claro RD,@MariaSuarez-i8u,"El mejor anuncio de claro me encanta no lo dejo de cantar, asta de tono lo puse en el cel😊",2023-10-10T15:24:56Z,18,0,Experiencia General de Marca
UgwYHX9cui7hB8-xPYB4AaABAg,TKWpVefFVkQ,La Mejor compañía internet móvil de República Dominicana.,Claro RD,@estebanacosta5163,"Tienes muchas rason yo ya e probado las tres compañias entre la tres yo sacaría a claro como la peor de todas en el campo en su paquetes y su planes tedan mucha velocidad pero se degrada rápido si tú eres una personas k te gusta usar YouTube,nexfli,u otra aplicación no la recomiendo yo sol de la línea noroeste un paquete de claro de 5dias es una basura se degrada ante k pase 5hora aora si usas un móvil 3G te puede durar tarbes yega a los 5dias y eso si no lo forsa si ases intervalo de 2hora puede yegar a los 5dias a diferencia de altice y viva ambas son buenas,,,, aora claro tiene buena cobertura pero solo el la carretera pero en cayejones es una basura hieso k es la compañia más cara del país en minuto cobran caro no puedes ASER una yamada a países fuera se teban todos los minutos",2023-10-09T14:34:55Z,4,1,Fibra Óptica e Internet Hogar
Ugzdmhq-h94lgxdLV894AaABAg,zE4mlgdWzYg,como configurar Apn 5G 4G claro Dominicana,Claro RD,@yefryarias7454,Pero en claro solo se pone el 5g cuando es con plan cuando tú teléfono es prepago no se pone,2023-10-09T02:00:43Z,2,0,Red Móvil y Cobertura 5G
Ugz2uOz_vL2GKdRoPTd4AaABAg,32ad78KOfW4,CÓMO LLAMAR A SERVICIOS DE CLARO,Claro RD,@FelicitasGloria-ix7py,Buenas tardes por favor teléfono móvil de Perú,2023-10-06T18:30:19Z,0,0,Atención al Cliente y Soporte
UgwpBUBBwViQikc_iGZ4AaABAg,qLxWDavp0bg,¿Cómo llamar a CLARO Servicio al cliente? en TODOS los países,Claro RD,@meryayala3660,En Peru 123 pero desde telef cin linea Claro y si no soy Claro 😮,2023-10-04T01:13:24Z,1,1,Red Móvil y Cobertura 5G
UgwpkX5HzYamYo-OLfR4AaABAg,JyYD60E2Vpk,Claro RD - Yo soy Claro - Urbano,Claro RD,@lromero3913,Le metieron durisimo a este anuncio!,2023-09-30T15:44:14Z,20,0,Experiencia General de Marca
Ugxb2rQwj5py8lnKMdx4AaABAg,JyYD60E2Vpk,Claro RD - Yo soy Claro - Urbano,Claro RD,@Turbo809oficial,EtSs mujer es la potencia musical nadie como ella mely 😍😍😍 hasta los anuncios los pega 👏🏻👏🏻👏🏻👏🏻,2023-09-30T12:19:09Z,16,0,Experiencia General de Marca
UgwDh2qSJWG3hGhCtNl4AaABAg,JyYD60E2Vpk,Claro RD - Yo soy Claro - Urbano,Claro RD,@floiranmercedes3918,Está es la canción del verano debe ser nominada,2023-09-29T10:30:43Z,26,0,Experiencia General de Marca
UgwdvQAxmgl2RRrkyuh4AaABAg,L0mPhRFp0lo,"Como registrarse en Mi Claro, abre una cuenta en mi claro y paga tus facturas, recarga saldo y más 😎",Claro RD,@babydollmlgamer6464,No me deja registrarme nunca llega el codigo para confirmar por sms,2023-09-27T12:57:50Z,0,0,Facturación y Tarifas
Ugwu3B7LhZREEGRYE414AaABAg,JyYD60E2Vpk,Claro RD - Yo soy Claro - Urbano,Claro RD,@winnierjimz5613,Que dura 😊 meli,2023-09-24T11:13:00Z,2,0,Experiencia General de Marca
UgxxJ2tfkXg0bPEq-zB4AaABAg,JyYD60E2Vpk,Claro RD - Yo soy Claro - Urbano,Claro RD,@ruthsantos2320,Esta canción casi me hace llorar😢❤,2023-09-22T22:17:22Z,10,0,Experiencia General de Marca
UgxwROs8KPNJQDZaBhl4AaABAg,JyYD60E2Vpk,Claro RD - Yo soy Claro - Urbano,Claro RD,@KeiraStudy47,Pegajosa no?,2023-09-22T19:12:25Z,11,0,Experiencia General de Marca
UgwoDx9potElqXVP0214AaABAg,JyYD60E2Vpk,Claro RD - Yo soy Claro - Urbano,Claro RD,@joseluisgreen9162,Se convirtió en un hit,2023-09-22T13:27:16Z,11,0,Experiencia General de Marca
UgzC8U4V9lLGVoXjSjt4AaABAg,JyYD60E2Vpk,Claro RD - Yo soy Claro - Urbano,Claro RD,@miguelAngel-gl8ci,😂😂😂😂 ahora canto esa canción,2023-09-22T10:41:43Z,2,0,Experiencia General de Marca
UgxCtbazZbWIaGK3lZB4AaABAg,JyYD60E2Vpk,Claro RD - Yo soy Claro - Urbano,Claro RD,@angelavasquez8949,Me encanta esaaaaa canciooon Dios que duraaaaaaaaa,2023-09-22T00:41:59Z,2,0,Experiencia General de Marca
UgwPDNAoU2s9C3GUZwZ4AaABAg,JyYD60E2Vpk,Claro RD - Yo soy Claro - Urbano,Claro RD,@ricardopachecofelix661,mely mel hace falta musica tuya te esperamos tu eres la real mama bendisiones 💯💯💯💯💯💥💥💥💥,2023-09-21T11:57:53Z,2,0,Experiencia General de Marca
UgwSG0s9436_nU_ljE54AaABAg,JyYD60E2Vpk,Claro RD - Yo soy Claro - Urbano,Claro RD,@blackboyoficial896,Se la comieron ahi 🇩🇴🔥🔥,2023-09-20T23:29:38Z,2,0,Experiencia General de Marca
UgxjftOYpiHmJLzwMvd4AaABAg,JyYD60E2Vpk,Claro RD - Yo soy Claro - Urbano,Claro RD,@RafaelTapia-ih5cx,Juuuuu me encanta!!,2023-09-19T11:07:10Z,1,0,Experiencia General de Marca
Ugy1oTfRF8kS-GhL6Id4AaABAg,JyYD60E2Vpk,Claro RD - Yo soy Claro - Urbano,Claro RD,@Mariasuarez-dt5no,Canta bello!❤,2023-09-18T11:21:04Z,2,0,Experiencia General de Marca
UgzZYak2t_eRAaZZ-xB4AaABAg,JyYD60E2Vpk,Claro RD - Yo soy Claro - Urbano,Claro RD,@richardmena7,"Melimel , deberias terminar esta cancion completa.  ME encanta tu lirica",2023-09-18T02:45:13Z,2,0,Experiencia General de Marca
UgyK3w3fZtDtEUIeUCx4AaABAg,JyYD60E2Vpk,Claro RD - Yo soy Claro - Urbano,Claro RD,@Domingoriguezzc,ami me encanta este tema esa mujer una real cantante,2023-09-17T12:24:19Z,2,0,Experiencia General de Marca
UgwhzH5qKlTLEpYIrU14AaABAg,JyYD60E2Vpk,Claro RD - Yo soy Claro - Urbano,Claro RD,@fatimacampusanoreyes,Que bonito!,2023-09-17T02:00:06Z,3,0,Experiencia General de Marca
UgwyQ21oC3ilsSmFIwd4AaABAg,JyYD60E2Vpk,Claro RD - Yo soy Claro - Urbano,Claro RD,@christianpimentel9128,Muy dura la canción 🔥🔥🔥🔥,2023-09-16T06:07:30Z,2,0,Experiencia General de Marca
UgwOojMM0mRCAJfIg7F4AaABAg,JyYD60E2Vpk,Claro RD - Yo soy Claro - Urbano,Claro RD,@naoleidyrodriguez3691,"Hermosa quedó pao en ese vídeo una niña muy hermosa con un futuro muy prometedor ❤️ , bendiciones, melymel la mamá de todas las nenas del género urbano ...",2023-09-15T03:30:55Z,15,0,Experiencia General de Marca
Ugyc3FZ86_y9gUBhJyR4AaABAg,JyYD60E2Vpk,Claro RD - Yo soy Claro - Urbano,Claro RD,@siganviendo1,Deria  hacerla completa,2023-09-15T00:18:57Z,2,0,Experiencia General de Marca
Ugwz5Q4HtBgXfO3ze194AaABAg,JyYD60E2Vpk,Claro RD - Yo soy Claro - Urbano,Claro RD,@gflowrd9853,Demasiado duro,2023-09-13T21:15:35Z,2,0,Experiencia General de Marca
UgyzU0dmpE2lZRZU7hp4AaABAg,JyYD60E2Vpk,Claro RD - Yo soy Claro - Urbano,Claro RD,@bolcan.mevite,Un palo 🔴 exelente music ✨,2023-09-13T02:07:16Z,3,0,Experiencia General de Marca
UgwNZPTzqEzglJGom3R4AaABAg,JyYD60E2Vpk,Claro RD - Yo soy Claro - Urbano,Claro RD,@enmanuelshephard3222,"Wao, Wao, Wao, esto es talento.",2023-09-13T01:09:26Z,12,0,Fibra Óptica e Internet Hogar
UgxRopDEkZtkWjPRHxx4AaABAg,JyYD60E2Vpk,Claro RD - Yo soy Claro - Urbano,Claro RD,@melfinacosta,"Muy duro el tema 🤌🏽
Melymel la saca por los 411 siempre, no falla.",2023-09-13T00:37:56Z,9,0,Experiencia General de Marca
Ugxey9pTBrbt7O_K-jB4AaABAg,JyYD60E2Vpk,Claro RD - Yo soy Claro - Urbano,Claro RD,@romanpayano5067,"Está a nombre de mi madre doña Josefina Emperatriz Peña vda Payano, feliz noche",2023-09-13T00:15:37Z,1,0,Experiencia General de Marca
UgzJgEKIYM4QqarWuWR4AaABAg,JyYD60E2Vpk,Claro RD - Yo soy Claro - Urbano,Claro RD,@raulonduras1542,"Carajo ta duro el temita, el verso del pequeñito me engrifó...😅",2023-09-13T00:08:09Z,3,0,Experiencia General de Marca
UgyWQenJkw1zQ3GnL5V4AaABAg,JyYD60E2Vpk,Claro RD - Yo soy Claro - Urbano,Claro RD,@julioreyes2425,Que musica tan hermosa💞,2023-09-12T23:58:05Z,2,0,Experiencia General de Marca
UgwPB8qIlbaAdZSlmjF4AaABAg,JyYD60E2Vpk,Claro RD - Yo soy Claro - Urbano,Claro RD,@chamil3030,Muy lindo el tema,2023-09-12T23:41:56Z,2,0,Experiencia General de Marca
UgzrKlCLl41uVo5sV6J4AaABAg,JyYD60E2Vpk,Claro RD - Yo soy Claro - Urbano,Claro RD,@yovaletrasoficial,"Waoh! MelyMel, hiciste que yo escuche un anuncia más de 5 veces. Te felicito mi loca.",2023-09-12T23:33:42Z,95,11,Experiencia General de Marca
UgzmLA0kp-eGcGUEFV94AaABAg,JyYD60E2Vpk,Claro RD - Yo soy Claro - Urbano,Claro RD,@CABRAL89,LA  MAMA DEL RAP. YO NO VEO ANUNCIO PERO DESDE QUE VI A MELYMEL dije hay que verlo  debe de ser duro .  muy dura la mama del rap,2023-09-12T18:13:11Z,11,0,Experiencia General de Marca
UgwPaEkLTxmWm-QywKR4AaABAg,JyYD60E2Vpk,Claro RD - Yo soy Claro - Urbano,Claro RD,@Ismaelg10,Mely siempre aplicándola 😍,2023-09-12T15:35:05Z,2,0,Experiencia General de Marca
UgxHtQMCfP8_owpROAt4AaABAg,JyYD60E2Vpk,Claro RD - Yo soy Claro - Urbano,Claro RD,@kariibunny1,Debería ser la canción oficial y ponerla que representar Claro Latam,2023-09-12T14:04:39Z,36,0,Experiencia General de Marca
UgxBodpg2QrjQcWXUT94AaABAg,JyYD60E2Vpk,Claro RD - Yo soy Claro - Urbano,Claro RD,@wilkissantana9996,Tremendo comercial... ya es una canción! wow que buena es Melymel... Chimbala genial!,2023-09-12T14:03:56Z,21,0,Experiencia General de Marca
UgygZs0gOIarXv9JZFV4AaABAg,JyYD60E2Vpk,Claro RD - Yo soy Claro - Urbano,Claro RD,@musicworld0910,Melimel tiene la voz hermosa igual que ella 🇩🇴🇩🇴,2023-09-12T13:41:21Z,17,0,Experiencia General de Marca
UgwF8l4d0f9Skvlvtb14AaABAg,JyYD60E2Vpk,Claro RD - Yo soy Claro - Urbano,Claro RD,@jeimyjimenez4800,"Chimbala  el  mejor 👏 
La Melimel matando duro, poder femenino ❤️",2023-09-12T13:17:08Z,10,1,Experiencia General de Marca
Ugzedgf579hNs3KJDX54AaABAg,JyYD60E2Vpk,Claro RD - Yo soy Claro - Urbano,Claro RD,@katherinetejedadhanraj5765,Increíble yo poniendo reproducción indefinida de un anuncio....❤❤❤❤,2023-09-12T13:07:57Z,27,0,Experiencia General de Marca
UgzxOuk5RSP0TLp1RQJ4AaABAg,JyYD60E2Vpk,Claro RD - Yo soy Claro - Urbano,Claro RD,@eliezergonzalez-z6x,la quiero completa demasiado dura,2023-09-12T12:54:39Z,2,0,Experiencia General de Marca
Ugy_4LtbohOf7fnuMD14AaABAg,JyYD60E2Vpk,Claro RD - Yo soy Claro - Urbano,Claro RD,@eliezergonzalez-z6x,eso es un palo la estoy buscando y no la encuentrola queremos completa,2023-09-12T12:53:42Z,12,0,Experiencia General de Marca
Ugw-ee7-PB9voXVbhlt4AaABAg,JyYD60E2Vpk,Claro RD - Yo soy Claro - Urbano,Claro RD,@kelvinfelix4588,Muy linda,2023-09-12T12:25:26Z,1,0,Experiencia General de Marca
Ugw9s7miWvf6Mt2eKjF4AaABAg,JyYD60E2Vpk,Claro RD - Yo soy Claro - Urbano,Claro RD,@monorcitogustoso9081,Claro❤,2023-09-12T11:47:35Z,1,0,Experiencia General de Marca
UgwdxLaWRQV9z2kv90J4AaABAg,JyYD60E2Vpk,Claro RD - Yo soy Claro - Urbano,Claro RD,@lindarosemusic,Esa canción ta dura!!!!!! Yo vine de un anuncio! Ta jevi,2023-09-12T08:15:20Z,14,2,Experiencia General de Marca
UgzPpIRbx5caemmOtA94AaABAg,JyYD60E2Vpk,Claro RD - Yo soy Claro - Urbano,Claro RD,@zayner_rs,suena dura la cancion con el relajo jaja,2023-09-12T04:53:57Z,13,0,Experiencia General de Marca
UgyZV5Eb31V70kbc9g14AaABAg,JyYD60E2Vpk,Claro RD - Yo soy Claro - Urbano,Claro RD,@melaniafernandez6004,"Es cierto es un palo, la Mely  siempre pegandola",2023-09-12T02:48:36Z,17,0,Experiencia General de Marca
UgyBiV1ceOh8LhGnIP54AaABAg,JyYD60E2Vpk,Claro RD - Yo soy Claro - Urbano,Claro RD,@Dery360z,Excelente.,2023-09-12T02:25:22Z,3,0,Experiencia General de Marca
UgxD8fwTlwkrdwbq0vJ4AaABAg,wpSBLTr1UFI,¿Cómo ATENDER QUEJAS y RECLAMOS de los CLIENTES?,Claro RD,@paulastreppone,"me parece super interesante! La técnica suena genial, pienso que tan viable y realista es para los negocios dar esas compensaciones, siendo que muchos clientes quieren utilizan estas cosas en nuestra contra. Vienen enojados para que le hagas descuentos, vienen enojados para que les repares. Siento que obvio aplica a cada negocio y mercado, pero nosé hasta donde son realistas y sustentables, a la vez no veo otro camino que reparar con algo! Que lindo desafio!!",2023-08-28T21:04:46Z,0,2,Atención al Cliente y Soporte
UgwTXZ_9Mqw9mGCnqud4AaABAg,32ad78KOfW4,CÓMO LLAMAR A SERVICIOS DE CLARO,Claro RD,@DermanFeliz,Como acer una Reclamación  a claro,2023-08-24T19:24:36Z,0,1,Atención al Cliente y Soporte
UgxsTOh8VSQTt-B8FJR4AaABAg,wpSBLTr1UFI,¿Cómo ATENDER QUEJAS y RECLAMOS de los CLIENTES?,Claro RD,@zulemareyesgarcia1701,"Buena explicación y manera de ver el tema de las quejas de los clientes, me parece una buena manera de resolver quejas, aunque la verdad estando a la mera hora aveces caes en no saber sobrellevar la situación y más haces que se moleste el cliente, lo digo por experiencia propia, hay que tener mucho control de emociones jej",2023-08-14T21:59:03Z,1,1,Atención al Cliente y Soporte
UgyPQis5WN2rmm7Q9N14AaABAg,wpSBLTr1UFI,¿Cómo ATENDER QUEJAS y RECLAMOS de los CLIENTES?,Claro RD,@devanyrdzpadilla1929,Muy buena explicación para dar un buen servicio y seguimiento a tus clientes y fidelizarlos a largo plazo.,2023-08-14T19:46:11Z,0,1,Atención al Cliente y Soporte
UgynhXr_RNbxroaLGb54AaABAg,wpSBLTr1UFI,¿Cómo ATENDER QUEJAS y RECLAMOS de los CLIENTES?,Claro RD,@ceciliacristinatorresmelin5034,Me gustó la idea de ver las 2 perspectivas de la situación en este caso ver los problema scomo oportunidad para poder qué sea nuestro favor pero si satisfacer la necesidades y solventar un problema que nuestro cliente puede estar pasando y todo de una forma mas fácil y sencilla.,2023-08-14T06:06:34Z,0,1,Atención al Cliente y Soporte
Ugx6HWLnyPAxuPE8GbB4AaABAg,wpSBLTr1UFI,¿Cómo ATENDER QUEJAS y RECLAMOS de los CLIENTES?,Claro RD,@jennifergonzalezzacarias569,"Maneja un metodo asi a la hora de resolver quejas es muy bueno, lo digo por experiencia propia y es bueno tener un video que nos ayude a poder enteder que siempre hay formas buenas de resolver problemas.",2023-08-14T04:48:48Z,1,1,Atención al Cliente y Soporte
UgzyCc3EoHlUrVEvdlJ4AaABAg,wpSBLTr1UFI,¿Cómo ATENDER QUEJAS y RECLAMOS de los CLIENTES?,Claro RD,@stephanyalexandraroblesvel3107,"Me pareció excelente el video, no conocía la técnica del calcetín, pero lo único que creo que está demás es sobre la compensación de más al cliente siento que a cada rato va a sacar un problema para que le den una compensación",2023-08-14T04:40:09Z,0,1,Atención al Cliente y Soporte
Ugz7nguWnLg8N1uMu2B4AaABAg,wpSBLTr1UFI,¿Cómo ATENDER QUEJAS y RECLAMOS de los CLIENTES?,Claro RD,@Radiochxn,"Excelente video, me ha dado una nueva técnica de como enfrentar las situaciones inesperadas con los clientes.",2023-08-13T16:48:34Z,0,1,Atención al Cliente y Soporte
UgwV7VmCuF5tzl3lRNt4AaABAg,TKWpVefFVkQ,La Mejor compañía internet móvil de República Dominicana.,Claro RD,@eddyjean5304,Comparto sus ideas y opiniones,2023-08-12T18:10:25Z,5,1,Fibra Óptica e Internet Hogar
UgwWIukiUdhQ4sfzidx4AaABAg,TKWpVefFVkQ,La Mejor compañía internet móvil de República Dominicana.,Claro RD,@eddyjean5304,Buenas tardes mano mio,2023-08-12T18:09:38Z,2,1,Fibra Óptica e Internet Hogar
UgzzaJKkTL03gb4c3DB4AaABAg,wpSBLTr1UFI,¿Cómo ATENDER QUEJAS y RECLAMOS de los CLIENTES?,Claro RD,@IvethAguilarMartinez,"Es una excelente técnica, ya lo había visto en mi trabajo, ya que trabajo en el área de marketing y nos basamos en información digital donde se comparte las quejas y le brindamos la atención que se requiera, es muy genial que se viera cada punto que es importante para solucionar estos problemas con el cliente.",2023-08-12T17:11:22Z,0,1,Atención al Cliente y Soporte
Ugwtjd6qTzkFv2PBUTt4AaABAg,qLxWDavp0bg,¿Cómo llamar a CLARO Servicio al cliente? en TODOS los países,Claro RD,@JoseRamon-nu3bh,Buenas tarde yo quiero Aser una reclamo ayer yo pose una recargas quise instalar un paquetico dé un día tenía 65 peso siempre me mostraba error te voy decir lo que yo creo que eso es para rovame y hoy reviso la cuenta y tengo45 peso yo estoy jarto de perder dinero,2023-08-03T22:39:21Z,2,3,Atención al Cliente y Soporte
UgxPhSK9mSp7LTOeK3B4AaABAg,qLxWDavp0bg,¿Cómo llamar a CLARO Servicio al cliente? en TODOS los países,Claro RD,@JoseMartinez-eu9ne,Gracias por el video,2023-08-01T00:13:31Z,1,1,Atención al Cliente y Soporte
Ugxj6qS6kpnG-YJtClN4AaABAg,qLxWDavp0bg,¿Cómo llamar a CLARO Servicio al cliente? en TODOS los países,Claro RD,@ArteYMarqueteria-bw2lj,EL SERVICIO AL CLIENTE DE CLARO ES UNA SEVERENDA MIERDA,2023-07-28T20:41:39Z,1,1,Atención al Cliente y Soporte
Ugxe6derkXTF19BnLFF4AaABAg,qLxWDavp0bg,¿Cómo llamar a CLARO Servicio al cliente? en TODOS los países,Claro RD,@ArteYMarqueteria-bw2lj,HABLAS MUCHO Y NO INFORMAS LO QUE  SE REQUIERE,2023-07-28T20:40:03Z,3,3,Atención al Cliente y Soporte
Ugy8h_jXv9Rw_PzM9ul4AaABAg,qLxWDavp0bg,¿Cómo llamar a CLARO Servicio al cliente? en TODOS los países,Claro RD,@JeinerVictoria-ls7vu,"Mañana.en.la.mañana.estare.arimando.
Para.comfirmales.de.q.puedo.
Continuar.en.el.plan.soy.una.
Persona.de.bajos.recursos.si.lo.
Entienden.paren.el.corer.del.plan",2023-07-13T19:07:32Z,1,1,Atención al Cliente y Soporte
UgxtPL9uN7SxNJAZ4214AaABAg,qLxWDavp0bg,¿Cómo llamar a CLARO Servicio al cliente? en TODOS los países,Claro RD,@antoniogutuerrez,"Niñas me estan   
Robando  
Los  minuto   
Mui  la drones",2023-06-27T23:39:59Z,2,1,Atención al Cliente y Soporte
UgxWVr0PA5AvWRuziER4AaABAg,L0mPhRFp0lo,"Como registrarse en Mi Claro, abre una cuenta en mi claro y paga tus facturas, recarga saldo y más 😎",Claro RD,@Vicente-y4b,Ayuda me pide un correo que termine en .cl,2023-06-27T17:13:38Z,0,0,Facturación y Tarifas
UgxHSvDHodGCFrlDn6F4AaABAg,qLxWDavp0bg,¿Cómo llamar a CLARO Servicio al cliente? en TODOS los países,Claro RD,@eduardobuenahora7434,Y es por deuda jenerica que quier arreglar,2023-06-26T23:33:43Z,1,1,Atención al Cliente y Soporte
UgzYcGOEnFPjjXqBBXR4AaABAg,qLxWDavp0bg,¿Cómo llamar a CLARO Servicio al cliente? en TODOS los países,Claro RD,@eduardobuenahora7434,Ahora estoy en antel y antes estaba en claro y es importante y urgente,2023-06-26T23:30:34Z,1,3,Atención al Cliente y Soporte
UgzDJekBUOWdyU-l2b94AaABAg,qLxWDavp0bg,¿Cómo llamar a CLARO Servicio al cliente? en TODOS los países,Claro RD,@MaynorOrozco-v6r,Estoy intentando comunicarme a claro por problemas de tv en casa y no encuentro atencion para nada,2023-06-26T18:08:03Z,5,1,Atención al Cliente y Soporte
UgzgwP9q3HMvVdLXHRB4AaABAg,L0mPhRFp0lo,"Como registrarse en Mi Claro, abre una cuenta en mi claro y paga tus facturas, recarga saldo y más 😎",Claro RD,@raynerbernal4575,Jjajajajajajajaj y con mi primer nombre jajajajajajajajajajaj ojo con eso jajaja,2023-06-23T13:41:24Z,0,0,Facturación y Tarifas
Ugx2pNsjia6VPX5DTTV4AaABAg,qLxWDavp0bg,¿Cómo llamar a CLARO Servicio al cliente? en TODOS los países,Claro RD,@darioiniiniiiningutierrezi8459,Hola  soy Darío me quiero comunicar con Claro,2023-06-22T19:02:42Z,1,1,Atención al Cliente y Soporte
UgxrHdI-cx0b6074Ggh4AaABAg,L0mPhRFp0lo,"Como registrarse en Mi Claro, abre una cuenta en mi claro y paga tus facturas, recarga saldo y más 😎",Claro RD,@LuisRodriguez-on8gb,Claro es una basura me voy a cambiar a tigo la verdad,2023-06-16T02:45:18Z,0,0,Facturación y Tarifas
UgwG2JZr2BOJf6klFbt4AaABAg,L0mPhRFp0lo,"Como registrarse en Mi Claro, abre una cuenta en mi claro y paga tus facturas, recarga saldo y más 😎",Claro RD,@BenetiYT,A mi no me llega el pin porfavor ayudenme,2023-06-04T03:19:11Z,0,0,Facturación y Tarifas
UgzINdWjajz9Jeg3Ozx4AaABAg,cXJfXbWC248,👉CON ESTE CODIGO EVITAS que CLARO te CONSUMA SALDO SIN PERMISO.,Claro RD,@BrendaSanchez-u2h,"Tengo un problema yo recargo de saldo mi teléfono le desactivo los datos móviles le quito el Internet, lo dejo normal pero con solo hacer una llamada a cualquier teléfono me consume el saldo me lo dejan en cero sin la persona contestar a la llamada, en este caso que puedo hacer porque mi saldo me queda en cero con solo realizar una llamada y no me contestan",2023-05-20T15:22:48Z,10,4,Fibra Óptica e Internet Hogar
UgzfAX3TssBLCyWYikJ4AaABAg,cXJfXbWC248,👉CON ESTE CODIGO EVITAS que CLARO te CONSUMA SALDO SIN PERMISO.,Claro RD,@israelpierrend,paquetico tico ahora hay chévere control chico,2023-05-18T02:02:36Z,4,0,Planes y Promociones
UgxFZyIhQj1eIz3Qk3d4AaABAg,qLxWDavp0bg,¿Cómo llamar a CLARO Servicio al cliente? en TODOS los países,Claro RD,@esperanzasandoval1586,Porfa cual es el número claro Colombia servicio cliente,2023-05-09T17:38:46Z,2,1,Atención al Cliente y Soporte
Ugyll8Q1W3h7Ph5PtjZ4AaABAg,qLxWDavp0bg,¿Cómo llamar a CLARO Servicio al cliente? en TODOS los países,Claro RD,@esperanzasandoval1586,No se ven bien cual es el número claro clombia,2023-05-09T17:36:59Z,1,1,Atención al Cliente y Soporte
UgyLQLwzvpc0y9iXyQB4AaABAg,32ad78KOfW4,CÓMO LLAMAR A SERVICIOS DE CLARO,Claro RD,@yolandal.a.7239,"Tengo celular operadora claro quiero llamar al 123 y me dice no existe 
Quiero hacer una consulta porque desde mi celular no puedo llamar a EEUU",2023-05-07T17:39:44Z,1,0,Atención al Cliente y Soporte
UgxhZsFiPHNnVPYouh54AaABAg,qLxWDavp0bg,¿Cómo llamar a CLARO Servicio al cliente? en TODOS los países,Claro RD,@karen-nb8pi,"No puedo creer los ladrones que son!! Esta tarde me pusieron una recarga de 3 dias pero no la puse porque tenia internet, resulta que los muy ladrones me robaron mi recarga😡😡😡😡😡😡",2023-04-29T01:08:19Z,1,9,Fibra Óptica e Internet Hogar
UgwSkuhzDqxoeAdamlp4AaABAg,qLxWDavp0bg,¿Cómo llamar a CLARO Servicio al cliente? en TODOS los países,Claro RD,@junirodriguez7837,Como llamar a  claro desde Chicago iLLinois a puerto rico,2023-04-28T20:53:29Z,1,2,Atención al Cliente y Soporte
UgxEgPalS16WG8sEAXZ4AaABAg,niYeqdxGxy4,Claro RD Prueba de velocidad plan 10mbps fibra optica,Claro RD,@post-_skeleton6637,Broo perdon pero en realidad tu no tienes 10mB 😂😂,2023-04-20T18:54:54Z,0,0,Fibra Óptica e Internet Hogar
UgxMkx0d7FjE4dzdNjV4AaABAg,qLxWDavp0bg,¿Cómo llamar a CLARO Servicio al cliente? en TODOS los países,Claro RD,@mariabobadilla9814,"Teléfono de Claro en Perú por Favor, gracias.",2023-04-17T16:53:09Z,1,1,Atención al Cliente y Soporte
UgzLRzlfyHerciiIlkN4AaABAg,wpSBLTr1UFI,¿Cómo ATENDER QUEJAS y RECLAMOS de los CLIENTES?,Claro RD,@darynkaaglaee1519,"Tengo un negocio y pondré en práctica estás estrategias, gracias por el video!",2023-03-30T16:04:00Z,0,1,Atención al Cliente y Soporte
Ugw79d4BvXbhoAl3yZV4AaABAg,wpSBLTr1UFI,¿Cómo ATENDER QUEJAS y RECLAMOS de los CLIENTES?,Claro RD,@deliafambesancheztristan1181,"Nunca había escuchado sobre el truco del calcetín, se me hizo algo completamente novedoso y util para aplicar en la empresa a la hora de tener un problema. Enseña a sacar lo mejor de los peores momentos y como estos te pueden servir para mejorar la relación con los clientes si lo vez desde otro enfoque y lo sabes aprovechar.",2023-03-30T05:26:39Z,0,1,Atención al Cliente y Soporte
UgzUmyrsqsvR3c9qgit4AaABAg,wpSBLTr1UFI,¿Cómo ATENDER QUEJAS y RECLAMOS de los CLIENTES?,Claro RD,@noelefrainsolismata6803,"Excelente informacion con excelentes trucos darle un alto valor a nuestros clientes, haciendolos sentir importantes y mejorando nuestro servicio y atencion al cliente.",2023-03-30T05:26:34Z,0,1,Atención al Cliente y Soporte
UgzRdmGFS6bLXooTeAt4AaABAg,wpSBLTr1UFI,¿Cómo ATENDER QUEJAS y RECLAMOS de los CLIENTES?,Claro RD,@guadalupeflores1472,Excelente video! Me ha parecido muy útil para emplearlo en mi trabajo 😃,2023-03-30T05:21:48Z,0,1,Atención al Cliente y Soporte
UgxL8mQ7kL5IHGtDVk54AaABAg,wpSBLTr1UFI,¿Cómo ATENDER QUEJAS y RECLAMOS de los CLIENTES?,Claro RD,@jennifermedinarodriguez1368,Me parece una excelente técnica puesto que trabajo en servicio al cliente y es muy difícil el poder llegar al punto de tener contento al cliente y poder ofrecerle todo lo que necesita o cree necesitar,2023-03-30T04:31:40Z,0,1,Atención al Cliente y Soporte
UgzfK7aoNOZeE3yJxvJ4AaABAg,wpSBLTr1UFI,¿Cómo ATENDER QUEJAS y RECLAMOS de los CLIENTES?,Claro RD,@cristinasillas4031,"Nunca habia escuchado esta técnica la cual me parecio muy interesante, cada paso lo explica con mucha claridad y con muchos ejemplos los cuales hacen que sea más fácil entender el tema.
Excelente video",2023-03-30T04:15:55Z,0,1,Atención al Cliente y Soporte
UgyR3zNPkydZlTsFDwd4AaABAg,wpSBLTr1UFI,¿Cómo ATENDER QUEJAS y RECLAMOS de los CLIENTES?,Claro RD,@fernandomarinrodriguez6263,"Buena explicación!
Ya había escuchado sobre ese tema, pero me agrado mucho como lo llamaste y del como lo abordaste, y tiene mucho sentido, es muy importante la opinión de nuestros clientes ya que esta en sus manos nuestro éxito y nuestro fracaso",2023-03-30T03:39:44Z,1,1,Atención al Cliente y Soporte
UgwsPU0QvUJX1GfP4154AaABAg,wpSBLTr1UFI,¿Cómo ATENDER QUEJAS y RECLAMOS de los CLIENTES?,Claro RD,@cinthiarubimuozlara8874,Me parece una excelente explicación y el saber como es importante el tratamiento  que les damos a nuestros clientes y el vocabulario que se debe llevar,2023-03-30T03:27:16Z,0,1,Atención al Cliente y Soporte
UgyXk4067ejXb5W7nMx4AaABAg,wpSBLTr1UFI,¿Cómo ATENDER QUEJAS y RECLAMOS de los CLIENTES?,Claro RD,@fatimasamanthabolanospiedr1565,Me parece una excelente técnica de cómo podemos ver un problema como una oportunidad que muchos pensaríamos que el problema con el cliente sería lo peor pero aquí te enseña a cómo verlo de una manera positiva y cómo sacarle provecho y aun mejor poder fidelizar a tu cliente,2023-03-30T01:39:25Z,1,1,Atención al Cliente y Soporte
Ugwgc9T2eR55jgaGIPJ4AaABAg,wpSBLTr1UFI,¿Cómo ATENDER QUEJAS y RECLAMOS de los CLIENTES?,Claro RD,@LuisHernandez-qo3gs,"Me parece una técnica muy efectiva e interesante, ya que su implementación demuestra un firme compromiso de nosotros con la satisfacción de nuestro cliente.",2023-03-29T22:32:33Z,0,1,Atención al Cliente y Soporte
Ugw1ccJ3J1OyHtM6g5V4AaABAg,wpSBLTr1UFI,¿Cómo ATENDER QUEJAS y RECLAMOS de los CLIENTES?,Claro RD,@karenyaresisolismata6823,El truco del calcetín es una buena manera de explicar y entender la importancia que tiene el servicio al cliente. El tema en general siempre hay que tomar en cuenta ya que en la mayoría de las empresas siempre están en contacto directos con sus clientes y hay que tomar en cuenta siempre lo que quiere el cliente.,2023-03-29T19:00:15Z,0,1,Atención al Cliente y Soporte
Ugwi7kAzFW8CU5sZ_OZ4AaABAg,wpSBLTr1UFI,¿Cómo ATENDER QUEJAS y RECLAMOS de los CLIENTES?,Claro RD,@mariaguadalupemontemayor6091,Me parece una buena explicación y es de suma importancia tomar en cuenta este punto en el servicio al cliente ya que si tienes algún negocio o eres un gerente de alguna empresa es bueno saberlo para poder contentar a los clientes para hacerlos sentir mejor y que puedan volver a confiar y ganarse un cliente a largo plazo.,2023-03-29T04:54:07Z,0,1,Atención al Cliente y Soporte
Ugyl0RkwQqvvb0g3ifl4AaABAg,cXJfXbWC248,👉CON ESTE CODIGO EVITAS que CLARO te CONSUMA SALDO SIN PERMISO.,Claro RD,@damedina1932,En costa rica k código es,2023-03-29T02:28:14Z,0,0,Experiencia General de Marca
Ugxu5WChtbhxyl3Gb0Z4AaABAg,wpSBLTr1UFI,¿Cómo ATENDER QUEJAS y RECLAMOS de los CLIENTES?,Claro RD,@ivonnearletrodarterios6507,Buena explicacion sobre la compensación desproporcionada es muy bueno lo que menciona de la técnica para fidelizar al cliente.,2023-03-28T20:37:56Z,0,1,Atención al Cliente y Soporte
UgzBKRCY3Z09jPgIK7d4AaABAg,wpSBLTr1UFI,¿Cómo ATENDER QUEJAS y RECLAMOS de los CLIENTES?,Claro RD,@CieloGuadalupeSeguraIbar-xh9gy,"Me parece un excelente video con una explicación detallada y clara, sobre el contenido del mismo estoy de acuerdo en todos los puntos ya que un cliente es uno de los pilares fundamentales de nuestro negocio y hacerles saberlo con acciones es hacer que existe la fidelización del cliente y también dar lo que a su persona le pareciera importante al adquirir algún producto o servicio, saber cómo reaccionar ante alguna queja.",2023-03-28T20:27:22Z,0,1,Atención al Cliente y Soporte
Ugwpr6Mjgrh5azMDXPB4AaABAg,wpSBLTr1UFI,¿Cómo ATENDER QUEJAS y RECLAMOS de los CLIENTES?,Claro RD,@samantapaezmartinez1316,"Me llamo mucho la atención el punto que toco con respecto a la compensación desproporcionada, ya que es raro encontrar algún lugar que lo haga y creo que es una muy buena técnica para fidelizar al cliente y hacerle saber que en realidad nos importa.",2023-03-28T17:27:35Z,0,2,Atención al Cliente y Soporte
UgzS4Bh-DutGSbqpONd4AaABAg,wpSBLTr1UFI,¿Cómo ATENDER QUEJAS y RECLAMOS de los CLIENTES?,Claro RD,@ivethhernandez8527,"Muy buen video, está muy bien explicada cada etapa con el ejemplo y conceptos claros.",2023-03-27T20:39:53Z,0,1,Atención al Cliente y Soporte
UgzPsgZrBQpIm6aP1OR4AaABAg,qLxWDavp0bg,¿Cómo llamar a CLARO Servicio al cliente? en TODOS los países,Claro RD,@leticiamesamora7791,Buenas  tardes  q  paso no tengo internet  e mi  casa,2023-03-16T18:44:05Z,1,3,Fibra Óptica e Internet Hogar
UgxTmE80cRpWIC8JtlV4AaABAg,qLxWDavp0bg,¿Cómo llamar a CLARO Servicio al cliente? en TODOS los países,Claro RD,@diegoalejandro4481,Claro Colombia,2023-03-16T18:18:00Z,1,1,Atención al Cliente y Soporte
UgxATT1SUKOOdgSvw1J4AaABAg,L0mPhRFp0lo,"Como registrarse en Mi Claro, abre una cuenta en mi claro y paga tus facturas, recarga saldo y más 😎",Claro RD,@annabelisfelizmatos6205,Como la recupero mi cuenta y usuario,2023-03-15T23:26:26Z,0,0,Facturación y Tarifas
Ugy8rd_17g5jznpHKDJ4AaABAg,cXJfXbWC248,👉CON ESTE CODIGO EVITAS que CLARO te CONSUMA SALDO SIN PERMISO.,Claro RD,@Linus-ocs,Que,2023-03-11T14:56:35Z,2,4,Experiencia General de Marca
UgyTmKEhSfHy2U46mq54AaABAg,qLxWDavp0bg,¿Cómo llamar a CLARO Servicio al cliente? en TODOS los países,Claro RD,@mariaangelica3182,Necesito comunicarme con alguna operadora o número donde llamar,2023-02-17T21:40:40Z,1,3,Atención al Cliente y Soporte
Ugy2E9uPXZuanmb3PxV4AaABAg,cXJfXbWC248,👉CON ESTE CODIGO EVITAS que CLARO te CONSUMA SALDO SIN PERMISO.,Claro RD,@avrilgameryt5258,WoW,2023-02-12T04:28:11Z,0,0,Experiencia General de Marca
Ugy_l-jsNlCOUrkE17F4AaABAg,cXJfXbWC248,👉CON ESTE CODIGO EVITAS que CLARO te CONSUMA SALDO SIN PERMISO.,Claro RD,@avrilgameryt5258,❤️❤️,2023-02-12T04:27:53Z,2,0,Experiencia General de Marca
Ugx6vD6Jtgg_A_rtgL94AaABAg,cXJfXbWC248,👉CON ESTE CODIGO EVITAS que CLARO te CONSUMA SALDO SIN PERMISO.,Claro RD,@CrudoTech,.,2023-02-12T03:04:44Z,0,0,Experiencia General de Marca
Ugx6eorngCezNxBpOx54AaABAg,cXJfXbWC248,👉CON ESTE CODIGO EVITAS que CLARO te CONSUMA SALDO SIN PERMISO.,Claro RD,@CrudoTech,https://youtu.be/4p5R4THwcuE,2023-02-12T03:04:36Z,249,23,Experiencia General de Marca
UgyzGu9k6IU-0fNMHrp4AaABAg,L0mPhRFp0lo,"Como registrarse en Mi Claro, abre una cuenta en mi claro y paga tus facturas, recarga saldo y más 😎",Claro RD,@orfall._4,"Tengo un problema ahora, me sale lo de Acceder a red pero cuando voy a iniciar sesion no me aparece el Captcha y no puedo hacer nada, no puedo iniciar sesion desde internet o la aplicacion",2023-02-12T01:05:25Z,0,0,Fibra Óptica e Internet Hogar
UgzLSh1cTMgjQEMZ_i54AaABAg,qLxWDavp0bg,¿Cómo llamar a CLARO Servicio al cliente? en TODOS los países,Claro RD,@elianimartinez7838,Desde Paraguay,2023-02-09T16:27:12Z,2,1,Atención al Cliente y Soporte
UgxffX7-ZBwXwB05MkR4AaABAg,qLxWDavp0bg,¿Cómo llamar a CLARO Servicio al cliente? en TODOS los países,Claro RD,@elianimartinez7838,Número atención al cliente,2023-02-09T16:27:03Z,1,3,Atención al Cliente y Soporte
UgztoAWmWrFp43Zg6Jh4AaABAg,vOG5AbNRYvs,🔥Probando 5G en República Dominicana -  Buscaba 1GB pero encontré otra cosa!!!,Claro RD,@estebanacosta5163,"No pero si esa velocidad del 5G 😄😄😄😄pero si claro le adjunta esa velocidad a los consumidores del paquetito bueno yo k e comprado un sim de claro y me regalaron 15GB solo me duró de un día para otro a una velocidad de 38MB  y eso k k más utilizar Mayol mente el WIFI  sin el wifi me imagino k esos 15 GB solo me hubiesen durado tardes 1hora o través un rato más si quieres utilizar la verdadera velocidad usa un Android pero no te lo recomiendo porque acabaría con todo el plan ameno k sea ilimitado y k la misma claro te de algunas aplicaciones gratis porn esa velocidad en móviles si fuese paquetito le daría 5segundo en caso de usuarios extremo k utilizan nexfli ,u otras aplicaciones de vídeos claro lo k tienen planes si son ilimitados no tienen problemas intenta comprar un paquetito de 5dias k la SIM sea 5G no necesitas de amigos sino de tu móvil 5G",2023-01-28T20:43:29Z,0,0,Fibra Óptica e Internet Hogar
Ugww-udlZgasa9mwb294AaABAg,qLxWDavp0bg,¿Cómo llamar a CLARO Servicio al cliente? en TODOS los países,Claro RD,@fuentesaz,Que servicio mas pesimo malo y no sirve de nada deberian de tener la delicadesa de contestar directamente tengo mas de 15 dias de estarles llamando por mi problema y no atienden.  Son malos malos no sirven de nada.,2023-01-23T16:54:48Z,2,1,Atención al Cliente y Soporte
UgwfBvVaFmvk_ZIDIep4AaABAg,qLxWDavp0bg,¿Cómo llamar a CLARO Servicio al cliente? en TODOS los países,Claro RD,@liliamartinez4507,Buenos días señores Claro porque yo no tengo minutos y ayer recargue $20000 por favor no tengo minutos,2023-01-19T15:58:07Z,1,3,Atención al Cliente y Soporte
UgyKcsku0_HgizMz3414AaABAg,qLxWDavp0bg,¿Cómo llamar a CLARO Servicio al cliente? en TODOS los países,Claro RD,@stevenderas4756,Si tengo un problema con claro   el deber de ellos es solucionarlo  lo mas rapido,2023-01-15T16:46:10Z,1,6,Atención al Cliente y Soporte
Ugzx97qXvarl67V2b7R4AaABAg,qLxWDavp0bg,¿Cómo llamar a CLARO Servicio al cliente? en TODOS los países,Claro RD,@sandypiscis420,En el *611 no encuentro opcion,2023-01-14T20:40:52Z,4,1,Atención al Cliente y Soporte
UgzDifYHcjw_ZiQy3RR4AaABAg,j4yz4sOJbyQ,COMO CONFIGURAR EL APN CLARO  REPUBLICA DOMINICANA 2021,Claro RD,@miguelina61,❤️🥀🇩🇴😍🙏👍,2023-01-09T01:06:07Z,0,0,Red Móvil y Cobertura 5G
UgyOApThWid77fkmjXh4AaABAg,qLxWDavp0bg,¿Cómo llamar a CLARO Servicio al cliente? en TODOS los países,Claro RD,@alexiavalencia9398,necesito llamar de España a claro Colombia urgente me puede ayudar gracias,2022-12-29T14:47:05Z,1,1,Atención al Cliente y Soporte
UgzLPn8x0rkOgGgfIVZ4AaABAg,L0mPhRFp0lo,"Como registrarse en Mi Claro, abre una cuenta en mi claro y paga tus facturas, recarga saldo y más 😎",Claro RD,@jhoncapera2275,No me deja con mi cédula ke disque le falta un número i mi cédula no tiene más,2022-12-20T16:43:27Z,0,0,Facturación y Tarifas
UgwJPsdi0qFxKn2-Htl4AaABAg,qLxWDavp0bg,¿Cómo llamar a CLARO Servicio al cliente? en TODOS los países,Claro RD,@maiquecalleja4121,Quiero una portabilidad,2022-12-12T19:39:57Z,0,1,Atención al Cliente y Soporte
UgyzMbljFCmQM1Ke9hF4AaABAg,qLxWDavp0bg,¿Cómo llamar a CLARO Servicio al cliente? en TODOS los países,Claro RD,@maiquecalleja4121,Quiero comunicarme con claro,2022-12-12T19:39:06Z,2,1,Atención al Cliente y Soporte
UgyJgyWD8s8Zc1x_7Op4AaABAg,vOG5AbNRYvs,🔥Probando 5G en República Dominicana -  Buscaba 1GB pero encontré otra cosa!!!,Claro RD,@tanosrd,Buen video bro,2022-12-12T00:53:22Z,1,0,Red Móvil y Cobertura 5G
UgzjolHxNP2SEgWYUQd4AaABAg,L0mPhRFp0lo,"Como registrarse en Mi Claro, abre una cuenta en mi claro y paga tus facturas, recarga saldo y más 😎",Claro RD,@sandra_80s,Como poner una foto de perfil en claro hogar CHILE 🇨🇱🇨🇱💥,2022-11-29T02:01:30Z,0,0,Facturación y Tarifas
UgyKHYLIrDynpywOrhN4AaABAg,qLxWDavp0bg,¿Cómo llamar a CLARO Servicio al cliente? en TODOS los países,Claro RD,@romeliaduque7995,"Si no...son empleados de claro pero quedan gravadas y monitoriadas  para que los accionistas  lo: vean,escuchen  y resuelvan  y así dar garantías de los servicios que tan deficientemente prestan.",2022-11-28T22:09:47Z,3,1,Atención al Cliente y Soporte
UgzUlDeZVPIKG0BIwjx4AaABAg,32ad78KOfW4,CÓMO LLAMAR A SERVICIOS DE CLARO,Claro RD,@renedaza7606,"No he podido encontrar el número para a claro x su mal servicio 
.ponen unos número que ni con lupa 🔎 se ven",2022-11-24T19:08:59Z,2,0,Atención al Cliente y Soporte
UgxuvWBsh4x5zyTiCVx4AaABAg,qLxWDavp0bg,¿Cómo llamar a CLARO Servicio al cliente? en TODOS los países,Claro RD,@olgagriffa2536,A que número puedo llamar de Córdoba Argentina,2022-11-22T00:41:50Z,1,1,Atención al Cliente y Soporte
UgxupDFuHyX-_A7ndrN4AaABAg,L0mPhRFp0lo,"Como registrarse en Mi Claro, abre una cuenta en mi claro y paga tus facturas, recarga saldo y más 😎",Claro RD,@DanmerJet,Saludos  con esa app puedo recuperar mi número robado disculpe,2022-11-15T01:41:25Z,0,0,Facturación y Tarifas
UgxgQwJljQgKzYw21E14AaABAg,L0mPhRFp0lo,"Como registrarse en Mi Claro, abre una cuenta en mi claro y paga tus facturas, recarga saldo y más 😎",Claro RD,@juangonzales7154,Amigo me piden que me llaman no me aparece la pagina tuya,2022-11-15T00:54:34Z,0,0,Facturación y Tarifas
Ugwdcq39LEvYu4Iv4i14AaABAg,L0mPhRFp0lo,"Como registrarse en Mi Claro, abre una cuenta en mi claro y paga tus facturas, recarga saldo y más 😎",Claro RD,@yarielgonzalez3747,Usuario existente,2022-11-05T19:33:14Z,0,0,Facturación y Tarifas
UgzPlZZ23UxZIbbTqg94AaABAg,qLxWDavp0bg,¿Cómo llamar a CLARO Servicio al cliente? en TODOS los países,Claro RD,@Boxeo_profesiona,Yo quiero serbisio al cliente para un codigo,2022-10-30T23:58:34Z,1,1,Atención al Cliente y Soporte
Ugw01y9oFTUdq31hbAJ4AaABAg,vOG5AbNRYvs,🔥Probando 5G en República Dominicana -  Buscaba 1GB pero encontré otra cosa!!!,Claro RD,@Sesinado,"Aunque parezca falso, el 5G de allá es mejor que el de USA, solamente que comiencen a incorporar frecuencias bajas(600-700mhz) a la red para que ayude a la Mid-Band(3.5ghz) a llegar más lejos.",2022-10-30T00:33:23Z,1,0,Red Móvil y Cobertura 5G
UgwLFRVtJkyL6JIHAk94AaABAg,L0mPhRFp0lo,"Como registrarse en Mi Claro, abre una cuenta en mi claro y paga tus facturas, recarga saldo y más 😎",Claro RD,@johanmanuelhenriquezbrgs5616,Cuando pongo mi correo y mi usuario me dice “Login invalido”. 🥲,2022-10-18T20:28:38Z,0,0,Facturación y Tarifas
UgwYG4UYx9l75nYsf3F4AaABAg,vOG5AbNRYvs,🔥Probando 5G en República Dominicana -  Buscaba 1GB pero encontré otra cosa!!!,Claro RD,@fredmergameplaysd4525,"Hola Dios te bendiga 

Sinceramente no creo en el ""5G"" :/ la verdad es que no creo en ese supuesto 5G además de que si se implementaría en los teléfonos el teléfonos se forzará más, por ejemplo, yo tengo un teléfono con 4G (el que estoy usando tiene 3G) y la verdad es que la experiencia que tengo con el 4G es decepcionante :/, en primer lugar porque el teléfono se calienta, la duración de la batería es pues......que puedo decir y esto lo digo porque cuando uso WiFi la batería dura más ._. mientras que cuando uso datos la batería se acaba rápido, 

Quiero aclarar que la batería que tiene es de 3000 mAh


Aunque admito que depende del teléfono 

El otro cel que tengo es un LG",2022-10-17T18:24:25Z,0,1,Fibra Óptica e Internet Hogar
UgyH-34Rg-DcrwY6Rw14AaABAg,qLxWDavp0bg,¿Cómo llamar a CLARO Servicio al cliente? en TODOS los países,Claro RD,@ramontmendozam,Desastre la claro,2022-10-13T20:26:15Z,4,1,Atención al Cliente y Soporte
UgxsUOjTe-zEGpBy9Yh4AaABAg,CgNaYaPKSMY,"Claro RD -  Estamos a la velocidad del mundo. Mejor red móvil, confirmado por Speedtest.",Claro RD,@Mello_dander,Gracias por esa información Internet estaba muy malo soy de República Dominicana,2022-10-07T19:28:03Z,0,0,Fibra Óptica e Internet Hogar
Ugz0lIXbyypP1qLfQ2h4AaABAg,L0mPhRFp0lo,"Como registrarse en Mi Claro, abre una cuenta en mi claro y paga tus facturas, recarga saldo y más 😎",Claro RD,@alexronald7751,Una verga esa app no puedo revisar mis consumos,2022-10-03T20:05:51Z,0,0,Facturación y Tarifas
UgxmGQfUJXQqwl4ninx4AaABAg,mCVk0Zbshoo,"Claro RD es la Mejor Red Móvil del País, confirmado por Speedtest",Claro RD,@leivinjoseterreromontero3489,Ragalen paquetes libre por favor,2022-10-01T13:31:37Z,1,0,Experiencia General de Marca
UgzrWsBWxG_ELR_pGad4AaABAg,vOG5AbNRYvs,🔥Probando 5G en República Dominicana -  Buscaba 1GB pero encontré otra cosa!!!,Claro RD,@frederichbonilla7327,Los dominicanos no tenemos ni 3G,2022-09-27T04:14:54Z,0,0,Red Móvil y Cobertura 5G
Ugz7nl76_JxCNLbO0MV4AaABAg,qLxWDavp0bg,¿Cómo llamar a CLARO Servicio al cliente? en TODOS los países,Claro RD,@empleosreales7550,Gracias buen video!!,2022-09-25T19:07:38Z,2,2,Atención al Cliente y Soporte
UgwfFjBgbO8kaUJniAh4AaABAg,vOG5AbNRYvs,🔥Probando 5G en República Dominicana -  Buscaba 1GB pero encontré otra cosa!!!,Claro RD,@eddybatista3821,"Las compañías telefónicas, aunque puedan Y quieran, no pondrán él Cinco G, más de un giga, porque así él cliente gasta más, dinero,miren él caso de los paqueticos de internet, Té lo degradan, yá no es paquetes ilimitados, Y debería de ser iluminado, porque yá supuestamente existe el Cinco G, pero no es así porque a las telefónicas les convienen seguir con las degradaciones del internet, así les roban más al usuario.",2022-09-19T21:55:41Z,0,0,Fibra Óptica e Internet Hogar
UgzqipSyQvXx7MkVMDN4AaABAg,vOG5AbNRYvs,🔥Probando 5G en República Dominicana -  Buscaba 1GB pero encontré otra cosa!!!,Claro RD,@eddybatista3821,"Las compañías telefónicas, aunque puedan Y quieran, no pondrán él Cinco G, más de un giga, porque así él cliente gasta más, dinero,miren él caso de los paqueticos de internet, Té lo degradan, yá no es paquetes ilimitados, Y debería de ser iluminado, porque yá supuestamente existe el Cinco G, pero no es así porque a las telefónicas les convienen seguir con las degradaciones del internet, así les roban más al usuario.",2022-09-19T21:55:40Z,0,1,Fibra Óptica e Internet Hogar
Ugz5f3BV05FgqZLNnq54AaABAg,L0mPhRFp0lo,"Como registrarse en Mi Claro, abre una cuenta en mi claro y paga tus facturas, recarga saldo y más 😎",Claro RD,@yeisonx164,"Tengo un problema, quiero registrarme pero no deja registrarme que puedo hacer?",2022-09-02T00:41:49Z,8,0,Facturación y Tarifas
UgxnEcMllIJh5rlv5ut4AaABAg,L0mPhRFp0lo,"Como registrarse en Mi Claro, abre una cuenta en mi claro y paga tus facturas, recarga saldo y más 😎",Claro RD,@anasimanca2884,Mi hombre es Ana Lucía simanca Villega,2022-08-30T17:25:48Z,0,1,Facturación y Tarifas
UgyB5ZkUnAeOjoeQ8I54AaABAg,vOG5AbNRYvs,🔥Probando 5G en República Dominicana -  Buscaba 1GB pero encontré otra cosa!!!,Claro RD,@janielm.leonardol.6849,"creo que las compañías deben centrarse en ofrecer mejores servicios 4 g LTE ANTES de dar 5g. el 4g que tenemos casi en todas las compañías es muy mediocre, Pues apenas ofrecen unos pocos Gb por día. una mediocridad.",2022-08-10T15:55:39Z,3,0,Red Móvil y Cobertura 5G
UgzZ2hR-Alg_4qb7Cp54AaABAg,vOG5AbNRYvs,🔥Probando 5G en República Dominicana -  Buscaba 1GB pero encontré otra cosa!!!,Claro RD,@janielm.leonardol.6849,Estabas midiendo Gigabites o Gigabait,2022-08-10T15:51:55Z,1,4,Red Móvil y Cobertura 5G
UgwBZDJ1K6R3xht9xxl4AaABAg,vOG5AbNRYvs,🔥Probando 5G en República Dominicana -  Buscaba 1GB pero encontré otra cosa!!!,Claro RD,@ilovedividend,En San Francisco De Macoris LTE me consigue una velocidad de 300+mbps,2022-08-08T03:25:15Z,1,0,Red Móvil y Cobertura 5G
UgwnQoNMDyH4Uovi3bF4AaABAg,vOG5AbNRYvs,🔥Probando 5G en República Dominicana -  Buscaba 1GB pero encontré otra cosa!!!,Claro RD,@ilovedividend,Por favor no confundan Mbps con Mbit/s o Gbps con Gbit/s,2022-08-08T03:23:42Z,2,1,Red Móvil y Cobertura 5G
UgwmP7aP-5lon5yPWcV4AaABAg,vOG5AbNRYvs,🔥Probando 5G en República Dominicana -  Buscaba 1GB pero encontré otra cosa!!!,Claro RD,@jonathana.paulinoa.7742,Excelente video,2022-08-02T21:09:03Z,0,0,Red Móvil y Cobertura 5G
UgwQHkC8Ke0vytpu-zx4AaABAg,L0mPhRFp0lo,"Como registrarse en Mi Claro, abre una cuenta en mi claro y paga tus facturas, recarga saldo y más 😎",Claro RD,@angeljerez9372,Necesito la mia,2022-07-29T15:08:44Z,0,0,Facturación y Tarifas
UgwrgonAIEKQkqzKrwJ4AaABAg,vOG5AbNRYvs,🔥Probando 5G en República Dominicana -  Buscaba 1GB pero encontré otra cosa!!!,Claro RD,@NoticiasActualizadasTV,Debiste de grabar las otras velocidades,2022-07-27T23:12:26Z,0,0,Red Móvil y Cobertura 5G
Ugxd7kTBnh-Cu3rCk1x4AaABAg,EkLg289O9Ho,Configurar APN 3G/4G Claro Republica Dominicana - 2021,Claro RD,@lomejordetiktok13,Muchas gracias por ti no rompi mi teléfono,2022-07-27T22:42:43Z,0,0,Red Móvil y Cobertura 5G
UgxzlKsV1B6dZxpWeNF4AaABAg,vOG5AbNRYvs,🔥Probando 5G en República Dominicana -  Buscaba 1GB pero encontré otra cosa!!!,Claro RD,@DARP2947,"La red 5G usa antenas MIMO, donde estan ubicadas?",2022-07-26T20:56:08Z,2,0,Red Móvil y Cobertura 5G
UgyAb_K6d8sdtbq6HfB4AaABAg,wpSBLTr1UFI,¿Cómo ATENDER QUEJAS y RECLAMOS de los CLIENTES?,Claro RD,@axelcristobalmartinezmuoz7273,"Muy buen video, me llamo mucho la atención el punto que toco con respecto a la compensación desproporcionada, ya que es raro encontrar algún lugar que lo haga y sin embargo creo que es una muy buena técnica para fidelizar al cliente y hacerle saber que en verdad nos importa.",2022-07-08T05:13:11Z,0,1,Atención al Cliente y Soporte
UgwdgNiLa5QiKHssYJJ4AaABAg,wpSBLTr1UFI,¿Cómo ATENDER QUEJAS y RECLAMOS de los CLIENTES?,Claro RD,@jasdekjumares5813,"Muy bien vídeo, no me ha tocado estar en servicio al cliente pero sin duda me llevo una buena información para usarla en el futuro.",2022-07-08T04:14:01Z,0,1,Atención al Cliente y Soporte
Ugw-tfAGRG4GCxRPF3B4AaABAg,wpSBLTr1UFI,¿Cómo ATENDER QUEJAS y RECLAMOS de los CLIENTES?,Claro RD,@oscarrodriguez751,"Buen video, me gusto la forma de explicar fácil y sencillo de entender, espero poner en práctica estos consejos.",2022-07-06T01:43:55Z,0,1,Atención al Cliente y Soporte
UgwWrShquz2ZlYam9jJ4AaABAg,vOG5AbNRYvs,🔥Probando 5G en República Dominicana -  Buscaba 1GB pero encontré otra cosa!!!,Claro RD,@victorgil7565,"En Santiago con Claro he tenido buenos resultado y a la vez malos. 

Ellos dicen que hay que tener el plan 5G para que funcione, pero en prepago me ha funcionado si uso iPhone. En Dominos Pizza de Plaza Metropolitana medí 340 Megas, pero en en un Android 5G no me daba los mismos resultados. Dicen que hay que tener un equipo Android de la telefónica sino no funciona bien. Pero no sé, alguien que no compro allá pero si tenía el plan 5G logro medir 800Mb en Plaza Hache. 

Saben si Claro o Altice usa MmWave?",2022-07-04T04:14:53Z,0,1,Fibra Óptica e Internet Hogar
Ugz5jvEIjgBnp3zMAoJ4AaABAg,vOG5AbNRYvs,🔥Probando 5G en República Dominicana -  Buscaba 1GB pero encontré otra cosa!!!,Claro RD,@elche452,a medidas que pongan ams antenas y abarquen mas localidades iran mejroando... al igual que starlink s casi lo mismo...,2022-07-01T01:41:42Z,0,1,Red Móvil y Cobertura 5G
Ugza7GnBRLw3nzu8tPJ4AaABAg,wpSBLTr1UFI,¿Cómo ATENDER QUEJAS y RECLAMOS de los CLIENTES?,Claro RD,@ingridsanchez5420,"Me recordó mucho cuando trabajaba en atención al cliente, e incoscientemente realizaba estas claves para que la gente no se enojara jaja, lastima que aveces en las empresas no se pueden dar compensaciones.",2022-06-24T01:12:29Z,0,1,Atención al Cliente y Soporte
UgzwxO1wZEeOgApVVJZ4AaABAg,L0mPhRFp0lo,"Como registrarse en Mi Claro, abre una cuenta en mi claro y paga tus facturas, recarga saldo y más 😎",Claro RD,@fernandaalvarado2622,A mi no me coje los paquetes no sé si sea el número o que ayuda,2022-06-09T22:40:58Z,0,0,Facturación y Tarifas
UgxN0znIxpCmXb8iact4AaABAg,wpSBLTr1UFI,¿Cómo ATENDER QUEJAS y RECLAMOS de los CLIENTES?,Claro RD,@victorperezromero6986,"No me sirve yo trabajo en una papelería y sacamos copias, muchos casos que nos suceden son por desinformación de los clientes ya sea porque no se informaron de como funcionan las cosas o son gente mayor o gente rica, esas 3 categorías son los clientes groseros que trato.",2022-06-07T04:47:21Z,0,1,Atención al Cliente y Soporte
UgzqDBcdwY_g50NedbN4AaABAg,niYeqdxGxy4,Claro RD Prueba de velocidad plan 10mbps fibra optica,Claro RD,@JuniorRD1994klk,Yo puse el de wintelecom el internet no se me de grada,2022-06-05T03:42:33Z,1,0,Fibra Óptica e Internet Hogar
Ugxy6rDkJDk49aj9cwp4AaABAg,vOG5AbNRYvs,🔥Probando 5G en República Dominicana -  Buscaba 1GB pero encontré otra cosa!!!,Claro RD,@luijox,"Cuando dejemos de ser ciudadanos complacientes las compañías honrarán sus ofertas, mientras continuemos pasando paño tibio👎😮",2022-05-29T19:12:30Z,0,1,Red Móvil y Cobertura 5G
Ugx_2tuWxiqZ9CQggsx4AaABAg,QjLuuKrVvjA,claro es una mierda llamada  a  claro mal servicio,Claro RD,@oxy_xd7750,Hasta el netlife de mi tía es mejor xdxdxdxd,2022-05-22T19:24:19Z,0,0,Atención al Cliente y Soporte
UgzEoaYdcmVdJw8G0dp4AaABAg,vOG5AbNRYvs,🔥Probando 5G en República Dominicana -  Buscaba 1GB pero encontré otra cosa!!!,Claro RD,@levidepp,"Yo lo medí en el sector Los Prados y lo más que pude conseguir fueron 800 y tantos de mb por segundo, y de subida unos 180, aún esperamos que Altice termine de expandir su tecnología ya que hace falta para los usuarios de esa compañía, buen video amigo!",2022-05-21T07:30:22Z,5,3,Fibra Óptica e Internet Hogar
Ugx8EUvy8rxxovOvPpR4AaABAg,vOG5AbNRYvs,🔥Probando 5G en República Dominicana -  Buscaba 1GB pero encontré otra cosa!!!,Claro RD,@ElYigoloHQ,"yo no confío en las promociones de las empresas de aquí, yo lo puedo ver poniendo el tendido y aun así les creó",2022-05-18T00:19:31Z,0,2,Red Móvil y Cobertura 5G
UgyjpK_ltxdwKxq3vd54AaABAg,vOG5AbNRYvs,🔥Probando 5G en República Dominicana -  Buscaba 1GB pero encontré otra cosa!!!,Claro RD,@sause861,deberías realizar un Claro vs Altice donde vas tengan cobertura 5G,2022-05-17T02:15:54Z,2,1,Red Móvil y Cobertura 5G
UgxAP0VVWEo42T9xs6x4AaABAg,vOG5AbNRYvs,🔥Probando 5G en República Dominicana -  Buscaba 1GB pero encontré otra cosa!!!,Claro RD,@adolfowispe,Sigan viendo.. Esperando 2da parte con velocidades de más de 1gbit/s!,2022-05-16T23:40:05Z,2,2,Red Móvil y Cobertura 5G
UgzIWBhS3rkwpEfEVUh4AaABAg,vOG5AbNRYvs,🔥Probando 5G en República Dominicana -  Buscaba 1GB pero encontré otra cosa!!!,Claro RD,@enmanuelperalta,Cuando tendremos en la R.D planes de internet con mejores capacidades  de data o algún plan ilimitado con una tarifa fija al mes. Eso seria un avance en las telecomunicaciones. Primer video que veo después de mucho tiempo buscando los test de los planes 5G en el país.  👍👍👍,2022-05-16T22:37:56Z,13,6,Fibra Óptica e Internet Hogar
UgzR3pRQaVScxQhI6yp4AaABAg,vOG5AbNRYvs,🔥Probando 5G en República Dominicana -  Buscaba 1GB pero encontré otra cosa!!!,Claro RD,@juanml30,"Así mismo como dices las velocidades varían bastente de una locación a otra, pero me llama mucho la  atención que estando un día en un lugar puedo tener velocidades de más de 800 mbps y volver días después al mismo sitio y la velocidad ser de tan solo 40 mbps, una locura!",2022-05-16T22:26:57Z,0,1,Red Móvil y Cobertura 5G
Ugyc32U_q6m-rh2Gd-N4AaABAg,vOG5AbNRYvs,🔥Probando 5G en República Dominicana -  Buscaba 1GB pero encontré otra cosa!!!,Claro RD,@josejoelrivassanchez1817,1GB mínimo… y que cura con el motorista en villa con 😂😂😂😂,2022-05-16T21:03:18Z,1,0,Red Móvil y Cobertura 5G
UgyiK7_iryb-GHBy2VB4AaABAg,L0mPhRFp0lo,"Como registrarse en Mi Claro, abre una cuenta en mi claro y paga tus facturas, recarga saldo y más 😎",Claro RD,@Sebas.a_04,Si no tengo cédula ?,2022-05-16T18:24:04Z,0,0,Facturación y Tarifas
Ugw8g25A9GG98A5BEGt4AaABAg,vOG5AbNRYvs,🔥Probando 5G en República Dominicana -  Buscaba 1GB pero encontré otra cosa!!!,Claro RD,@slireyes3543,1 gb,2022-05-16T18:20:25Z,0,0,Red Móvil y Cobertura 5G
UgyOMKgGcwZeR5gPbdd4AaABAg,vOG5AbNRYvs,🔥Probando 5G en República Dominicana -  Buscaba 1GB pero encontré otra cosa!!!,Claro RD,@juanapap6624,1Gb.,2022-05-16T18:00:20Z,0,0,Red Móvil y Cobertura 5G
UgzU4tXAxSsjvRzAff54AaABAg,vOG5AbNRYvs,🔥Probando 5G en República Dominicana -  Buscaba 1GB pero encontré otra cosa!!!,Claro RD,@israelantoniocesaraquino7454,"Aquí falta mucho para llegar a esa meta de 5G, dicen que hay pero eso es un engaño, las empresas no están en invertir tanto con tan poco beneficios",2022-05-16T17:31:23Z,1,1,Red Móvil y Cobertura 5G
UgwzJPacgcfCoxMv5a14AaABAg,vOG5AbNRYvs,🔥Probando 5G en República Dominicana -  Buscaba 1GB pero encontré otra cosa!!!,Claro RD,@doltroyergamer8125,Jjj no me recordaba de ese anuncio de viva 🤣🤣,2022-05-16T16:55:41Z,0,1,Red Móvil y Cobertura 5G
UgzLrM6T9fQR6-kADL14AaABAg,vOG5AbNRYvs,🔥Probando 5G en República Dominicana -  Buscaba 1GB pero encontré otra cosa!!!,Claro RD,@MarcianoTech,1G,2022-05-16T16:49:11Z,5,1,Red Móvil y Cobertura 5G
UgzpGK6W7fZwrmelPJ14AaABAg,vOG5AbNRYvs,🔥Probando 5G en República Dominicana -  Buscaba 1GB pero encontré otra cosa!!!,Claro RD,@YoSoyHendrix,Jjj buen video,2022-05-16T16:45:45Z,0,1,Red Móvil y Cobertura 5G
UgxUrxSk2I82Y7bU7F14AaABAg,vOG5AbNRYvs,🔥Probando 5G en República Dominicana -  Buscaba 1GB pero encontré otra cosa!!!,Claro RD,@actualisite,Déjame tu like a ver si youtube nos deja para un aire acondicionado 😅,2022-05-16T16:37:37Z,7,0,Red Móvil y Cobertura 5G
UgxkfDZiyUS33mnYJ7B4AaABAg,j4yz4sOJbyQ,COMO CONFIGURAR EL APN CLARO  REPUBLICA DOMINICANA 2021,Claro RD,@jesusrodriguez8529,Gracias hermano me funciono Dios te bendiga con salvacion y mas,2022-04-28T13:33:13Z,0,1,Red Móvil y Cobertura 5G
UgzMyY-ZrHFXWeQz7_x4AaABAg,L0mPhRFp0lo,"Como registrarse en Mi Claro, abre una cuenta en mi claro y paga tus facturas, recarga saldo y más 😎",Claro RD,@TheBlueDragonoficial,Hablas como fernaflo,2022-04-09T03:19:02Z,0,0,Facturación y Tarifas
Ugzk07XSiNztuiDNWaJ4AaABAg,L0mPhRFp0lo,"Como registrarse en Mi Claro, abre una cuenta en mi claro y paga tus facturas, recarga saldo y más 😎",Claro RD,@JohanErneyy,"Me registre, me pide un email, lo coloco y saca de la aplicación ;-;",2022-03-15T22:35:45Z,0,0,Facturación y Tarifas
UgxRjHGd62u6frLuQGx4AaABAg,wpSBLTr1UFI,¿Cómo ATENDER QUEJAS y RECLAMOS de los CLIENTES?,Claro RD,@jeeaxcat21,Y como haces para que la gente no se aproveché de las quejas y quiera cosas gratis,2022-02-28T03:16:07Z,1,1,Atención al Cliente y Soporte
Ugwn2C_AVmOiY5NzNb54AaABAg,wpSBLTr1UFI,¿Cómo ATENDER QUEJAS y RECLAMOS de los CLIENTES?,Claro RD,@davidmauricio6951,"excelentisimo video, muchas gracias!",2022-02-16T15:24:35Z,0,1,Atención al Cliente y Soporte
UgzJqjwpPJs09WpTRX94AaABAg,L0mPhRFp0lo,"Como registrarse en Mi Claro, abre una cuenta en mi claro y paga tus facturas, recarga saldo y más 😎",Claro RD,@agustinalopez4614,"Hola, a mi me pide lo siguiente para registrarme; /  No. Cuenta Cliente Hogar o Número de Cuenta Cliente Postpago / Prepago:   / y no se esos datos porque mi numero es prepago, o sea que no tengo factura, que debo hacer?",2022-01-30T04:53:55Z,1,1,Red Móvil y Cobertura 5G
UgyzBRqzrcUbrEGrRwV4AaABAg,L0mPhRFp0lo,"Como registrarse en Mi Claro, abre una cuenta en mi claro y paga tus facturas, recarga saldo y más 😎",Claro RD,@jonathanmontalvan8362,No llega el código de validación a mi correo,2022-01-28T00:21:50Z,1,0,Facturación y Tarifas
Ugwb0t8j8jrAGTHrhTh4AaABAg,UOa45Reidps,Lanzamiento 5G | Altice Dominicana,Claro RD,@raulbrito2276,Hagan un trabajo limpio y de seriedad que eso es lo que le va  dar más frutos,2022-01-20T01:10:08Z,1,0,Red Móvil y Cobertura 5G
UgxlQz8uku2WIMEKP_R4AaABAg,L0mPhRFp0lo,"Como registrarse en Mi Claro, abre una cuenta en mi claro y paga tus facturas, recarga saldo y más 😎",Claro RD,@nikauryish,¿CÓMO ELIMINO MI CUENTA?,2022-01-19T02:36:47Z,1,0,Facturación y Tarifas
UgyxCawGHZFLV9tyBuR4AaABAg,L0mPhRFp0lo,"Como registrarse en Mi Claro, abre una cuenta en mi claro y paga tus facturas, recarga saldo y más 😎",Claro RD,@mrgaming1545,Ehhh tengo una duda como hacer recargas desde mí claro app,2022-01-18T00:56:46Z,0,0,Facturación y Tarifas
Ugy9XnUYRqv4XHgYSnN4AaABAg,EkLg289O9Ho,Configurar APN 3G/4G Claro Republica Dominicana - 2021,Claro RD,@j_king_santana7493,Reina en el móvil que lo puse me dice formato no soportado 😏,2021-12-17T19:55:37Z,1,0,Red Móvil y Cobertura 5G
UgxhrBcXAFRw1x-hQ1h4AaABAg,L0mPhRFp0lo,"Como registrarse en Mi Claro, abre una cuenta en mi claro y paga tus facturas, recarga saldo y más 😎",Claro RD,@andresitobeltran5518,Espero alguna respuesta,2021-12-17T14:27:16Z,0,0,Facturación y Tarifas
Ugxjs2Uh_duK0rXUIFt4AaABAg,L0mPhRFp0lo,"Como registrarse en Mi Claro, abre una cuenta en mi claro y paga tus facturas, recarga saldo y más 😎",Claro RD,@andresitobeltran5518,Hola buenos días una pregunta tengo un gran inconveniente quedó mal registrado mi correo electrónico y no me deja entrar a la página de claro que puedo hacer gracias,2021-12-17T14:26:54Z,2,2,Facturación y Tarifas
UgzDWZU3TvYQuRD6YBl4AaABAg,L0mPhRFp0lo,"Como registrarse en Mi Claro, abre una cuenta en mi claro y paga tus facturas, recarga saldo y más 😎",Claro RD,@con.vara.o.sin.vara7,DENUNCIES ESA APLICACION NO SIRVE PARA NADA. A VECES SE PUEDE ABRIR OTRAS NO. HACE PERDER TU TIEMPO.,2021-12-07T22:23:56Z,0,0,Facturación y Tarifas
UgwaNFdWkiVkLELLDYR4AaABAg,L0mPhRFp0lo,"Como registrarse en Mi Claro, abre una cuenta en mi claro y paga tus facturas, recarga saldo y más 😎",Claro RD,@astrymejias5551,Pero si ya cree mi cuenta como edito mis datos personales,2021-12-04T03:32:17Z,2,0,Red Móvil y Cobertura 5G
Ugzp_omIPqJKW2iA7Zd4AaABAg,L0mPhRFp0lo,"Como registrarse en Mi Claro, abre una cuenta en mi claro y paga tus facturas, recarga saldo y más 😎",Claro RD,@michelrivas3953,Se puede recargar otro celular con el saldo del celular ?,2021-11-08T14:46:59Z,0,1,Facturación y Tarifas
UgwuS22sMfAS4T_9tqx4AaABAg,j4yz4sOJbyQ,COMO CONFIGURAR EL APN CLARO  REPUBLICA DOMINICANA 2021,Claro RD,@SpanishOverTea,"El Internet me funciona, pero no me llegan SMS de verificación. Cómo puedo solucionarlo?",2021-11-07T19:37:35Z,1,3,Fibra Óptica e Internet Hogar
Ugz2y01cx0166tB9GEx4AaABAg,UOa45Reidps,Lanzamiento 5G | Altice Dominicana,Claro RD,@desdecero2076,"Si nos cobran un riñón con 4G imagínate con 5G. Total, nunca ofrecen la velocidad mínima del 4G y menos la exorbitante velocidad del 5G. Ya que vivimos en un País dónde no hay leyes para esto... Lamentablemente.",2021-11-05T13:19:45Z,5,0,Red Móvil y Cobertura 5G
Ugwhkx8nEz1jPFBeMdp4AaABAg,UOa45Reidps,Lanzamiento 5G | Altice Dominicana,Claro RD,@pplusplay1496,👍👍,2021-11-05T13:13:05Z,2,0,Red Móvil y Cobertura 5G
UgyqF3H4jFja1pRXO9F4AaABAg,UOa45Reidps,Lanzamiento 5G | Altice Dominicana,Claro RD,@speedtouchtech,Pónganse para eso,2021-11-05T13:12:01Z,2,0,Red Móvil y Cobertura 5G
UgzfdX0KlObkoVOLMO14AaABAg,L0mPhRFp0lo,"Como registrarse en Mi Claro, abre una cuenta en mi claro y paga tus facturas, recarga saldo y más 😎",Claro RD,@carlosbravo2396,Como elimino mi cuenta?,2021-11-05T02:30:49Z,0,0,Facturación y Tarifas
UgzG1KKN7cC9N3HSyDB4AaABAg,L0mPhRFp0lo,"Como registrarse en Mi Claro, abre una cuenta en mi claro y paga tus facturas, recarga saldo y más 😎",Claro RD,@silver.zc1,una vez activo se pueden hacer compras en play store?,2021-10-20T08:29:05Z,0,1,Facturación y Tarifas
UgxmzPKbGhwHxqrZ40p4AaABAg,j4yz4sOJbyQ,COMO CONFIGURAR EL APN CLARO  REPUBLICA DOMINICANA 2021,Claro RD,@daysifeliz3611,Muy bien,2021-10-06T23:27:15Z,1,1,Red Móvil y Cobertura 5G
Ugy3eZzJhhWdWcxVPcp4AaABAg,L0mPhRFp0lo,"Como registrarse en Mi Claro, abre una cuenta en mi claro y paga tus facturas, recarga saldo y más 😎",Claro RD,@crisjhota7275,Me registre en Claro video pero no puedo ver ningún video porque no estoy vinculado Q HAGO,2021-10-04T12:06:59Z,0,0,Facturación y Tarifas
UgygDQEsWuNl-vXbgDZ4AaABAg,wpSBLTr1UFI,¿Cómo ATENDER QUEJAS y RECLAMOS de los CLIENTES?,Claro RD,@dgcynthiamtz,"Muy interesante, ¡muchas gracias porque he aprendido algo nuevo! Sólo una duda, si 5 meses después de que se aprobó el trabajo (de diseño) aparece el director de la empresa a reclamar por lo que se realizo con todo y que tengo la aprobación que de la persona que asignó y quiere cambiar cosas como si fuera el mismo proceso  ¿Qué manejo se le da? Considerando que es un cliente de tipo dominante y neurótico (esta sería la segunda vez que se queja).  Ojalá leas mi mensaje y gracias.",2021-09-22T20:16:01Z,0,2,Atención al Cliente y Soporte
UgyNRtqsOiJp7fse2uR4AaABAg,L0mPhRFp0lo,"Como registrarse en Mi Claro, abre una cuenta en mi claro y paga tus facturas, recarga saldo y más 😎",Claro RD,@musicjm9709,Bro a mí no me sale así como a ti que tengo que hacer lo e intentado varias veces y nada!,2021-09-12T01:23:25Z,1,0,Facturación y Tarifas
UgxKwmR2zk6rPM62foF4AaABAg,L0mPhRFp0lo,"Como registrarse en Mi Claro, abre una cuenta en mi claro y paga tus facturas, recarga saldo y más 😎",Claro RD,@elgatorgbv3610,quiero registrarme pero no me llega ni un correp trm :v,2021-09-08T15:19:39Z,1,0,Facturación y Tarifas
Ugz2iHkB0cdIJSDKPJV4AaABAg,L0mPhRFp0lo,"Como registrarse en Mi Claro, abre una cuenta en mi claro y paga tus facturas, recarga saldo y más 😎",Claro RD,@abyssaltamer,Alguien me ayuda con la cedula?,2021-08-29T03:18:45Z,0,0,Facturación y Tarifas
UgzZZFHkchMz054sJZR4AaABAg,wpSBLTr1UFI,¿Cómo ATENDER QUEJAS y RECLAMOS de los CLIENTES?,Claro RD,@mandrakeghost9712,"Y como evitan que la genta se haga encajosa y que encuentre falla inexistentes por las compesaciones mencionadas
y he visto me han tocado clientes que salen ""a mi no me regales nada""",2021-08-28T03:53:26Z,0,1,Atención al Cliente y Soporte
UgzCahakLHrfv-FWL8h4AaABAg,L0mPhRFp0lo,"Como registrarse en Mi Claro, abre una cuenta en mi claro y paga tus facturas, recarga saldo y más 😎",Claro RD,@ideasgeniales5876,Esto es para argentina? Se puede pagar el wifi desde aca?,2021-07-23T23:31:03Z,2,0,Fibra Óptica e Internet Hogar
UgxdSIWRffDTk9-cJb14AaABAg,EkLg289O9Ho,Configurar APN 3G/4G Claro Republica Dominicana - 2021,Claro RD,@kevinprmlml6263,Ese apn acelera la velocidad?,2021-07-20T00:46:20Z,1,0,Red Móvil y Cobertura 5G
UgwY9pK2Et1uerKjYQ54AaABAg,L0mPhRFp0lo,"Como registrarse en Mi Claro, abre una cuenta en mi claro y paga tus facturas, recarga saldo y más 😎",Claro RD,@ShoxZnOficial,Se puede siendo menor de edad?,2021-07-19T06:00:32Z,5,2,Facturación y Tarifas
UgxPTyqnYZoEd0JNg1J4AaABAg,EkLg289O9Ho,Configurar APN 3G/4G Claro Republica Dominicana - 2021,Claro RD,@mariorivas5187,Ola para el apn para claro panamá,2021-07-18T00:40:40Z,1,2,Red Móvil y Cobertura 5G
Ugx7Mkj6KJEfaWISNUx4AaABAg,L0mPhRFp0lo,"Como registrarse en Mi Claro, abre una cuenta en mi claro y paga tus facturas, recarga saldo y más 😎",Claro RD,@alejandrogurrialeonardoart7065,Una pregunta   en México  hay claro?,2021-07-15T03:17:27Z,0,0,Facturación y Tarifas
UgzWMYm4ZU5wjhwlczR4AaABAg,L0mPhRFp0lo,"Como registrarse en Mi Claro, abre una cuenta en mi claro y paga tus facturas, recarga saldo y más 😎",Claro RD,@ramirosuarez3431,Por qué no me deja? sale correo usado frecuentemente,2021-07-01T16:13:47Z,2,0,Facturación y Tarifas
UgxIHFDk77jhB4c0mbJ4AaABAg,L0mPhRFp0lo,"Como registrarse en Mi Claro, abre una cuenta en mi claro y paga tus facturas, recarga saldo y más 😎",Claro RD,@elportilla3961,Como desbinculo ya no quiero estar registrado,2021-06-23T17:03:19Z,1,0,Facturación y Tarifas
UgyHRNwRqxqFW8RYwJl4AaABAg,L0mPhRFp0lo,"Como registrarse en Mi Claro, abre una cuenta en mi claro y paga tus facturas, recarga saldo y más 😎",Claro RD,@jacquelinegaldamez3404,"Una pregunta, hice un registro equivoqué un número, como puedo eliminar mi registro?",2021-06-15T08:35:54Z,0,1,Facturación y Tarifas
UgwjWsiQZ8wWNsEsJlx4AaABAg,j4yz4sOJbyQ,COMO CONFIGURAR EL APN CLARO  REPUBLICA DOMINICANA 2021,Claro RD,@tempk3459,"Activo bro,... Sabes cómo, que es y para que el roaming?",2021-06-11T14:17:58Z,1,3,Red Móvil y Cobertura 5G
UgxtFlF5DKi6StqCLN54AaABAg,L0mPhRFp0lo,"Como registrarse en Mi Claro, abre una cuenta en mi claro y paga tus facturas, recarga saldo y más 😎",Claro RD,@y4408,yo la abri y tengo q activar router y no se,2021-06-01T16:32:56Z,0,0,Fibra Óptica e Internet Hogar
Ugzq2Ds-rXGQtCPSskp4AaABAg,niYeqdxGxy4,Claro RD Prueba de velocidad plan 10mbps fibra optica,Claro RD,@GamerCat41968,Y yo quejándome de tener 200 megas de bajada y 100 de subida 😅,2021-05-30T19:58:05Z,0,1,Fibra Óptica e Internet Hogar
UgyZfwNBxZLMHPcXY-54AaABAg,L0mPhRFp0lo,"Como registrarse en Mi Claro, abre una cuenta en mi claro y paga tus facturas, recarga saldo y más 😎",Claro RD,@normal638,Wey mi sin card no le llegan los mensajes ni recarga ayudaaa,2021-05-30T19:22:31Z,0,0,Facturación y Tarifas
UgxahpONXK1hIty7eJN4AaABAg,L0mPhRFp0lo,"Como registrarse en Mi Claro, abre una cuenta en mi claro y paga tus facturas, recarga saldo y más 😎",Claro RD,@Julian_1_,Oye me puedes decir como registrarme si no tengo sedula,2021-05-09T21:39:53Z,1,1,Facturación y Tarifas
UgxQs-NfPRClUg6Q7Bx4AaABAg,L0mPhRFp0lo,"Como registrarse en Mi Claro, abre una cuenta en mi claro y paga tus facturas, recarga saldo y más 😎",Claro RD,@emanuellobo1087,Vos sabes cómo puedo registrarme en claro cloud 🤔,2021-05-08T22:09:59Z,1,0,Facturación y Tarifas
UgxbJG2Y2q1NiQ67TwR4AaABAg,L0mPhRFp0lo,"Como registrarse en Mi Claro, abre una cuenta en mi claro y paga tus facturas, recarga saldo y más 😎",Claro RD,@luiszr12Gh,Bro para menores no se puede?,2021-05-06T07:20:00Z,3,1,Facturación y Tarifas
UgyhOWNwyKBzYjuaysp4AaABAg,QjLuuKrVvjA,claro es una mierda llamada  a  claro mal servicio,Claro RD,@sebas.v653,Claro es muy mal servicio recargue 4000 pesos colombianos y no me los dieron un pésimo servicio   >:(,2021-05-05T23:56:43Z,1,0,Atención al Cliente y Soporte
UgyU2BAKom2mRBT9czh4AaABAg,L0mPhRFp0lo,"Como registrarse en Mi Claro, abre una cuenta en mi claro y paga tus facturas, recarga saldo y más 😎",Claro RD,@naguixff5810,Una pregunta esto nos permite que al recargar saldo puedo hacer compras en juegos con la facturación de claro ?,2021-05-04T14:07:56Z,20,12,Facturación y Tarifas
UgwAQwt8i4SLyh2p7dB4AaABAg,D5qw3HFi8zg,La empresa con la tarifa de Internet más barata en República Dominicana,Claro RD,@danielsuriel,Sube otro video actualizado año 2021. Gracias,2021-05-03T17:07:49Z,1,0,Fibra Óptica e Internet Hogar
UgxG4sJtesiUtclbYXR4AaABAg,L0mPhRFp0lo,"Como registrarse en Mi Claro, abre una cuenta en mi claro y paga tus facturas, recarga saldo y más 😎",Claro RD,@brayanfelipemontaneznumpaq1163,hey bro me saludas porfa,2021-04-30T23:28:35Z,0,0,Facturación y Tarifas
UgwS3tN4CQTLbj-mVrB4AaABAg,L0mPhRFp0lo,"Como registrarse en Mi Claro, abre una cuenta en mi claro y paga tus facturas, recarga saldo y más 😎",Claro RD,@dixbrowndixchris.oficial1108,😎 cool,2021-04-30T01:35:09Z,1,0,Facturación y Tarifas
UgzznblLagJd3BVMJ2d4AaABAg,L0mPhRFp0lo,"Como registrarse en Mi Claro, abre una cuenta en mi claro y paga tus facturas, recarga saldo y más 😎",Claro RD,@LEONARDOAMAROGARCÍA,"Vamos allá, fuerte fuerte",2021-04-30T01:18:45Z,2,0,Facturación y Tarifas
UgwJgc9kG4BXpP-vdVR4AaABAg,L0mPhRFp0lo,"Como registrarse en Mi Claro, abre una cuenta en mi claro y paga tus facturas, recarga saldo y más 😎",Claro RD,@TheRonalddd,Ok,2021-04-30T00:54:27Z,1,0,Facturación y Tarifas
UgzmESEPowGV6TpQ0h54AaABAg,wpSBLTr1UFI,¿Cómo ATENDER QUEJAS y RECLAMOS de los CLIENTES?,Claro RD,@isbeilylopez4729,excelente😉,2021-03-22T21:59:26Z,1,1,Atención al Cliente y Soporte
UgywXtQUGSbDNpsCz-B4AaABAg,niYeqdxGxy4,Claro RD Prueba de velocidad plan 10mbps fibra optica,Claro RD,@geremias4551,Hola buenas cual me reconmendari para un internet fijo altice o claro,2021-01-15T03:45:06Z,3,5,Fibra Óptica e Internet Hogar
UgysWX0JZ1zUzV0zqBN4AaABAg,niYeqdxGxy4,Claro RD Prueba de velocidad plan 10mbps fibra optica,Claro RD,@pixxel_lab,"Ya pueden ir a ver cómo está instalado el servicio, el router y cómo mide la velocidad utilizando varios dispositivos 
https://youtu.be/V2-Ha3ZJ1jU",2021-01-07T06:38:17Z,1,0,Fibra Óptica e Internet Hogar
UgwIKFUirKXTbRtESWJ4AaABAg,niYeqdxGxy4,Claro RD Prueba de velocidad plan 10mbps fibra optica,Claro RD,@consejosparahombresymujere4424,"Bro, a cuanto te descarga esos 10MBps? en serio te descarga 10 megas por segundos? o solo a 1 mega por segundo?",2021-01-03T17:59:59Z,1,1,Fibra Óptica e Internet Hogar
UgxmQtzGohQfPOE_UrR4AaABAg,gzn0M7Kzr-M,"Altice Dominicana - ¡Regálale a mamá un Xiaomi Redmi 7A con RD$2,500 de descuento!",Claro RD,@arisleydajimenezsanchez7947,GRANDIOSO CON  ALTICE  DOMICANA   JUNTOS  SIN  CORONAVIRUS,2020-12-22T19:41:02Z,0,0,Experiencia General de Marca
Ugz2hw9CzZKL2VeqdNZ4AaABAg,niYeqdxGxy4,Claro RD Prueba de velocidad plan 10mbps fibra optica,Claro RD,@daimlerjuegos4622,Una pregunta sera que me funciona bien el de 10 mg de claro en una pequeña aldea?,2020-12-04T07:05:19Z,0,0,Fibra Óptica e Internet Hogar
Ugw2yd3GAjQ5sGoCHQx4AaABAg,niYeqdxGxy4,Claro RD Prueba de velocidad plan 10mbps fibra optica,Claro RD,@Ghost_sniper_x,"El final, aquí en Bávaro punta cana la fibra óptica de claro👍",2020-11-16T12:28:25Z,1,7,Fibra Óptica e Internet Hogar
Ugz3jw9JB50afsXl1Px4AaABAg,niYeqdxGxy4,Claro RD Prueba de velocidad plan 10mbps fibra optica,Claro RD,@CarlosGomez-ei2eg,"Estuve pensando contratar 100mbps subida y 50 de bajada, pero al ver tu video creo que ya no lo haré, porque 100mbps  en descargas es = 12 mbps aproximadamente y en subida 50mbps ni se diga. claro es una falsa.",2020-10-09T16:02:58Z,2,7,Fibra Óptica e Internet Hogar
UgzFcAEaWyka1Nz6u7d4AaABAg,niYeqdxGxy4,Claro RD Prueba de velocidad plan 10mbps fibra optica,Claro RD,@solervapershop1588,Hola qué sector eres higuey,2020-10-05T18:53:30Z,0,0,Fibra Óptica e Internet Hogar
UgzKD-IWA_J9ZC2jIdx4AaABAg,niYeqdxGxy4,Claro RD Prueba de velocidad plan 10mbps fibra optica,Claro RD,@chicopow,"Como se comporta estos dias de pandemia? Sigue igual de rapido? Cuanto pagas actulmente si tirnes el mismo plan?, pienso  poner uno de 40mb estoy cansado del freeze y donwgrade de velocidad del altice movil...",2020-09-19T21:50:18Z,2,2,Fibra Óptica e Internet Hogar
Ugyi-47an_moAqqUxHx4AaABAg,niYeqdxGxy4,Claro RD Prueba de velocidad plan 10mbps fibra optica,Claro RD,@angeltorres8836,Acabo de ver ahora mismo en la página de claro el internet de 10mbs esta a 1045 ese tiene fibra optica?,2020-09-09T01:16:51Z,2,0,Fibra Óptica e Internet Hogar
UgzZF3l-ljnrruFnrTh4AaABAg,niYeqdxGxy4,Claro RD Prueba de velocidad plan 10mbps fibra optica,Claro RD,@frannydelacruz3724,HAZ UNA PRUEBA CON FREE FIRE Y DIME AH CUANTO TE VA EL KING PORFA,2020-09-05T17:03:07Z,0,1,Fibra Óptica e Internet Hogar
UgzbbmOTmBCUHbS7aW14AaABAg,QjLuuKrVvjA,claro es una mierda llamada  a  claro mal servicio,Claro RD,@stiven541ts,Hasta ahora sigue siendo un mal servicio,2020-08-30T23:17:14Z,1,0,Atención al Cliente y Soporte
Ugw-0QvC79O_L23gfnd4AaABAg,niYeqdxGxy4,Claro RD Prueba de velocidad plan 10mbps fibra optica,Claro RD,@yefripeguerosantana3988,Eso no es fibra optica,2020-08-19T20:46:36Z,1,0,Fibra Óptica e Internet Hogar
Ugxw4I9Uf2eSMdvrUSZ4AaABAg,niYeqdxGxy4,Claro RD Prueba de velocidad plan 10mbps fibra optica,Claro RD,@joelestrella1526,"Ufff la pena que lo más que ellos me permiten solo son 6 mega ya estoy loco en retiras su pésimo servicio de claro, un desperdicio de dinero para lo malo que es, ya que es muy inestable.",2020-07-02T02:29:21Z,2,5,Fibra Óptica e Internet Hogar
UgylqBvxRlK1J9Yw2jR4AaABAg,niYeqdxGxy4,Claro RD Prueba de velocidad plan 10mbps fibra optica,Claro RD,@JDeyvi12,"Broo son 10Mbps, no 10mb/s. 
10Mbps = 1 MB x Segundo.",2020-06-19T05:19:55Z,4,3,Fibra Óptica e Internet Hogar
UgxY_zq7LBlzjtOHZUd4AaABAg,niYeqdxGxy4,Claro RD Prueba de velocidad plan 10mbps fibra optica,Claro RD,@juliopeguero7897,10 mega en fibra es muy poco tu me habla de 100 MB estamos hablando,2020-06-08T03:30:11Z,3,4,Fibra Óptica e Internet Hogar
UgwcyKfr9u5oACz0VzF4AaABAg,niYeqdxGxy4,Claro RD Prueba de velocidad plan 10mbps fibra optica,Claro RD,@manueltp2592,"Hey a cuantos mb por segundo descargas? Y cuánto pagas por ese servicio? Espero tu respuesta,saludos 🙂",2020-06-04T03:46:54Z,3,24,Fibra Óptica e Internet Hogar
UgwAEhoRj8KJoVB-fL14AaABAg,niYeqdxGxy4,Claro RD Prueba de velocidad plan 10mbps fibra optica,Claro RD,@Usuario23-w2o,Hola que tuviste que pagar para que te la pongan ?,2020-06-03T15:35:44Z,3,14,Fibra Óptica e Internet Hogar
UgxKU6NV7OF6QHrRmFJ4AaABAg,gzn0M7Kzr-M,"Altice Dominicana - ¡Regálale a mamá un Xiaomi Redmi 7A con RD$2,500 de descuento!",Claro RD,@daniamichellencarncionrami3051,El anuncio mas bello del mundo😍,2020-05-30T00:36:03Z,1,0,Experiencia General de Marca
Ugw9KZx6ku_aWJZHj0l4AaABAg,niYeqdxGxy4,Claro RD Prueba de velocidad plan 10mbps fibra optica,Claro RD,@KLIMIXRD,"bueno es lo que hay yo quería 20 tengo una rtx 2070 y ni bien al competitivo e podido jugar espero tener un pin decente con esta vaina, una pregunta.... no hacen una instalación de otra cajeta adicional para recibir la información en luz antes de llegar al router??????  o es solo la caja que te ponen???? por que si no es así eso no es fibra si te meten la caja así sola",2020-05-27T01:46:06Z,4,7,Fibra Óptica e Internet Hogar
Ugy1UeUkwD17WAnmI4V4AaABAg,gzn0M7Kzr-M,"Altice Dominicana - ¡Regálale a mamá un Xiaomi Redmi 7A con RD$2,500 de descuento!",Claro RD,@yhmodzmodz104,Ustedes lo que deberían arreglar esa señal de esa compañía que ese internet del diablo tiene pal de día lentisimo,2020-05-24T15:17:30Z,1,0,Fibra Óptica e Internet Hogar
UgytKRcyIY95C-ATEjh4AaABAg,niYeqdxGxy4,Claro RD Prueba de velocidad plan 10mbps fibra optica,Claro RD,@federicoascolani6457,"10 mb por fibra óptica es un desperdicio de la tecnología ,  mínimo 50 te tendrían que dar y aún es poco.",2020-05-10T22:59:14Z,2,2,Fibra Óptica e Internet Hogar
Ugx2yVymOUgT4ulabSR4AaABAg,niYeqdxGxy4,Claro RD Prueba de velocidad plan 10mbps fibra optica,Claro RD,@sebassCode,Gracias,2020-05-10T15:08:43Z,2,0,Fibra Óptica e Internet Hogar
Ugz1PjL37vAW6dPJ7Dl4AaABAg,EFrP8t9euPY,Claro Queja maltrato de la supervisora.,Claro RD,@enzo6320,Tienes que saber el número del móvil aunque sea,2018-09-18T22:50:51Z,1,0,Atención al Cliente y Soporte
UgxRA-Y-0XOo0QnD1YN4AaABAg,EFrP8t9euPY,Claro Queja maltrato de la supervisora.,Claro RD,@enzo6320,A la próxima si vas a hacer una queja no utilices ese tono de voz todo sumiso! Habla fuerte! Para q te hagas escuchar!,2018-09-18T22:47:45Z,1,0,Atención al Cliente y Soporte
UgyJ93lJVIAdbhYEQWR4AaABAg,EFrP8t9euPY,Claro Queja maltrato de la supervisora.,Claro RD,@enzo6320,Claro es una estafa!!,2018-09-18T22:46:22Z,1,0,Atención al Cliente y Soporte
UgyYJo3N2XyjytK-5vl4AaABAg,EFrP8t9euPY,Claro Queja maltrato de la supervisora.,Claro RD,@kristhianjonathancm5674,Que queja. De una vez reclamo. Por eso no le doy like. Si nunca vas reclamar nunca te haran caso,2018-09-07T03:30:57Z,1,0,Atención al Cliente y Soporte
Ugx-hlClExs0fx8juXB4AaABAg,D5qw3HFi8zg,La empresa con la tarifa de Internet más barata en República Dominicana,Claro RD,@Stevengonzaleztineo799,Sí pero hay que ver la velocidad de mega si vale la pena por qué la compañía de internet de esta país es una porquería por qué te vende un producto y no lo cumple se lo roban.,2018-05-23T03:44:44Z,0,0,Fibra Óptica e Internet Hogar
UgyEDHdD3KwDbEXvC9l4AaABAg,EFrP8t9euPY,Claro Queja maltrato de la supervisora.,Claro RD,@tessysanchez4691,"jajajaja facil y este tipo era un ingreso nuevo de call center que le dan su capa de reclamos y se cree vivaso!!! que monse ! tu reclamo es super infundado, encima nisiquiera sabes el procedimiento correcto, le dices al asesor ""quiero poner una queja""  cuando queja no es lo mismo que reclamo, de verdad que ocioso para ir a perder el tiempo asi. Te la quisiste pegar de tramitador para tener tu descuento y quedaste en ridiculo.",2018-02-28T03:48:51Z,0,0,Atención al Cliente y Soporte
UgwB7wKo2oYoXbQWTPN4AaABAg,D5qw3HFi8zg,La empresa con la tarifa de Internet más barata en República Dominicana,Claro RD,@danieleljefe7287,que caro un mega que solo sirve pa chatear en whassap casi 1000 pesos que lokos yo necesito al menos 10 megas,2018-02-12T16:40:09Z,1,0,Fibra Óptica e Internet Hogar
UgwyDS4xNGi1EDLRyRZ4AaABAg,EFrP8t9euPY,Claro Queja maltrato de la supervisora.,Claro RD,@beatrizsoyadventistadelsed385,Yo fui a claro a Candelaria el plan imedigeron q si al cien quería q darse con emblema sino llamada para candelario loise y me fui del país  confiada q abia qdado canse lado esplan   demore 19 Días cuando polvo yameboy a claro me dijeron q  estaba canse lado des pues me yego un recibo yameboy apreguntar por q sino está utilizando el servicio mediera la solpresa q no estaba canse lado q tenía q pagar así no lo uniera utilizado aora llama Ami hermano y ledise q está por abogado osea q están asiendo surrobo Laval q Tris te con la custodia de este pais,2018-01-16T14:41:20Z,0,0,Atención al Cliente y Soporte
Ugz0EfYYKNQ0_dkZLM14AaABAg,EFrP8t9euPY,Claro Queja maltrato de la supervisora.,Claro RD,@dharo.gabriel,La  .mayoría de clientes son unos animales al reclamar.,2017-10-16T19:46:09Z,0,0,Atención al Cliente y Soporte
Ugi_H9263HJ_83gCoAEC,EFrP8t9euPY,Claro Queja maltrato de la supervisora.,Claro RD,@89henrry,no le explicaron en el contrato cuando fue a trabajar wtf,2017-07-17T22:24:53Z,0,0,Atención al Cliente y Soporte
UgjgT392ydYr9HgCoAEC,EFrP8t9euPY,Claro Queja maltrato de la supervisora.,Claro RD,@edgacacito,"No te explicaron del prorrateo del primer mes, pasaron otros meses y recien reclamas? Porq no reclamaste cuando pagaste el primer recibo? Tu reclamo no tiene fundamento, el titulo debe ser ""Quise reclamar sin datos de mi servicio y me trollearon con justa razon""",2017-07-07T15:35:02Z,1,1,Red Móvil y Cobertura 5G
UgjmbFioHkXIIngCoAEC,EFrP8t9euPY,Claro Queja maltrato de la supervisora.,Claro RD,@jesusfloresramirez6085,"como pretendes hacer un reclamo de una línea que no sabes, si puedes hacer un reclamo como usuario pero mínimo tienes que saber el número. El primer asesor que te atendió no debió darte ningún dato si no sabes ni el número que vas a reclamar.",2017-06-28T02:02:57Z,2,0,Atención al Cliente y Soporte
Ugh4Wzsv2RbCS3gCoAEC,EFrP8t9euPY,Claro Queja maltrato de la supervisora.,Claro RD,@rikimax84,este video tiene mal el audio,2017-03-23T09:18:21Z,0,0,Atención al Cliente y Soporte
Ugg9faYwcJjZIngCoAEC,EFrP8t9euPY,Claro Queja maltrato de la supervisora.,Claro RD,@87juvenal,Eso se llama prorrateo ...pensando ps...!!!,2017-03-17T06:35:32Z,0,0,Atención al Cliente y Soporte
Ugj5rDhzK4Dyx3gCoAEC,EFrP8t9euPY,Claro Queja maltrato de la supervisora.,Claro RD,@carloslino9860,lamentable la ignorancia de muchas personas,2017-03-05T16:04:37Z,2,0,Atención al Cliente y Soporte
UghYb6Az-nfcd3gCoAEC,EFrP8t9euPY,Claro Queja maltrato de la supervisora.,Claro RD,@TEFITS,"antes sacar un numero debes de ssber que son ciclos de facturacion y que solamente los datos se dan a titulares, no tiene fundamento tu reclamo",2017-03-04T03:18:54Z,2,0,Red Móvil y Cobertura 5G
UghCAG2zXgO0_3gCoAEC,EFrP8t9euPY,Claro Queja maltrato de la supervisora.,Claro RD,@alejandrodelacruztito2499,"lo poco que entendí es que reclamas un pago extra en el primer mes, ya el segundo te vino los 89 normal. Eso que pagaste demás se llama prorateo y está en función al día que pagas hasta el inicio de facturación y lo hacen todas las compañías, en el mes próximo siguiente.",2016-04-03T14:03:33Z,7,2,Atención al Cliente y Soporte
Ugikf_c86dCmSngCoAEC,D5qw3HFi8zg,La empresa con la tarifa de Internet más barata en República Dominicana,Claro RD,@refutador007,"hay formas de tener internet gratis, legal y sin robarselo al vecino...",2014-10-05T13:48:20Z,1,0,Fibra Óptica e Internet Hogar
UgytlKePQisQlHAa28p4AaABAg,D5qw3HFi8zg,La empresa con la tarifa de Internet más barata en República Dominicana,Claro RD,@leogym15,auxilio ,2013-10-10T17:23:20Z,0,0,Fibra Óptica e Internet Hogar
UgwAxCdMJ5k9tUchiVx4AaABAg,D5qw3HFi8zg,La empresa con la tarifa de Internet más barata en República Dominicana,Claro RD,@jdvg,4:20,2013-10-10T06:15:35Z,0,0,Fibra Óptica e Internet Hogar
UgyuSlU-jX-4H5_Isvd4AaABAg,D5qw3HFi8zg,La empresa con la tarifa de Internet más barata en República Dominicana,Claro RD,@Estela_E-p5k,aquí todo el mundo hace lo que le viene en g...,2013-10-09T21:36:36Z,1,0,Fibra Óptica e Internet Hogar
